ISO-10303-21;
HEADER;
FILE_DESCRIPTION (( 'STEP AP203' ),
    '1' );
FILE_NAME ('RH0501R650FC02 RESISTOR.STEP',
    '2018-06-16T04:24:53',
    ( '' ),
    ( '' ),
    'SwSTEP 2.0',
    'SolidWorks 2015',
    '' );
FILE_SCHEMA (( 'CONFIG_CONTROL_DESIGN' ));
ENDSEC;

DATA;
#1 = DIRECTION ( 'NONE',  ( 0.0000000000000000000, 1.000000000000000000, 0.0000000000000000000 ) ) ;
#2 = B_SPLINE_CURVE_WITH_KNOTS ( 'NONE', 3,
 ( #3120, #2150, #2799, #1137 ),
 .UNSPECIFIED., .F., .F.,
 ( 4, 4 ),
 ( 0.0000000000000000000, 0.0004025878223409683600 ),
 .UNSPECIFIED. ) ;
#3 = DIRECTION ( 'NONE',  ( -0.0000000000000000000, -0.0000000000000000000, -1.000000000000000000 ) ) ;
#4 = CARTESIAN_POINT ( 'NONE',  ( 14.48000000000000600, 0.0000000000000000000, 14.99999999999999800 ) ) ;
#5 = DIRECTION ( 'NONE',  ( 0.0000000000000000000, 1.000000000000000000, -0.0000000000000000000 ) ) ;
#6 = ORIENTED_EDGE ( 'NONE', *, *, #941, .F. ) ;
#7 = EDGE_CURVE ( 'NONE', #1190, #2842, #1695, .T. ) ;
#8 = ADVANCED_FACE ( 'NONE', ( #2676 ), #2154, .T. ) ;
#9 = VERTEX_POINT ( 'NONE', #3774 ) ;
#10 = EDGE_CURVE ( 'NONE', #3434, #3556, #1375, .T. ) ;
#11 = ORIENTED_EDGE ( 'NONE', *, *, #2573, .F. ) ;
#12 = VECTOR ( 'NONE', #2080, 1000.000000000000000 ) ;
#13 = CARTESIAN_POINT ( 'NONE',  ( 0.0000000000000000000, 6.599999999999999600, -24.69999999999999900 ) ) ;
#14 = CARTESIAN_POINT ( 'NONE',  ( 0.1518316247558205700, 7.349999926518258100, 31.81999990092443300 ) ) ;
#15 = EDGE_CURVE ( 'NONE', #167, #2802, #1121, .T. ) ;
#16 = AXIS2_PLACEMENT_3D ( 'NONE', #3068, #4016, #1102 ) ;
#17 = ORIENTED_EDGE ( 'NONE', *, *, #2874, .F. ) ;
#18 = DIRECTION ( 'NONE',  ( -0.9713211673318441500, -0.2377712974543051100, 0.0000000000000000000 ) ) ;
#19 = FACE_OUTER_BOUND ( 'NONE', #3132, .T. ) ;
#20 = ORIENTED_EDGE ( 'NONE', *, *, #2826, .T. ) ;
#21 = DIRECTION ( 'NONE',  ( -1.000000000000000000, -0.0000000000000000000, -0.0000000000000000000 ) ) ;
#22 = EDGE_LOOP ( 'NONE', ( #3788, #418, #1283, #221 ) ) ;
#23 = CIRCLE ( 'NONE', #1177, 0.7500000000000000000 ) ;
#24 = DIRECTION ( 'NONE',  ( 0.0000000000000000000, 0.0000000000000000000, -1.000000000000000000 ) ) ;
#25 = ADVANCED_FACE ( 'NONE', ( #1324 ), #3731, .T. ) ;
#26 = EDGE_CURVE ( 'NONE', #167, #3307, #3215, .T. ) ;
#27 = ORIENTED_EDGE ( 'NONE', *, *, #1383, .F. ) ;
#28 = ORIENTED_EDGE ( 'NONE', *, *, #3748, .T. ) ;
#29 = CARTESIAN_POINT ( 'NONE',  ( 0.4999999999999998900, 7.159016994374948000, -31.61999999999999400 ) ) ;
#31 = CARTESIAN_POINT ( 'NONE',  ( -0.1518316247562482000, 7.349999926517306800, 31.81999990092315000 ) ) ;
#30 = CIRCLE ( 'NONE', #2784, 0.1999999999999987900 ) ;
#32 = EDGE_LOOP ( 'NONE', ( #4128, #3201, #2759, #2658 ) ) ;
#33 = AXIS2_PLACEMENT_3D ( 'NONE', #1436, #1422, #1078 ) ;
#34 = VECTOR ( 'NONE', #3744, 1000.000000000000000 ) ;
#35 = DIRECTION ( 'NONE',  ( -0.0000000000000000000, 0.1254381138893856100, 0.9921014462159973800 ) ) ;
#36 = LINE ( 'NONE', #1701, #1315 ) ;
#37 = CARTESIAN_POINT ( 'NONE',  ( -14.48000000000000000, 2.240000000000000200, 25.00000000000000000 ) ) ;
#38 = ORIENTED_EDGE ( 'NONE', *, *, #2755, .F. ) ;
#39 = CARTESIAN_POINT ( 'NONE',  ( 0.0000000000000000000, 6.599999999999999600, 31.82000000000000000 ) ) ;
#40 = VECTOR ( 'NONE', #539, 1000.000000000000000 ) ;
#41 = AXIS2_PLACEMENT_3D ( 'NONE', #2706, #987, #3274 ) ;
#42 = EDGE_CURVE ( 'NONE', #3377, #2219, #2877, .T. ) ;
#43 = CARTESIAN_POINT ( 'NONE',  ( 5.789573317131256200, 13.87480062250881500, -25.00000000000000000 ) ) ;
#44 = EDGE_LOOP ( 'NONE', ( #3665, #2527, #1808 ) ) ;
#45 = AXIS2_PLACEMENT_3D ( 'NONE', #985, #1647, #344 ) ;
#46 = ORIENTED_EDGE ( 'NONE', *, *, #62, .F. ) ;
#47 = DIRECTION ( 'NONE',  ( 0.0000000000000000000, 0.0000000000000000000, 1.000000000000000000 ) ) ;
#48 = PLANE ( 'NONE',  #1361 ) ;
#49 = CARTESIAN_POINT ( 'NONE',  ( -6.911958682988797300, 0.0000000000000000000, 25.00000000000000000 ) ) ;
#50 = ADVANCED_FACE ( 'NONE', ( #1482 ), #1250, .F. ) ;
#51 = VERTEX_POINT ( 'NONE', #3496 ) ;
#52 = CARTESIAN_POINT ( 'NONE',  ( 14.48000000000000000, 0.0000000000000000000, -25.00000000000000000 ) ) ;
#53 = EDGE_LOOP ( 'NONE', ( #719, #1521, #1721, #1087 ) ) ;
#54 = ORIENTED_EDGE ( 'NONE', *, *, #869, .F. ) ;
#55 = CARTESIAN_POINT ( 'NONE',  ( -0.2450224385935427800, 7.412301996524669300, 31.90791114850140200 ) ) ;
#56 = DIRECTION ( 'NONE',  ( 0.0000000000000000000, -1.000000000000000000, 0.0000000000000000000 ) ) ;
#57 = ORIENTED_EDGE ( 'NONE', *, *, #1193, .T. ) ;
#58 = AXIS2_PLACEMENT_3D ( 'NONE', #403, #3002, #718 ) ;
#59 = CARTESIAN_POINT ( 'NONE',  ( -0.5000000000000000000, 5.983717533015084000, -31.82000000000000000 ) ) ;
#60 = LINE ( 'NONE', #1229, #3594 ) ;
#61 = CARTESIAN_POINT ( 'NONE',  ( 0.5000000000000000000, 5.880381099911422100, 31.82000000000000000 ) ) ;
#62 = EDGE_CURVE ( 'NONE', #617, #2439, #4037, .T. ) ;
#63 = TOROIDAL_SURFACE ( 'NONE', #1299, 4.450000000000000200, 0.2000000000000000100 ) ;
#64 = CARTESIAN_POINT ( 'NONE',  ( -0.1342982894219095500, 7.368976009361343700, -31.84574887064757600 ) ) ;
#65 = ORIENTED_EDGE ( 'NONE', *, *, #3003, .F. ) ;
#66 = CARTESIAN_POINT ( 'NONE',  ( 8.691243068228063300, 5.644551875750796200, 25.00000000000000000 ) ) ;
#67 = ADVANCED_FACE ( 'NONE', ( #2004 ), #1200, .T. ) ;
#68 = LINE ( 'NONE', #1280, #4059 ) ;
#69 = ORIENTED_EDGE ( 'NONE', *, *, #3271, .F. ) ;
#70 = DIRECTION ( 'NONE',  ( 1.000000000000000000, 0.0000000000000000000, -0.0000000000000000000 ) ) ;
#71 = ADVANCED_FACE ( 'NONE', ( #1170 ), #3198, .T. ) ;
#72 = EDGE_CURVE ( 'NONE', #1190, #1065, #480, .T. ) ;
#73 = CIRCLE ( 'NONE', #3137, 0.1999999999999987900 ) ;
#74 = VECTOR ( 'NONE', #1646, 1000.000000000000100 ) ;
#75 = ORIENTED_EDGE ( 'NONE', *, *, #1416, .F. ) ;
#76 = ORIENTED_EDGE ( 'NONE', *, *, #605, .F. ) ;
#77 = VECTOR ( 'NONE', #528, 1000.000000000000100 ) ;
#78 = DIRECTION ( 'NONE',  ( 0.0000000000000000000, 0.0000000000000000000, 1.000000000000000000 ) ) ;
#79 = EDGE_LOOP ( 'NONE', ( #282, #3822, #2343, #1959, #144, #3704, #512 ) ) ;
#80 = VECTOR ( 'NONE', #829, 1000.000000000000000 ) ;
#81 = VERTEX_POINT ( 'NONE', #1545 ) ;
#82 = EDGE_CURVE ( 'NONE', #3272, #547, #269, .T. ) ;
#83 = VECTOR ( 'NONE', #1952, 1000.000000000000000 ) ;
#84 = CIRCLE ( 'NONE', #2358, 0.5500000000000000400 ) ;
#85 = EDGE_CURVE ( 'NONE', #801, #4124, #1901, .T. ) ;
#86 = FACE_OUTER_BOUND ( 'NONE', #44, .T. ) ;
#87 = DIRECTION ( 'NONE',  ( 0.0000000000000000000, 0.0000000000000000000, -1.000000000000000000 ) ) ;
#88 = DIRECTION ( 'NONE',  ( -0.3843557409341166700, -0.9231850650931189300, 0.0000000000000000000 ) ) ;
#89 = ADVANCED_FACE ( 'NONE', ( #86 ), #1744, .T. ) ;
#90 = AXIS2_PLACEMENT_3D ( 'NONE', #1479, #2766, #2102 ) ;
#91 = DIRECTION ( 'NONE',  ( 1.000000000000000000, 0.0000000000000000000, 0.0000000000000000000 ) ) ;
#92 = EDGE_CURVE ( 'NONE', #2688, #1795, #1586, .T. ) ;
#93 = CARTESIAN_POINT ( 'NONE',  ( -6.000000000000001800, 15.49000000000000000, 25.00000000000000000 ) ) ;
#94 = ORIENTED_EDGE ( 'NONE', *, *, #2208, .F. ) ;
#95 = EDGE_LOOP ( 'NONE', ( #1343, #3438, #165, #3925 ) ) ;
#96 = CARTESIAN_POINT ( 'NONE',  ( -4.800000000000001600, 6.600000000000000500, 24.50000000000000000 ) ) ;
#97 = ORIENTED_EDGE ( 'NONE', *, *, #2540, .T. ) ;
#98 = EDGE_CURVE ( 'NONE', #3769, #711, #2310, .T. ) ;
#99 = VERTEX_POINT ( 'NONE', #1239 ) ;
#100 = DIRECTION ( 'NONE',  ( 0.0000000000000000000, 0.0000000000000000000, 1.000000000000000000 ) ) ;
#101 = ADVANCED_FACE ( 'NONE', ( #4190 ), #3937, .T. ) ;
#102 = AXIS2_PLACEMENT_3D ( 'NONE', #2549, #3601, #1046 ) ;
#103 = DIRECTION ( 'NONE',  ( -0.0000000000000000000, 1.000000000000000000, -0.0000000000000000000 ) ) ;
#104 = ADVANCED_FACE ( 'NONE', ( #2103 ), #821, .F. ) ;
#105 = LINE ( 'NONE', #1058, #1665 ) ;
#106 = AXIS2_PLACEMENT_3D ( 'NONE', #3590, #1256, #3247 ) ;
#107 = DIRECTION ( 'NONE',  ( 0.0000000000000000000, 0.0000000000000000000, 1.000000000000000000 ) ) ;
#108 = CARTESIAN_POINT ( 'NONE',  ( 6.982355285352881000, 6.592120282318093800, 25.00000000000000000 ) ) ;
#109 = CARTESIAN_POINT ( 'NONE',  ( -4.050000000000000700, 6.599999999999999600, -25.00000000000000000 ) ) ;
#110 = EDGE_CURVE ( 'NONE', #3703, #303, #1267, .T. ) ;
#111 = LINE ( 'NONE', #2484, #454 ) ;
#112 = VERTEX_POINT ( 'NONE', #1619 ) ;
#113 = VECTOR ( 'NONE', #1606, 1000.000000000000000 ) ;
#114 = DIRECTION ( 'NONE',  ( -1.000000000000000000, 0.0000000000000000000, 0.0000000000000000000 ) ) ;
#115 = ORIENTED_EDGE ( 'NONE', *, *, #548, .T. ) ;
#117 = CARTESIAN_POINT ( 'NONE',  ( -0.5000000000000000000, 5.880381099911422100, 31.82000000000000000 ) ) ;
#116 = VECTOR ( 'NONE', #1326, 1000.000000000000100 ) ;
#118 = AXIS2_PLACEMENT_3D ( 'NONE', #2642, #671, #3596 ) ;
#119 = ORIENTED_EDGE ( 'NONE', *, *, #594, .F. ) ;
#120 = ORIENTED_EDGE ( 'NONE', *, *, #2437, .T. ) ;
#121 = VECTOR ( 'NONE', #4189, 1000.000000000000100 ) ;
#122 = ADVANCED_FACE ( 'NONE', ( #3024 ), #3321, .F. ) ;
#123 = CARTESIAN_POINT ( 'NONE',  ( 5.999999999999998200, 15.49000000000000000, -25.00000000000000000 ) ) ;
#124 = DIRECTION ( 'NONE',  ( 1.000000000000000000, 0.0000000000000000000, 0.0000000000000000000 ) ) ;
#125 = VECTOR ( 'NONE', #3232, 1000.000000000000000 ) ;
#126 = ADVANCED_FACE ( 'NONE', ( #321 ), #635, .F. ) ;
#127 = FACE_OUTER_BOUND ( 'NONE', #1273, .T. ) ;
#128 = ORIENTED_EDGE ( 'NONE', *, *, #1747, .T. ) ;
#129 = DIRECTION ( 'NONE',  ( -0.0000000000000000000, -0.0000000000000000000, -1.000000000000000000 ) ) ;
#130 = ORIENTED_EDGE ( 'NONE', *, *, #1724, .F. ) ;
#131 = CIRCLE ( 'NONE', #723, 4.450000000000000200 ) ;
#132 = ORIENTED_EDGE ( 'NONE', *, *, #2465, .T. ) ;
#133 = DIRECTION ( 'NONE',  ( -0.0000000000000000000, -0.0000000000000000000, -1.000000000000000000 ) ) ;
#134 = EDGE_CURVE ( 'NONE', #1783, #4083, #2052, .T. ) ;
#135 = ORIENTED_EDGE ( 'NONE', *, *, #3531, .T. ) ;
#136 = CARTESIAN_POINT ( 'NONE',  ( -8.841416062994849100, 7.931731481647180000, 25.00000000000000000 ) ) ;
#137 = CARTESIAN_POINT ( 'NONE',  ( 0.2455572815889295600, 7.412302065558555400, -31.90791125051582700 ) ) ;
#138 = DIRECTION ( 'NONE',  ( -1.000000000000000000, -0.0000000000000000000, -0.0000000000000000000 ) ) ;
#139 = ADVANCED_FACE ( 'NONE', ( #3776 ), #3284, .T. ) ;
#140 = EDGE_CURVE ( 'NONE', #3587, #1210, #3419, .T. ) ;
#141 = ORIENTED_EDGE ( 'NONE', *, *, #280, .T. ) ;
#142 = AXIS2_PLACEMENT_3D ( 'NONE', #2762, #2440, #450 ) ;
#143 = CARTESIAN_POINT ( 'NONE',  ( 0.0000000000000000000, 6.599999999999999600, 31.82000000000000000 ) ) ;
#144 = ORIENTED_EDGE ( 'NONE', *, *, #298, .T. ) ;
#145 = DIRECTION ( 'NONE',  ( 0.0000000000000000000, 0.0000000000000000000, -1.000000000000000000 ) ) ;
#146 = ORIENTED_EDGE ( 'NONE', *, *, #3858, .T. ) ;
#147 = ORIENTED_EDGE ( 'NONE', *, *, #1719, .T. ) ;
#148 = CARTESIAN_POINT ( 'NONE',  ( 0.0000000000000000000, 6.599999999999999600, -31.82000000000000000 ) ) ;
#149 = DIRECTION ( 'NONE',  ( -1.000000000000000000, -0.0000000000000000000, 0.0000000000000000000 ) ) ;
#150 = ORIENTED_EDGE ( 'NONE', *, *, #3090, .F. ) ;
#151 = FACE_OUTER_BOUND ( 'NONE', #354, .T. ) ;
#152 = EDGE_CURVE ( 'NONE', #3301, #468, #1636, .T. ) ;
#153 = CARTESIAN_POINT ( 'NONE',  ( -0.5000000000000000000, 7.100607794934891400, 31.74768527678307400 ) ) ;
#154 = FACE_OUTER_BOUND ( 'NONE', #1937, .T. ) ;
#155 = ORIENTED_EDGE ( 'NONE', *, *, #1747, .F. ) ;
#156 = CARTESIAN_POINT ( 'NONE',  ( 0.4999999999999998900, 7.159016994374948000, 31.62000000000000100 ) ) ;
#157 = LINE ( 'NONE', #3544, #849 ) ;
#158 = ORIENTED_EDGE ( 'NONE', *, *, #1963, .F. ) ;
#159 = AXIS2_PLACEMENT_3D ( 'NONE', #2470, #3078, #836 ) ;
#160 = CARTESIAN_POINT ( 'NONE',  ( 0.0000000000000000000, 7.349999999999999600, 31.82000000000000000 ) ) ;
#161 = PLANE ( 'NONE',  #33 ) ;
#162 = DIRECTION ( 'NONE',  ( -0.0000000000000000000, 0.0000000000000000000, -1.000000000000000000 ) ) ;
#163 = LINE ( 'NONE', #3403, #1001 ) ;
#164 = CIRCLE ( 'NONE', #4187, 0.7500000000000000000 ) ;
#165 = ORIENTED_EDGE ( 'NONE', *, *, #3212, .T. ) ;
#166 = CARTESIAN_POINT ( 'NONE',  ( -0.5000000000000000000, 7.145506659314902400, 31.69095996052826400 ) ) ;
#167 = VERTEX_POINT ( 'NONE', #2916 ) ;
#168 = VECTOR ( 'NONE', #2914, 1000.000000000000000 ) ;
#169 = ORIENTED_EDGE ( 'NONE', *, *, #2540, .F. ) ;
#170 = ORIENTED_EDGE ( 'NONE', *, *, #152, .T. ) ;
#171 = ORIENTED_EDGE ( 'NONE', *, *, #2168, .T. ) ;
#172 = DIRECTION ( 'NONE',  ( 0.0000000000000000000, 0.0000000000000000000, 1.000000000000000000 ) ) ;
#173 = DIRECTION ( 'NONE',  ( 0.0000000000000000000, 0.0000000000000000000, 1.000000000000000000 ) ) ;
#174 = LINE ( 'NONE', #52, #2454 ) ;
#175 = ORIENTED_EDGE ( 'NONE', *, *, #2426, .F. ) ;
#176 = VECTOR ( 'NONE', #761, 1000.000000000000100 ) ;
#177 = CARTESIAN_POINT ( 'NONE',  ( -0.5000000000000000000, 8.115190549955711300, 35.32000000000000700 ) ) ;
#178 = DIRECTION ( 'NONE',  ( 0.0000000000000000000, 0.0000000000000000000, 1.000000000000000000 ) ) ;
#179 = LINE ( 'NONE', #3382, #3834 ) ;
#180 = EDGE_CURVE ( 'NONE', #3724, #2812, #2457, .T. ) ;
#181 = ORIENTED_EDGE ( 'NONE', *, *, #2582, .F. ) ;
#182 = DIRECTION ( 'NONE',  ( 0.0000000000000000000, 0.0000000000000000000, -1.000000000000000000 ) ) ;
#183 = DIRECTION ( 'NONE',  ( 0.0000000000000000000, 0.0000000000000000000, 1.000000000000000000 ) ) ;
#184 = DIRECTION ( 'NONE',  ( 1.000000000000000000, 0.0000000000000000000, -0.0000000000000000000 ) ) ;
#185 = DIRECTION ( 'NONE',  ( 1.000000000000000000, 0.0000000000000000000, 0.0000000000000000000 ) ) ;
#186 = EDGE_CURVE ( 'NONE', #3598, #1233, #2351, .T. ) ;
#187 = DIRECTION ( 'NONE',  ( -0.9806754477570346400, 0.1956416779894807900, 0.0000000000000000000 ) ) ;
#188 = AXIS2_PLACEMENT_3D ( 'NONE', #2037, #2995, #800 ) ;
#189 = DIRECTION ( 'NONE',  ( 0.0000000000000000000, 0.0000000000000000000, 1.000000000000000000 ) ) ;
#190 = ORIENTED_EDGE ( 'NONE', *, *, #2926, .F. ) ;
#191 = ORIENTED_EDGE ( 'NONE', *, *, #2605, .T. ) ;
#192 = EDGE_CURVE ( 'NONE', #4074, #1454, #2202, .T. ) ;
#193 = ORIENTED_EDGE ( 'NONE', *, *, #1289, .F. ) ;
#194 = ORIENTED_EDGE ( 'NONE', *, *, #563, .F. ) ;
#195 = CARTESIAN_POINT ( 'NONE',  ( 5.200000000000001100, 6.599999999999998800, -24.80000000000000400 ) ) ;
#196 = DIRECTION ( 'NONE',  ( -0.2636502354449246600, 0.9646183459533805800, 0.0000000000000000000 ) ) ;
#197 = LINE ( 'NONE', #1181, #1767 ) ;
#198 = CARTESIAN_POINT ( 'NONE',  ( 14.48000000000000000, 2.240000000000000200, 25.00000000000000000 ) ) ;
#199 = EDGE_CURVE ( 'NONE', #3728, #2607, #2975, .T. ) ;
#200 = FACE_OUTER_BOUND ( 'NONE', #980, .T. ) ;
#201 = VERTEX_POINT ( 'NONE', #1722 ) ;
#202 = EDGE_CURVE ( 'NONE', #505, #559, #1895, .T. ) ;
#203 = FACE_OUTER_BOUND ( 'NONE', #1839, .T. ) ;
#204 = ORIENTED_EDGE ( 'NONE', *, *, #2252, .T. ) ;
#205 = DIRECTION ( 'NONE',  ( 0.0000000000000000000, 1.000000000000000000, 0.0000000000000000000 ) ) ;
#206 = DIRECTION ( 'NONE',  ( 0.0000000000000000000, 0.0000000000000000000, -1.000000000000000000 ) ) ;
#207 = VERTEX_POINT ( 'NONE', #943 ) ;
#208 = VECTOR ( 'NONE', #918, 1000.000000000000000 ) ;
#209 = ORIENTED_EDGE ( 'NONE', *, *, #2472, .T. ) ;
#210 = PERSON_AND_ORGANIZATION_ROLE ( 'design_owner' ) ;
#211 = CARTESIAN_POINT ( 'NONE',  ( 0.5000000000000000000, 5.983717533015084000, 32.02000000000000300 ) ) ;
#212 = EDGE_LOOP ( 'NONE', ( #3005, #2603 ) ) ;
#213 = VERTEX_POINT ( 'NONE', #1327 ) ;
#214 = VECTOR ( 'NONE', #2468, 1000.000000000000100 ) ;
#215 = DIRECTION ( 'NONE',  ( -0.9265705155271527500, 0.3761210971957650300, -0.0000000000000000000 ) ) ;
#216 = EDGE_CURVE ( 'NONE', #2616, #2460, #2872, .T. ) ;
#217 = LINE ( 'NONE', #2591, #665 ) ;
#218 = VECTOR ( 'NONE', #2594, 1000.000000000000000 ) ;
#219 = LINE ( 'NONE', #1820, #40 ) ;
#220 = DIRECTION ( 'NONE',  ( 1.000000000000000000, 0.0000000000000000000, 0.0000000000000000000 ) ) ;
#221 = ORIENTED_EDGE ( 'NONE', *, *, #2926, .T. ) ;
#222 = EDGE_CURVE ( 'NONE', #2342, #201, #1117, .T. ) ;
#223 = ORIENTED_EDGE ( 'NONE', *, *, #3293, .T. ) ;
#224 = CARTESIAN_POINT ( 'NONE',  ( 10.72000000000000400, 0.0000000000000000000, 19.99999999999999600 ) ) ;
#225 = APPROVAL ( #596, 'UNSPECIFIED' ) ;
#226 = DIRECTION ( 'NONE',  ( 0.0000000000000000000, 0.0000000000000000000, 1.000000000000000000 ) ) ;
#227 = CARTESIAN_POINT ( 'NONE',  ( 6.982355285352881000, 7.157736418631229100, -25.00000000000000000 ) ) ;
#228 = AXIS2_PLACEMENT_3D ( 'NONE', #2140, #3424, #807 ) ;
#229 = ORIENTED_EDGE ( 'NONE', *, *, #1496, .T. ) ;
#230 = EDGE_CURVE ( 'NONE', #755, #1061, #3517, .T. ) ;
#231 = CARTESIAN_POINT ( 'NONE',  ( 0.1518316247562168400, 7.349999926517306800, -31.81999990092315000 ) ) ;
#232 = ORIENTED_EDGE ( 'NONE', *, *, #729, .F. ) ;
#233 = AXIS2_PLACEMENT_3D ( 'NONE', #1182, #1879, #1171 ) ;
#234 = ORIENTED_EDGE ( 'NONE', *, *, #26, .F. ) ;
#235 = DIRECTION ( 'NONE',  ( 1.000000000000000000, 0.0000000000000000000, 0.0000000000000000000 ) ) ;
#236 = ORIENTED_EDGE ( 'NONE', *, *, #605, .T. ) ;
#237 = VECTOR ( 'NONE', #1248, 1000.000000000000000 ) ;
#238 = CARTESIAN_POINT ( 'NONE',  ( 8.691243068228063300, 6.541951982200360200, -25.00000000000000000 ) ) ;
#239 = DIRECTION ( 'NONE',  ( -0.0000000000000000000, 0.0000000000000000000, -1.000000000000000000 ) ) ;
#240 = DIRECTION ( 'NONE',  ( 1.000000000000000000, 0.0000000000000000000, 0.0000000000000000000 ) ) ;
#241 = LINE ( 'NONE', #1604, #1508 ) ;
#242 = VERTEX_POINT ( 'NONE', #3971 ) ;
#243 = DIRECTION ( 'NONE',  ( -1.000000000000000000, -0.0000000000000000000, -0.0000000000000000000 ) ) ;
#244 = DIRECTION ( 'NONE',  ( 0.0000000000000000000, -1.000000000000000000, 0.0000000000000000000 ) ) ;
#245 = LINE ( 'NONE', #1254, #113 ) ;
#246 = EDGE_LOOP ( 'NONE', ( #477, #972, #1304, #1597 ) ) ;
#247 = DIRECTION ( 'NONE',  ( -1.000000000000000000, 0.0000000000000000000, 0.0000000000000000000 ) ) ;
#248 = PLANE ( 'NONE',  #3386 ) ;
#249 = LINE ( 'NONE', #4100, #3605 ) ;
#250 = CIRCLE ( 'NONE', #611, 0.7500000000000000000 ) ;
#251 = AXIS2_PLACEMENT_3D ( 'NONE', #2225, #279, #1596 ) ;
#252 = EDGE_CURVE ( 'NONE', #3747, #4071, #263, .T. ) ;
#253 = VERTEX_POINT ( 'NONE', #2721 ) ;
#254 = VERTEX_POINT ( 'NONE', #1042 ) ;
#255 = CIRCLE ( 'NONE', #2169, 5.000000000000000900 ) ;
#256 = EDGE_LOOP ( 'NONE', ( #1393, #1852, #2188, #2857, #2677, #2668, #1147, #155, #2614, #1049, #2377 ) ) ;
#257 = VECTOR ( 'NONE', #1626, 1000.000000000000000 ) ;
#258 = CARTESIAN_POINT ( 'NONE',  ( -10.72000000000000200, 0.0000000000000000000, -18.07999999999999500 ) ) ;
#259 = PERSON_AND_ORGANIZATION_ROLE ( 'creator' ) ;
#261 = CARTESIAN_POINT ( 'NONE',  ( 0.2745338918173727500, 7.372592513026817500, -31.84923074091371800 ) ) ;
#260 = LINE ( 'NONE', #2713, #3264 ) ;
#262 = CARTESIAN_POINT ( 'NONE',  ( 0.5000000000000000000, 6.129400267272923300, 31.76874606693645800 ) ) ;
#263 = LINE ( 'NONE', #1707, #1319 ) ;
#264 = DIRECTION ( 'NONE',  ( 0.0000000000000000000, 0.0000000000000000000, 1.000000000000000000 ) ) ;
#265 = EDGE_CURVE ( 'NONE', #1108, #3532, #3470, .T. ) ;
#266 = FACE_OUTER_BOUND ( 'NONE', #2017, .T. ) ;
#267 = CARTESIAN_POINT ( 'NONE',  ( 8.841416062994845500, 7.931731481647181800, -25.00000000000000000 ) ) ;
#268 = ORIENTED_EDGE ( 'NONE', *, *, #3340, .T. ) ;
#269 = LINE ( 'NONE', #3817, #2777 ) ;
#270 = ORIENTED_EDGE ( 'NONE', *, *, #252, .F. ) ;
#271 = DIRECTION ( 'NONE',  ( 0.0000000000000000000, 0.0000000000000000000, 1.000000000000000000 ) ) ;
#272 = CARTESIAN_POINT ( 'NONE',  ( 0.3799029234522414100, 7.246663566910911800, -32.02000000001581300 ) ) ;
#273 = PERSON_AND_ORGANIZATION_ROLE ( 'classification_officer' ) ;
#274 = DIRECTION ( 'NONE',  ( 1.000000000000000000, 0.0000000000000000000, 0.0000000000000000000 ) ) ;
#275 = CARTESIAN_POINT ( 'NONE',  ( -0.5000000000000000000, 6.226747326885574200, 31.81374846396890600 ) ) ;
#276 = EDGE_CURVE ( 'NONE', #1163, #2450, #2618, .T. ) ;
#277 = CARTESIAN_POINT ( 'NONE',  ( -8.530284146270677300, 3.844972318509915200, 25.00000000000000000 ) ) ;
#278 = ADVANCED_FACE ( 'NONE', ( #3929 ), #3573, .T. ) ;
#279 = DIRECTION ( 'NONE',  ( -0.0000000000000000000, -0.0000000000000000000, -1.000000000000000000 ) ) ;
#280 = EDGE_CURVE ( 'NONE', #3556, #623, #1849, .T. ) ;
#281 = ORIENTED_EDGE ( 'NONE', *, *, #4019, .F. ) ;
#282 = ORIENTED_EDGE ( 'NONE', *, *, #7, .F. ) ;
#283 = DIRECTION ( 'NONE',  ( 1.000000000000000000, 0.0000000000000000000, -0.0000000000000000000 ) ) ;
#284 = DIRECTION ( 'NONE',  ( 1.000000000000000000, 0.0000000000000000000, 0.0000000000000000000 ) ) ;
#285 = AXIS2_PLACEMENT_3D ( 'NONE', #2395, #1752, #3429 ) ;
#286 = ORIENTED_EDGE ( 'NONE', *, *, #2158, .T. ) ;
#287 = ORIENTED_EDGE ( 'NONE', *, *, #82, .F. ) ;
#288 = DIRECTION ( 'NONE',  ( 0.0000000000000000000, 1.000000000000000000, 0.0000000000000000000 ) ) ;
#289 = CARTESIAN_POINT ( 'NONE',  ( 2.296212748401288700E-017, 7.349999999999998800, 31.82000000000000000 ) ) ;
#290 = EDGE_CURVE ( 'NONE', #2078, #658, #1017, .T. ) ;
#291 = AXIS2_PLACEMENT_3D ( 'NONE', #518, #3481, #1140 ) ;
#292 = DIRECTION ( 'NONE',  ( 1.224646799147353200E-016, 1.000000000000000000, -0.0000000000000000000 ) ) ;
#293 = FACE_OUTER_BOUND ( 'NONE', #2868, .T. ) ;
#294 = VECTOR ( 'NONE', #2940, 1000.000000000000000 ) ;
#295 = VERTEX_POINT ( 'NONE', #3317 ) ;
#296 = CARTESIAN_POINT ( 'NONE',  ( 0.5000000000000000000, 5.818079034352868100, 31.90791125051582000 ) ) ;
#297 = ADVANCED_FACE ( 'NONE', ( #1532 ), #1070, .T. ) ;
#298 = EDGE_CURVE ( 'NONE', #2428, #369, #3831, .T. ) ;
#299 = LINE ( 'NONE', #2693, #3102 ) ;
#300 = DIRECTION ( 'NONE',  ( -0.0000000000000000000, -0.0000000000000000000, -1.000000000000000000 ) ) ;
#301 = CARTESIAN_POINT ( 'NONE',  ( -14.48000000000000000, 0.0000000000000000000, -25.00000000000000000 ) ) ;
#302 = CARTESIAN_POINT ( 'NONE',  ( 0.2804976856098148600, 7.305062431055949500, 31.82000000000000000 ) ) ;
#303 = VERTEX_POINT ( 'NONE', #3676 ) ;
#304 = FACE_OUTER_BOUND ( 'NONE', #3816, .T. ) ;
#305 = DIRECTION ( 'NONE',  ( 0.0000000000000000000, 0.0000000000000000000, 1.000000000000000000 ) ) ;
#306 = DIRECTION ( 'NONE',  ( -1.000000000000000000, 0.0000000000000000000, 0.0000000000000000000 ) ) ;
#307 = CARTESIAN_POINT ( 'NONE',  ( -7.342426627394416100, 4.327157177433245600, 25.00000000000000000 ) ) ;
#308 = VERTEX_POINT ( 'NONE', #3008 ) ;
#309 = ORIENTED_EDGE ( 'NONE', *, *, #710, .F. ) ;
#310 = FACE_OUTER_BOUND ( 'NONE', #3360, .T. ) ;
#311 = AXIS2_PLACEMENT_3D ( 'NONE', #2424, #2244, #2583 ) ;
#312 = ORIENTED_EDGE ( 'NONE', *, *, #2208, .T. ) ;
#313 = VERTEX_POINT ( 'NONE', #2662 ) ;
#314 = EDGE_CURVE ( 'NONE', #3207, #1788, #2099, .T. ) ;
#315 = ORIENTED_EDGE ( 'NONE', *, *, #2022, .F. ) ;
#316 = FACE_OUTER_BOUND ( 'NONE', #1005, .T. ) ;
#317 = DIRECTION ( 'NONE',  ( 1.000000000000000000, 0.0000000000000000000, 0.0000000000000000000 ) ) ;
#318 = FACE_OUTER_BOUND ( 'NONE', #812, .T. ) ;
#319 = EDGE_LOOP ( 'NONE', ( #3410, #1694, #312, #76 ) ) ;
#320 = DIRECTION ( 'NONE',  ( 0.0000000000000000000, 0.0000000000000000000, 1.000000000000000000 ) ) ;
#321 = FACE_OUTER_BOUND ( 'NONE', #2546, .T. ) ;
#322 = DIRECTION ( 'NONE',  ( -1.000000000000000000, 0.0000000000000000000, 0.0000000000000000000 ) ) ;
#323 = DIRECTION ( 'NONE',  ( 0.0000000000000000000, -0.9921014462159973800, -0.1254381138893856100 ) ) ;
#324 = ORIENTED_EDGE ( 'NONE', *, *, #487, .T. ) ;
#325 = DIRECTION ( 'NONE',  ( 0.0000000000000000000, 0.0000000000000000000, 1.000000000000000000 ) ) ;
#326 = AXIS2_PLACEMENT_3D ( 'NONE', #2336, #2678, #1339 ) ;
#327 = CARTESIAN_POINT ( 'NONE',  ( -0.1175323581485481600, 7.387899867423175900, 31.87110045953329200 ) ) ;
#328 = ADVANCED_FACE ( 'NONE', ( #1222 ), #2379, .F. ) ;
#329 = VERTEX_POINT ( 'NONE', #1663 ) ;
#330 = DIRECTION ( 'NONE',  ( 0.0000000000000000000, 0.0000000000000000000, 1.000000000000000000 ) ) ;
#331 = CARTESIAN_POINT ( 'NONE',  ( 0.5000000000000000000, 5.409504101059961400, -32.99224736853910400 ) ) ;
#332 = CARTESIAN_POINT ( 'NONE',  ( -0.3799029234522410800, 7.412302065558554500, 31.90791125051582700 ) ) ;
#333 = ORIENTED_EDGE ( 'NONE', *, *, #1553, .F. ) ;
#334 = DIRECTION ( 'NONE',  ( 1.000000000000000000, -0.0000000000000000000, -0.0000000000000000000 ) ) ;
#335 = CARTESIAN_POINT ( 'NONE',  ( -6.000000000000001800, 15.49000000000000000, -25.00000000000000000 ) ) ;
#336 = ORIENTED_EDGE ( 'NONE', *, *, #1027, .T. ) ;
#337 = CARTESIAN_POINT ( 'NONE',  ( 0.0000000000000000000, 6.599999999999999600, -31.61999999999999400 ) ) ;
#338 = EDGE_CURVE ( 'NONE', #2880, #3589, #3304, .T. ) ;
#339 = EDGE_LOOP ( 'NONE', ( #2266, #1933 ) ) ;
#340 = ORIENTED_EDGE ( 'NONE', *, *, #2978, .T. ) ;
#341 = CARTESIAN_POINT ( 'NONE',  ( -6.120313219301213100, 12.66472100003637800, -25.00000000000000000 ) ) ;
#342 = CIRCLE ( 'NONE', #4010, 0.2000000000000000900 ) ;
#343 = ADVANCED_FACE ( 'NONE', ( #1742 ), #2435, .T. ) ;
#344 = DIRECTION ( 'NONE',  ( -0.3843557409341166200, 0.9231850650931188200, 0.0000000000000000000 ) ) ;
#345 = CARTESIAN_POINT ( 'NONE',  ( 2.296212748401288700E-017, 7.349999999999998800, 31.82000000000000000 ) ) ;
#346 = DIRECTION ( 'NONE',  ( 0.0000000000000000000, 0.0000000000000000000, 1.000000000000000000 ) ) ;
#347 = EDGE_CURVE ( 'NONE', #1233, #51, #4134, .T. ) ;
#348 = AXIS2_PLACEMENT_3D ( 'NONE', #3935, #1931, #1281 ) ;
#349 = LINE ( 'NONE', #3800, #3698 ) ;
#350 = ORIENTED_EDGE ( 'NONE', *, *, #2495, .F. ) ;
#351 = DIRECTION ( 'NONE',  ( 0.0000000000000000000, 0.0000000000000000000, 1.000000000000000000 ) ) ;
#352 = VECTOR ( 'NONE', #305, 1000.000000000000000 ) ;
#353 = ORIENTED_EDGE ( 'NONE', *, *, #1591, .F. ) ;
#354 = EDGE_LOOP ( 'NONE', ( #613, #3548, #1287, #2937 ) ) ;
#355 = CARTESIAN_POINT ( 'NONE',  ( -0.3799029234526665200, 7.246663566897128200, -31.82000000000000000 ) ) ;
#356 = VECTOR ( 'NONE', #3323, 1000.000000000000000 ) ;
#357 = LINE ( 'NONE', #2309, #1983 ) ;
#358 = DIRECTION ( 'NONE',  ( 0.0000000000000000000, 0.0000000000000000000, -1.000000000000000000 ) ) ;
#359 = ORIENTED_EDGE ( 'NONE', *, *, #1099, .T. ) ;
#360 = EDGE_CURVE ( 'NONE', #1512, #4116, #541, .T. ) ;
#361 = ORIENTED_EDGE ( 'NONE', *, *, #1438, .T. ) ;
#362 = ORIENTED_EDGE ( 'NONE', *, *, #3118, .T. ) ;
#363 = CARTESIAN_POINT ( 'NONE',  ( 0.0000000000000000000, 6.599999999999999600, -25.00000000000000000 ) ) ;
#365 = CARTESIAN_POINT ( 'NONE',  ( -0.3799029234525335700, 7.352811897418614100, 31.82000000000041200 ) ) ;
#364 = CYLINDRICAL_SURFACE ( 'NONE', #3693, 4.250000000000000000 ) ;
#366 = DIRECTION ( 'NONE',  ( 0.0000000000000000000, -1.000000000000000000, 0.0000000000000000000 ) ) ;
#367 = ORIENTED_EDGE ( 'NONE', *, *, #1332, .F. ) ;
#368 =( BOUNDED_SURFACE ( )  B_SPLINE_SURFACE ( 3, 2, ( 
 ( #2569, #2896, #3623 ),
 ( #388, #64, #2611 ),
 ( #2650, #1671, #1645 ),
 ( #3581, #2317, #355 ) ),
 .UNSPECIFIED., .F., .F., .F. ) 
 B_SPLINE_SURFACE_WITH_KNOTS ( ( 4, 4 ),
 ( 3, 3 ),
 ( -5.417639640552035300E-006, 0.0003876378229405843000 ),
 ( 0.0000000000000000000, 1.000000000000000000 ),
 .UNSPECIFIED. ) 
 GEOMETRIC_REPRESENTATION_ITEM ( )  RATIONAL_B_SPLINE_SURFACE ( (
 ( 1.000000000000000000, 1.000000000000000000, 1.000000000000000000),
 ( 1.000000000000000000, 0.9997070406153117900, 1.000000000000000000),
 ( 1.000000000000000000, 0.9519577308347596500, 1.000000000000000000),
 ( 1.000000000000000000, 0.8833016889557482300, 1.000000000000000000) ) ) 
 REPRESENTATION_ITEM ( '' )  SURFACE ( )  );
#369 = VERTEX_POINT ( 'NONE', #4049 ) ;
#370 = CIRCLE ( 'NONE', #2700, 4.050000000000000700 ) ;
#371 = CYLINDRICAL_SURFACE ( 'NONE', #1244, 5.000000000000000900 ) ;
#372 = DIRECTION ( 'NONE',  ( 0.0000000000000000000, 0.0000000000000000000, 1.000000000000000000 ) ) ;
#373 = ADVANCED_FACE ( 'NONE', ( #970 ), #1688, .T. ) ;
#374 = CARTESIAN_POINT ( 'NONE',  ( -14.48000000000000000, 0.0000000000000000000, -15.00000000000000000 ) ) ;
#375 = LINE ( 'NONE', #1180, #3722 ) ;
#376 = ADVANCED_FACE ( 'NONE', ( #870 ), #2733, .F. ) ;
#377 = AXIS2_PLACEMENT_3D ( 'NONE', #3330, #3009, #3657 ) ;
#378 = VECTOR ( 'NONE', #2432, 1000.000000000000200 ) ;
#379 = ORIENTED_EDGE ( 'NONE', *, *, #3984, .F. ) ;
#380 = CARTESIAN_POINT ( 'NONE',  ( 7.342426627394414300, 4.327157177433245600, -25.00000000000000000 ) ) ;
#381 = VERTEX_POINT ( 'NONE', #488 ) ;
#382 = AXIS2_PLACEMENT_3D ( 'NONE', #2027, #3661, #386 ) ;
#383 = ORIENTED_EDGE ( 'NONE', *, *, #2361, .F. ) ;
#384 = CARTESIAN_POINT ( 'NONE',  ( 7.464158558306547100, 12.76225316980100100, -25.00000000000000000 ) ) ;
#385 = DIRECTION ( 'NONE',  ( 0.0000000000000000000, 0.0000000000000000000, 1.000000000000000000 ) ) ;
#386 = DIRECTION ( 'NONE',  ( -1.000000000000000000, 0.0000000000000000000, 0.0000000000000000000 ) ) ;
#387 = CARTESIAN_POINT ( 'NONE',  ( -10.72000000000000200, 0.0000000000000000000, -19.67000000000000200 ) ) ;
#388 = CARTESIAN_POINT ( 'NONE',  ( -0.1183174134655808500, 7.388149106296814300, -31.87143650875568600 ) ) ;
#389 = EDGE_CURVE ( 'NONE', #2992, #1710, #2562, .T. ) ;
#390 = CARTESIAN_POINT ( 'NONE',  ( 5.789573317131256200, 13.87480062250881500, -25.00000000000000000 ) ) ;
#391 = ORIENTED_EDGE ( 'NONE', *, *, #500, .F. ) ;
#392 = APPROVAL ( #1578, 'UNSPECIFIED' ) ;
#393 = ORIENTED_EDGE ( 'NONE', *, *, #2901, .T. ) ;
#394 = CARTESIAN_POINT ( 'NONE',  ( 0.0000000000000000000, 6.599999999999999600, 31.62000000000000100 ) ) ;
#395 = ADVANCED_FACE ( 'NONE', ( #816 ), #3356, .F. ) ;
#396 = DIRECTION ( 'NONE',  ( 0.4615920579147523900, 0.8870923131613889200, -0.0000000000000000000 ) ) ;
#397 = ORIENTED_EDGE ( 'NONE', *, *, #765, .T. ) ;
#398 = AXIS2_PLACEMENT_3D ( 'NONE', #971, #1993, #3277 ) ;
#399 = CARTESIAN_POINT ( 'NONE',  ( 0.4999999999999998900, 7.159016994374948000, -31.61999999999999400 ) ) ;
#400 = DIRECTION ( 'NONE',  ( 0.0000000000000000000, 0.0000000000000000000, 1.000000000000000000 ) ) ;
#401 = EDGE_CURVE ( 'NONE', #932, #2536, #3316, .T. ) ;
#402 = VECTOR ( 'NONE', #1354, 1000.000000000000000 ) ;
#403 = CARTESIAN_POINT ( 'NONE',  ( 0.5000000000000000000, 6.615190549955709500, -34.02000000000000300 ) ) ;
#404 = VECTOR ( 'NONE', #3876, 999.9999999999998900 ) ;
#405 = ORIENTED_EDGE ( 'NONE', *, *, #252, .T. ) ;
#406 = DIRECTION ( 'NONE',  ( 1.000000000000000000, 0.0000000000000000000, 0.0000000000000000000 ) ) ;
#407 = DIRECTION ( 'NONE',  ( 0.0000000000000000000, 0.0000000000000000000, 1.000000000000000000 ) ) ;
#408 = FACE_OUTER_BOUND ( 'NONE', #3174, .T. ) ;
#409 = CARTESIAN_POINT ( 'NONE',  ( 0.5000000000000000000, 5.880381099911422100, -31.82000000000000000 ) ) ;
#410 = DIRECTION ( 'NONE',  ( -1.000000000000000000, 0.0000000000000000000, -0.0000000000000000000 ) ) ;
#411 = VERTEX_POINT ( 'NONE', #3064 ) ;
#412 = ADVANCED_FACE ( 'NONE', ( #2671 ), #3045, .F. ) ;
#413 = LINE ( 'NONE', #1016, #1412 ) ;
#414 = VERTEX_POINT ( 'NONE', #785 ) ;
#415 = CARTESIAN_POINT ( 'NONE',  ( -0.5000000000000001100, 6.973252673114426000, -31.81374846396891300 ) ) ;
#416 = ORIENTED_EDGE ( 'NONE', *, *, #1458, .T. ) ;
#417 = DIRECTION ( 'NONE',  ( 0.0000000000000000000, 0.0000000000000000000, 1.000000000000000000 ) ) ;
#418 = ORIENTED_EDGE ( 'NONE', *, *, #3466, .F. ) ;
#419 = FACE_OUTER_BOUND ( 'NONE', #2864, .T. ) ;
#420 = ORIENTED_EDGE ( 'NONE', *, *, #216, .T. ) ;
#421 = EDGE_CURVE ( 'NONE', #2342, #1409, #1793, .T. ) ;
#422 = CARTESIAN_POINT ( 'NONE',  ( -6.280036924807803600, 14.81737857374301200, 25.00000000000000000 ) ) ;
#423 = VECTOR ( 'NONE', #372, 1000.000000000000000 ) ;
#424 = DIRECTION ( 'NONE',  ( 1.000000000000000000, 0.0000000000000000000, 0.0000000000000000000 ) ) ;
#425 = CIRCLE ( 'NONE', #3523, 0.7500000000000000000 ) ;
#426 = EDGE_CURVE ( 'NONE', #1025, #3691, #131, .T. ) ;
#427 = DIRECTION ( 'NONE',  ( 0.9231850650931188200, 0.3843557409341166200, 0.0000000000000000000 ) ) ;
#428 = DIRECTION ( 'NONE',  ( -0.0000000000000000000, -0.0000000000000000000, -1.000000000000000000 ) ) ;
#429 = CARTESIAN_POINT ( 'NONE',  ( -0.5000000000000000000, 6.900578194372989100, -31.82000000000000000 ) ) ;
#430 = ORIENTED_EDGE ( 'NONE', *, *, #3546, .F. ) ;
#431 = CARTESIAN_POINT ( 'NONE',  ( 0.5000000000000000000, 7.820876998851445300, -32.99224736853911800 ) ) ;
#432 = EDGE_CURVE ( 'NONE', #2596, #2219, #2409, .T. ) ;
#433 = AXIS2_PLACEMENT_3D ( 'NONE', #2451, #172, #184 ) ;
#434 = ADVANCED_FACE ( 'NONE', ( #715 ), #1947, .T. ) ;
#435 = DESIGN_CONTEXT ( 'detailed design', #2482, 'design' ) ;
#436 = DIRECTION ( 'NONE',  ( 1.000000000000000000, 0.0000000000000000000, 0.0000000000000000000 ) ) ;
#437 = DIRECTION ( 'NONE',  ( -0.0000000000000000000, -1.000000000000000000, -0.0000000000000000000 ) ) ;
#438 = ORIENTED_EDGE ( 'NONE', *, *, #3466, .T. ) ;
#439 = CARTESIAN_POINT ( 'NONE',  ( 8.691243068228063300, 5.644551875750796200, -25.00000000000000000 ) ) ;
#440 = CARTESIAN_POINT ( 'NONE',  ( 0.5000000000000000000, 6.615190549955709500, -34.62000000000000500 ) ) ;
#441 = ORIENTED_EDGE ( 'NONE', *, *, #1091, .T. ) ;
#442 = EDGE_CURVE ( 'NONE', #3716, #3048, #219, .T. ) ;
#443 = EDGE_LOOP ( 'NONE', ( #2732, #420, #2531, #1522 ) ) ;
#444 = DIRECTION ( 'NONE',  ( 0.0000000000000000000, -1.000000000000000000, 0.0000000000000000000 ) ) ;
#445 = AXIS2_PLACEMENT_3D ( 'NONE', #1687, #3960, #1064 ) ;
#446 = ORIENTED_EDGE ( 'NONE', *, *, #645, .F. ) ;
#447 = DIRECTION ( 'NONE',  ( 1.000000000000000000, 0.0000000000000000000, 0.0000000000000000000 ) ) ;
#448 = VECTOR ( 'NONE', #4066, 1000.000000000000100 ) ;
#449 = AXIS2_PLACEMENT_3D ( 'NONE', #3998, #774, #1433 ) ;
#450 = DIRECTION ( 'NONE',  ( -1.000000000000000000, 0.0000000000000000000, 0.0000000000000000000 ) ) ;
#451 = DIRECTION ( 'NONE',  ( -0.0000000000000000000, -0.0000000000000000000, -1.000000000000000000 ) ) ;
#452 = DIRECTION ( 'NONE',  ( 0.0000000000000000000, 0.0000000000000000000, 1.000000000000000000 ) ) ;
#453 = EDGE_CURVE ( 'NONE', #2020, #3297, #4081, .T. ) ;
#454 = VECTOR ( 'NONE', #532, 1000.000000000000000 ) ;
#455 = EDGE_LOOP ( 'NONE', ( #2456, #2718, #837, #1209 ) ) ;
#456 = LINE ( 'NONE', #2748, #3808 ) ;
#457 = ORIENTED_EDGE ( 'NONE', *, *, #2463, .F. ) ;
#458 = CARTESIAN_POINT ( 'NONE',  ( 4.250000000000000000, 6.599999999999999600, -24.69999999999999900 ) ) ;
#459 = ORIENTED_EDGE ( 'NONE', *, *, #1885, .F. ) ;
#460 = VECTOR ( 'NONE', #2834, 1000.000000000000100 ) ;
#462 = CARTESIAN_POINT ( 'NONE',  ( 0.5000000000000000000, 6.040983005625051300, -31.65630566980035000 ) ) ;
#461 = LINE ( 'NONE', #1896, #2339 ) ;
#463 = DIRECTION ( 'NONE',  ( 0.0000000000000000000, 0.0000000000000000000, -1.000000000000000000 ) ) ;
#464 = VERTEX_POINT ( 'NONE', #4123 ) ;
#465 = ORIENTED_EDGE ( 'NONE', *, *, #2127, .T. ) ;
#466 = FACE_OUTER_BOUND ( 'NONE', #1686, .T. ) ;
#467 = DIRECTION ( 'NONE',  ( -0.2636502354449251100, -0.9646183459533803600, 0.0000000000000000000 ) ) ;
#468 = VERTEX_POINT ( 'NONE', #2843 ) ;
#469 = DIRECTION ( 'NONE',  ( -1.000000000000000000, 0.0000000000000000000, 0.0000000000000000000 ) ) ;
#470 = EDGE_LOOP ( 'NONE', ( #2184, #3918, #4172 ) ) ;
#471 = CARTESIAN_POINT ( 'NONE',  ( 0.0000000000000000000, 6.599999999999999600, -24.69999999999999900 ) ) ;
#472 = TOROIDAL_SURFACE ( 'NONE', #1675, 0.5500000000000000400, 0.2000000000000000100 ) ;
#473 = FACE_OUTER_BOUND ( 'NONE', #1410, .T. ) ;
#474 = CARTESIAN_POINT ( 'NONE',  ( -14.48000000000000000, 2.240000000000000200, -25.00000000000000000 ) ) ;
#475 = VECTOR ( 'NONE', #1074, 1000.000000000000000 ) ;
#476 = VECTOR ( 'NONE', #4093, 1000.000000000000000 ) ;
#477 = ORIENTED_EDGE ( 'NONE', *, *, #42, .T. ) ;
#478 = DIRECTION ( 'NONE',  ( 0.0000000000000000000, -0.1254381138893790900, 0.9921014462159982700 ) ) ;
#479 = DIRECTION ( 'NONE',  ( -0.0000000000000000000, 1.000000000000000000, -0.0000000000000000000 ) ) ;
#480 = LINE ( 'NONE', #2221, #3882 ) ;
#481 = EDGE_CURVE ( 'NONE', #1418, #2428, #3209, .T. ) ;
#482 = ORIENTED_EDGE ( 'NONE', *, *, #2026, .T. ) ;
#483 = CARTESIAN_POINT ( 'NONE',  ( -14.48000000000000000, 0.0000000000000000000, -25.00000000000000000 ) ) ;
#484 = DIRECTION ( 'NONE',  ( -1.000000000000000000, -0.0000000000000000000, -0.0000000000000000000 ) ) ;
#485 = CARTESIAN_POINT ( 'NONE',  ( -6.120313219301213100, 12.66472100003637800, 25.00000000000000000 ) ) ;
#486 = DIRECTION ( 'NONE',  ( -0.0000000000000000000, -0.0000000000000000000, -1.000000000000000000 ) ) ;
#487 = EDGE_CURVE ( 'NONE', #3724, #535, #2, .T. ) ;
#488 = CARTESIAN_POINT ( 'NONE',  ( 6.280036924807800100, 11.37065189891219700, 25.00000000000000000 ) ) ;
#489 = PLANE ( 'NONE',  #1847 ) ;
#490 = ORIENTED_EDGE ( 'NONE', *, *, #290, .F. ) ;
#491 = VERTEX_POINT ( 'NONE', #3428 ) ;
#492 = DIRECTION ( 'NONE',  ( -1.000000000000000000, 0.0000000000000000000, 0.0000000000000000000 ) ) ;
#493 = CARTESIAN_POINT ( 'NONE',  ( -0.5000000000000000000, 5.880381099911422100, -31.82000000000000000 ) ) ;
#494 = APPROVAL_DATE_TIME ( #1342, #392 ) ;
#495 = ORIENTED_EDGE ( 'NONE', *, *, #3319, .F. ) ;
#496 = EDGE_CURVE ( 'NONE', #1198, #1061, #4036, .T. ) ;
#497 = CARTESIAN_POINT ( 'NONE',  ( -0.4999999999999998900, 6.973711108484026000, 31.81358215872774100 ) ) ;
#498 = CIRCLE ( 'NONE', #3363, 4.450000000000000200 ) ;
#499 = ORIENTED_EDGE ( 'NONE', *, *, #3057, .T. ) ;
#500 = EDGE_CURVE ( 'NONE', #2691, #2616, #2305, .T. ) ;
#501 = DIRECTION ( 'NONE',  ( 0.0000000000000000000, -1.000000000000000000, 0.0000000000000000000 ) ) ;
#502 = CARTESIAN_POINT ( 'NONE',  ( 0.5000000000000000000, 5.880381099911422100, 31.82000000000000000 ) ) ;
#503 = CARTESIAN_POINT ( 'NONE',  ( 6.982355285352881000, 5.644551875750796200, -25.00000000000000000 ) ) ;
#504 = VECTOR ( 'NONE', #1158, 1000.000000000000000 ) ;
#505 = VERTEX_POINT ( 'NONE', #2511 ) ;
#506 = PLANE ( 'NONE',  #3353 ) ;
#507 = LINE ( 'NONE', #1004, #1459 ) ;
#508 = EDGE_CURVE ( 'NONE', #3494, #1657, #569, .T. ) ;
#509 = DIRECTION ( 'NONE',  ( 0.3761210971957650300, 0.9265705155271528600, -0.0000000000000000000 ) ) ;
#510 = VERTEX_POINT ( 'NONE', #4107 ) ;
#511 = LINE ( 'NONE', #1979, #116 ) ;
#512 = ORIENTED_EDGE ( 'NONE', *, *, #3846, .F. ) ;
#513 = ORIENTED_EDGE ( 'NONE', *, *, #92, .F. ) ;
#514 = VERTEX_POINT ( 'NONE', #526 ) ;
#515 = CARTESIAN_POINT ( 'NONE',  ( 7.684673645897958300, 11.95545359045973100, -25.00000000000000000 ) ) ;
#516 = CIRCLE ( 'NONE', #2272, 0.1999999999999987900 ) ;
#517 = FACE_OUTER_BOUND ( 'NONE', #1962, .T. ) ;
#518 = CARTESIAN_POINT ( 'NONE',  ( 0.0000000000000000000, 6.599999999999999600, 24.80000000000000400 ) ) ;
#519 = DIRECTION ( 'NONE',  ( -0.2636502354449251100, 0.9646183459533803600, -0.0000000000000000000 ) ) ;
#520 = VECTOR ( 'NONE', #3721, 1000.000000000000000 ) ;
#521 = DIRECTION ( 'NONE',  ( 0.0000000000000000000, 0.0000000000000000000, 1.000000000000000000 ) ) ;
#522 = EDGE_CURVE ( 'NONE', #623, #3434, #375, .T. ) ;
#523 = ORIENTED_EDGE ( 'NONE', *, *, #2689, .F. ) ;
#524 = CARTESIAN_POINT ( 'NONE',  ( -6.000000000000001800, 15.49000000000000000, -25.00000000000000000 ) ) ;
#525 = PLANE ( 'NONE',  #1918 ) ;
#526 = CARTESIAN_POINT ( 'NONE',  ( -5.789573317131259800, 13.87480062250881300, -25.00000000000000000 ) ) ;
#527 = DIRECTION ( 'NONE',  ( 0.0000000000000000000, 0.0000000000000000000, 1.000000000000000000 ) ) ;
#528 = DIRECTION ( 'NONE',  ( -0.2636502354449243300, 0.9646183459533807000, -0.0000000000000000000 ) ) ;
#529 = AXIS2_PLACEMENT_3D ( 'NONE', #2269, #330, #643 ) ;
#530 = EDGE_CURVE ( 'NONE', #2802, #3154, #964, .T. ) ;
#531 = CARTESIAN_POINT ( 'NONE',  ( -0.5000000000000000000, 6.370871215252207300, -31.82000000000000000 ) ) ;
#532 = DIRECTION ( 'NONE',  ( -1.000000000000000000, -0.0000000000000000000, -0.0000000000000000000 ) ) ;
#533 = AXIS2_PLACEMENT_3D ( 'NONE', #3942, #2659, #70 ) ;
#534 = DIRECTION ( 'NONE',  ( 0.0000000000000000000, 0.0000000000000000000, -1.000000000000000000 ) ) ;
#535 = VERTEX_POINT ( 'NONE', #4141 ) ;
#536 = EDGE_CURVE ( 'NONE', #2958, #3130, #3116, .T. ) ;
#537 = ORIENTED_EDGE ( 'NONE', *, *, #3042, .F. ) ;
#538 = VERTEX_POINT ( 'NONE', #49 ) ;
#539 = DIRECTION ( 'NONE',  ( 0.0000000000000000000, -1.000000000000000000, 0.0000000000000000000 ) ) ;
#540 = DIRECTION ( 'NONE',  ( 0.0000000000000000000, 0.0000000000000000000, -1.000000000000000000 ) ) ;
#541 = B_SPLINE_CURVE_WITH_KNOTS ( 'NONE', 3,
 ( #3737, #1776, #1084, #4032, #2108, #3416, #462, #2120 ),
 .UNSPECIFIED., .F., .F.,
 ( 4, 2, 2, 4 ),
 ( 0.0000000000000000000, 0.0002126887981858554300, 0.0003190331972787788000, 0.0004253775963717021900 ),
 .UNSPECIFIED. ) ;
#542 = PLANE ( 'NONE',  #3996 ) ;
#543 = CARTESIAN_POINT ( 'NONE',  ( 0.3799029234522402500, 7.246663566910911800, 32.02000000001581300 ) ) ;
#544 = CARTESIAN_POINT ( 'NONE',  ( 0.1515025447071712300, 5.861599587295106800, 31.85950358128193800 ) ) ;
#545 = LINE ( 'NONE', #2858, #3899 ) ;
#546 = VECTOR ( 'NONE', #3199, 1000.000000000000000 ) ;
#547 = VERTEX_POINT ( 'NONE', #2265 ) ;
#548 = EDGE_CURVE ( 'NONE', #1950, #730, #1314, .T. ) ;
#549 = LINE ( 'NONE', #2278, #998 ) ;
#550 = ORIENTED_EDGE ( 'NONE', *, *, #577, .T. ) ;
#551 = CARTESIAN_POINT ( 'NONE',  ( 0.0000000000000000000, 6.599999999999999600, -25.00000000000000000 ) ) ;
#552 = DIRECTION ( 'NONE',  ( -0.9265705155271530800, -0.3761210971957645900, 0.0000000000000000000 ) ) ;
#553 = ORIENTED_EDGE ( 'NONE', *, *, #3155, .T. ) ;
#554 = TOROIDAL_SURFACE ( 'NONE', #2719, 4.800000000000001600, 0.2000000000000000100 ) ;
#555 = VECTOR ( 'NONE', #1351, 1000.000000000000100 ) ;
#556 = CARTESIAN_POINT ( 'NONE',  ( 0.5000000000000000000, 6.615190549955709500, -34.02000000000000300 ) ) ;
#557 = CARTESIAN_POINT ( 'NONE',  ( 0.0000000000000000000, 6.599999999999999600, -31.61999999999999400 ) ) ;
#558 = ORIENTED_EDGE ( 'NONE', *, *, #338, .F. ) ;
#559 = VERTEX_POINT ( 'NONE', #2255 ) ;
#560 = VECTOR ( 'NONE', #2974, 1000.000000000000000 ) ;
#561 = ORIENTED_EDGE ( 'NONE', *, *, #548, .F. ) ;
#562 = DIRECTION ( 'NONE',  ( 0.0000000000000000000, 0.0000000000000000000, 1.000000000000000000 ) ) ;
#563 = EDGE_CURVE ( 'NONE', #3536, #3938, #1942, .T. ) ;
#564 = AXIS2_PLACEMENT_3D ( 'NONE', #3729, #1076, #775 ) ;
#565 = ORIENTED_EDGE ( 'NONE', *, *, #98, .F. ) ;
#566 = LINE ( 'NONE', #1594, #3923 ) ;
#567 = CIRCLE ( 'NONE', #529, 0.5500000000000000400 ) ;
#568 = CARTESIAN_POINT ( 'NONE',  ( -8.530284146270677300, 3.844972318509915200, -25.00000000000000000 ) ) ;
#569 = CIRCLE ( 'NONE', #1072, 0.1999999999999996500 ) ;
#570 = CARTESIAN_POINT ( 'NONE',  ( 6.911958682988795600, 0.0000000000000000000, 15.00000000000000000 ) ) ;
#571 = CIRCLE ( 'NONE', #763, 1.590000000000001200 ) ;
#572 = EDGE_LOOP ( 'NONE', ( #27, #1160, #3614, #2363, #3604, #2308, #3306, #3933, #3135, #3672, #287, #2375, #2649, #11, #3870, #3251, #1213, #1524, #934, #2957, #3639, #2587, #3010, #1581, #2903, #1466, #1187, #4027, #4030, #232, #1257, #2434, #234, #3114, #804, #3578, #3957, #2241, #2966, #523, #2601, #270 ) ) ;
#573 = CARTESIAN_POINT ( 'NONE',  ( -6.120313219301213100, 12.66472100003637800, 25.00000000000000000 ) ) ;
#574 = ORIENTED_EDGE ( 'NONE', *, *, #2061, .T. ) ;
#575 = CARTESIAN_POINT ( 'NONE',  ( -10.72000000000000200, 0.0000000000000000000, -21.26000000000001200 ) ) ;
#576 = CARTESIAN_POINT ( 'NONE',  ( -6.982355285352882700, 6.592120282318093800, -25.00000000000000000 ) ) ;
#577 = EDGE_CURVE ( 'NONE', #3151, #3096, #2147, .T. ) ;
#578 = DIRECTION ( 'NONE',  ( -1.000000000000000000, 0.0000000000000000000, 0.0000000000000000000 ) ) ;
#579 = DIRECTION ( 'NONE',  ( 0.0000000000000000000, 0.0000000000000000000, -1.000000000000000000 ) ) ;
#580 = CARTESIAN_POINT ( 'NONE',  ( -8.841416062994849100, 7.931731481647180000, -25.00000000000000000 ) ) ;
#581 = AXIS2_PLACEMENT_3D ( 'NONE', #502, #527, #2121 ) ;
#582 = CARTESIAN_POINT ( 'NONE',  ( 3.153862357908790900E-046, 7.349999999999998800, -31.82000000000000000 ) ) ;
#583 = CARTESIAN_POINT ( 'NONE',  ( 0.4999999999999998900, 6.226288891515972400, 31.81358215872774100 ) ) ;
#584 = EDGE_LOOP ( 'NONE', ( #537, #3352, #558, #850 ) ) ;
#585 = ORIENTED_EDGE ( 'NONE', *, *, #4006, .F. ) ;
#586 = CARTESIAN_POINT ( 'NONE',  ( 0.0000000000000000000, 6.599999999999999600, 24.80000000000000400 ) ) ;
#587 = CALENDAR_DATE ( 2018, 16, 6 ) ;
#588 = EDGE_LOOP ( 'NONE', ( #784, #1033 ) ) ;
#589 = CARTESIAN_POINT ( 'NONE',  ( 0.5000000000000000000, 8.115190549955711300, -35.32000000000000700 ) ) ;
#590 = DIRECTION ( 'NONE',  ( 1.000000000000000000, 0.0000000000000000000, -0.0000000000000000000 ) ) ;
#591 = LINE ( 'NONE', #4033, #1044 ) ;
#592 = ADVANCED_FACE ( 'NONE', ( #1261 ), #1957, .T. ) ;
#593 = ORIENTED_EDGE ( 'NONE', *, *, #4181, .T. ) ;
#594 = EDGE_CURVE ( 'NONE', #3096, #2992, #3770, .T. ) ;
#595 = CARTESIAN_POINT ( 'NONE',  ( -0.5000000000000000000, 7.412302065558553600, -31.90791125051582700 ) ) ;
#596 = APPROVAL_STATUS ( 'not_yet_approved' ) ;
#597 = DIRECTION ( 'NONE',  ( 0.0000000000000000000, 0.0000000000000000000, -1.000000000000000000 ) ) ;
#598 = CARTESIAN_POINT ( 'NONE',  ( -0.5000000000000000000, 6.099488053045552000, 31.74770466653854200 ) ) ;
#599 = AXIS2_PLACEMENT_3D ( 'NONE', #4182, #4142, #876 ) ;
#600 = VECTOR ( 'NONE', #2822, 1000.000000000000000 ) ;
#601 = ORIENTED_EDGE ( 'NONE', *, *, #3733, .F. ) ;
#602 = DIRECTION ( 'NONE',  ( 0.0000000000000000000, 1.000000000000000000, 0.0000000000000000000 ) ) ;
#603 = LINE ( 'NONE', #3039, #1356 ) ;
#604 = ORIENTED_EDGE ( 'NONE', *, *, #3759, .F. ) ;
#605 = EDGE_CURVE ( 'NONE', #2965, #3130, #2046, .T. ) ;
#606 = ORIENTED_EDGE ( 'NONE', *, *, #3125, .T. ) ;
#607 = CARTESIAN_POINT ( 'NONE',  ( 4.450000000000000200, 6.599999999999999600, 24.50000000000000000 ) ) ;
#608 = FACE_OUTER_BOUND ( 'NONE', #3505, .T. ) ;
#609 = CARTESIAN_POINT ( 'NONE',  ( 0.0000000000000000000, 6.599999999999999600, -31.82000000000000000 ) ) ;
#610 = ORIENTED_EDGE ( 'NONE', *, *, #4136, .T. ) ;
#611 = AXIS2_PLACEMENT_3D ( 'NONE', #1588, #956, #317 ) ;
#612 = ORIENTED_EDGE ( 'NONE', *, *, #739, .F. ) ;
#613 = ORIENTED_EDGE ( 'NONE', *, *, #3901, .F. ) ;
#614 = DIRECTION ( 'NONE',  ( -0.0000000000000000000, 1.000000000000000000, -0.0000000000000000000 ) ) ;
#616 = DIRECTION ( 'NONE',  ( 1.000000000000000000, 0.0000000000000000000, -0.0000000000000000000 ) ) ;
#615 = VECTOR ( 'NONE', #2751, 1000.000000000000000 ) ;
#617 = VERTEX_POINT ( 'NONE', #1316 ) ;
#618 = VECTOR ( 'NONE', #767, 1000.000000000000000 ) ;
#619 = CIRCLE ( 'NONE', #2141, 0.5500000000000000400 ) ;
#620 = ADVANCED_FACE ( 'NONE', ( #1527 ), #947, .T. ) ;
#621 = VERTEX_POINT ( 'NONE', #674 ) ;
#622 = EDGE_LOOP ( 'NONE', ( #20, #2702, #1561, #772 ) ) ;
#623 = VERTEX_POINT ( 'NONE', #1944 ) ;
#624 = DIRECTION ( 'NONE',  ( -0.0000000000000000000, -0.0000000000000000000, -1.000000000000000000 ) ) ;
#625 = CARTESIAN_POINT ( 'NONE',  ( -0.1342982897396835000, 7.368976009146302400, 31.84574887027283200 ) ) ;
#626 = EDGE_CURVE ( 'NONE', #3307, #3790, #217, .T. ) ;
#627 = EDGE_CURVE ( 'NONE', #770, #1365, #4031, .T. ) ;
#628 = ORIENTED_EDGE ( 'NONE', *, *, #2800, .F. ) ;
#629 = CARTESIAN_POINT ( 'NONE',  ( 5.789573317131256200, 13.87480062250881500, 25.00000000000000000 ) ) ;
#630 = ADVANCED_FACE ( 'NONE', ( #2920, #3566 ), #1985, .F. ) ;
#631 = ORIENTED_EDGE ( 'NONE', *, *, #230, .T. ) ;
#632 = APPROVAL_DATE_TIME ( #2586, #225 ) ;
#633 = ORIENTED_EDGE ( 'NONE', *, *, #4090, .F. ) ;
#634 = CARTESIAN_POINT ( 'NONE',  ( 0.5000000000000000000, 8.115190549955711300, 35.32000000000000700 ) ) ;
#635 = PLANE ( 'NONE',  #1563 ) ;
#636 = DIRECTION ( 'NONE',  ( -0.0000000000000000000, -1.000000000000000000, -0.0000000000000000000 ) ) ;
#637 = EDGE_CURVE ( 'NONE', #885, #2428, #2181, .T. ) ;
#638 = AXIS2_PLACEMENT_3D ( 'NONE', #556, #1842, #2847 ) ;
#639 = DIRECTION ( 'NONE',  ( -0.3843557409341177300, 0.9231850650931184800, -0.0000000000000000000 ) ) ;
#640 = CARTESIAN_POINT ( 'NONE',  ( -0.3799029234540217100, 7.412302065558552800, 31.90791125051582700 ) ) ;
#641 = FACE_OUTER_BOUND ( 'NONE', #3486, .T. ) ;
#642 = CIRCLE ( 'NONE', #3939, 0.1999999999999987900 ) ;
#643 = DIRECTION ( 'NONE',  ( 1.000000000000000000, 0.0000000000000000000, 0.0000000000000000000 ) ) ;
#644 = ORIENTED_EDGE ( 'NONE', *, *, #627, .F. ) ;
#645 = EDGE_CURVE ( 'NONE', #1710, #2688, #2819, .T. ) ;
#646 = LINE ( 'NONE', #2060, #3658 ) ;
#647 = EDGE_LOOP ( 'NONE', ( #3358, #3643 ) ) ;
#648 = CARTESIAN_POINT ( 'NONE',  ( 0.5000000000000000000, 5.880381099911422100, -31.82000000000000000 ) ) ;
#649 = CARTESIAN_POINT ( 'NONE',  ( 0.3799029234522402500, 7.412302065558554500, 31.90791125051582700 ) ) ;
#650 = AXIS2_PLACEMENT_3D ( 'NONE', #1390, #437, #3680 ) ;
#651 = ORIENTED_EDGE ( 'NONE', *, *, #216, .F. ) ;
#652 = LINE ( 'NONE', #123, #2441 ) ;
#653 = FACE_OUTER_BOUND ( 'NONE', #2684, .T. ) ;
#654 = ORIENTED_EDGE ( 'NONE', *, *, #1872, .F. ) ;
#655 = CARTESIAN_POINT ( 'NONE',  ( 0.7500000000000000000, 6.599999999999999600, 31.82000000000000000 ) ) ;
#656 = ADVANCED_FACE ( 'NONE', ( #3163, #1476 ), #1255, .F. ) ;
#657 = DIRECTION ( 'NONE',  ( 0.0000000000000000000, 0.0000000000000000000, -1.000000000000000000 ) ) ;
#658 = VERTEX_POINT ( 'NONE', #3898 ) ;
#659 = ORIENTED_EDGE ( 'NONE', *, *, #1625, .T. ) ;
#660 = FACE_OUTER_BOUND ( 'NONE', #1481, .T. ) ;
#661 = AXIS2_PLACEMENT_3D ( 'NONE', #551, #1152, #4108 ) ;
#662 = EDGE_LOOP ( 'NONE', ( #795, #2392 ) ) ;
#663 = VERTEX_POINT ( 'NONE', #59 ) ;
#664 = EDGE_CURVE ( 'NONE', #2609, #4074, #566, .T. ) ;
#665 = VECTOR ( 'NONE', #3916, 999.9999999999998900 ) ;
#666 = CARTESIAN_POINT ( 'NONE',  ( 8.841416062994845500, 7.931731481647181800, -25.00000000000000000 ) ) ;
#667 = VECTOR ( 'NONE', #839, 1000.000000000000000 ) ;
#668 = AXIS2_PLACEMENT_3D ( 'NONE', #363, #2335, #3953 ) ;
#669 = DIRECTION ( 'NONE',  ( 0.0000000000000000000, 0.0000000000000000000, -1.000000000000000000 ) ) ;
#670 = CIRCLE ( 'NONE', #16, 5.000000000000000900 ) ;
#671 = DIRECTION ( 'NONE',  ( 0.0000000000000000000, 0.0000000000000000000, 1.000000000000000000 ) ) ;
#672 = CARTESIAN_POINT ( 'NONE',  ( 0.3799029234525325700, 7.352811897418615800, 31.82000000000041200 ) ) ;
#673 = ORIENTED_EDGE ( 'NONE', *, *, #952, .T. ) ;
#674 = CARTESIAN_POINT ( 'NONE',  ( 5.000000000000000900, 6.599999999999999600, -24.69999999999999900 ) ) ;
#675 = ORIENTED_EDGE ( 'NONE', *, *, #3636, .T. ) ;
#676 = ADVANCED_FACE ( 'NONE', ( #1841 ), #3881, .T. ) ;
#677 = CARTESIAN_POINT ( 'NONE',  ( 6.280036924807800100, 14.81737857374301400, 25.00000000000000000 ) ) ;
#678 = DIRECTION ( 'NONE',  ( 1.000000000000000000, 0.0000000000000000000, 0.0000000000000000000 ) ) ;
#679 = AXIS2_PLACEMENT_3D ( 'NONE', #2019, #2344, #728 ) ;
#680 = DIRECTION ( 'NONE',  ( 0.0000000000000000000, 0.0000000000000000000, -1.000000000000000000 ) ) ;
#681 = EDGE_LOOP ( 'NONE', ( #2414, #858, #94, #1988 ) ) ;
#682 = EDGE_CURVE ( 'NONE', #1065, #885, #1104, .T. ) ;
#683 = ORIENTED_EDGE ( 'NONE', *, *, #2082, .F. ) ;
#684 = APPROVAL_DATE_TIME ( #3084, #2797 ) ;
#685 = ORIENTED_EDGE ( 'NONE', *, *, #530, .F. ) ;
#686 = CARTESIAN_POINT ( 'NONE',  ( 0.0000000000000000000, 6.599999999999999600, -24.50000000000000000 ) ) ;
#687 = DIRECTION ( 'NONE',  ( 0.9231850650931188200, -0.3843557409341166200, 0.0000000000000000000 ) ) ;
#688 = DIRECTION ( 'NONE',  ( 0.0000000000000000000, 1.000000000000000000, 0.0000000000000000000 ) ) ;
#689 = CARTESIAN_POINT ( 'NONE',  ( 0.0000000000000000000, 6.599999999999999600, -24.50000000000000000 ) ) ;
#690 = EDGE_CURVE ( 'NONE', #801, #4148, #1633, .T. ) ;
#691 = LINE ( 'NONE', #3299, #4158 ) ;
#692 = ORIENTED_EDGE ( 'NONE', *, *, #1625, .F. ) ;
#693 = ADVANCED_FACE ( 'NONE', ( #2245 ), #2015, .F. ) ;
#694 = DIRECTION ( 'NONE',  ( 1.000000000000000000, 0.0000000000000000000, 0.0000000000000000000 ) ) ;
#695 = VECTOR ( 'NONE', #769, 1000.000000000000100 ) ;
#696 = VERTEX_POINT ( 'NONE', #2383 ) ;
#697 = ADVANCED_FACE ( 'NONE', ( #1371 ), #1166, .T. ) ;
#698 = CARTESIAN_POINT ( 'NONE',  ( -0.5000000000000000000, 6.615190549955709500, -34.02000000000000300 ) ) ;
#699 = LINE ( 'NONE', #3379, #3864 ) ;
#700 = ORIENTED_EDGE ( 'NONE', *, *, #3543, .T. ) ;
#701 = FACE_OUTER_BOUND ( 'NONE', #4147, .T. ) ;
#702 = DIRECTION ( 'NONE',  ( 0.0000000000000000000, 0.0000000000000000000, 1.000000000000000000 ) ) ;
#703 = EDGE_CURVE ( 'NONE', #696, #1108, #1425, .T. ) ;
#704 = ORIENTED_EDGE ( 'NONE', *, *, #481, .T. ) ;
#705 = EDGE_LOOP ( 'NONE', ( #2606, #2932, #3223, #3038 ) ) ;
#706 = DIRECTION ( 'NONE',  ( 0.8870923131613889200, -0.4615920579147524400, 0.0000000000000000000 ) ) ;
#708 = DIRECTION ( 'NONE',  ( -1.000000000000000000, 0.0000000000000000000, 0.0000000000000000000 ) ) ;
#707 = FACE_BOUND ( 'NONE', #2088, .T. ) ;
#709 = ORIENTED_EDGE ( 'NONE', *, *, #2670, .T. ) ;
#710 = EDGE_CURVE ( 'NONE', #2553, #3946, #3019, .T. ) ;
#711 = VERTEX_POINT ( 'NONE', #399 ) ;
#712 = ORIENTED_EDGE ( 'NONE', *, *, #4043, .F. ) ;
#713 = LINE ( 'NONE', #2374, #1634 ) ;
#714 = DIRECTION ( 'NONE',  ( 0.0000000000000000000, 0.0000000000000000000, 1.000000000000000000 ) ) ;
#715 = FACE_OUTER_BOUND ( 'NONE', #2008, .T. ) ;
#716 = AXIS2_PLACEMENT_3D ( 'NONE', #1845, #4169, #4132 ) ;
#717 = CYLINDRICAL_SURFACE ( 'NONE', #4047, 0.6000000000000033100 ) ;
#718 = DIRECTION ( 'NONE',  ( 0.0000000000000000000, 0.0000000000000000000, 1.000000000000000000 ) ) ;
#719 = ORIENTED_EDGE ( 'NONE', *, *, #3927, .F. ) ;
#720 = CARTESIAN_POINT ( 'NONE',  ( -0.4999999999999998900, 7.159016994374949800, 31.65625967817742400 ) ) ;
#721 = ORIENTED_EDGE ( 'NONE', *, *, #1863, .T. ) ;
#722 = EDGE_CURVE ( 'NONE', #3824, #621, #1113, .T. ) ;
#723 = AXIS2_PLACEMENT_3D ( 'NONE', #1151, #3454, #1853 ) ;
#724 = CARTESIAN_POINT ( 'NONE',  ( 6.911958682988795600, 2.389310821482963000, -25.00000000000000000 ) ) ;
#725 = ADVANCED_FACE ( 'NONE', ( #316 ), #3063, .T. ) ;
#726 = DIRECTION ( 'NONE',  ( 0.0000000000000000000, 0.0000000000000000000, -1.000000000000000000 ) ) ;
#727 = DIRECTION ( 'NONE',  ( 0.0000000000000000000, 1.000000000000000000, 0.0000000000000000000 ) ) ;
#728 = DIRECTION ( 'NONE',  ( 1.000000000000000000, 0.0000000000000000000, 0.0000000000000000000 ) ) ;
#729 = EDGE_CURVE ( 'NONE', #2810, #3598, #2970, .T. ) ;
#730 = VERTEX_POINT ( 'NONE', #2667 ) ;
#731 = CARTESIAN_POINT ( 'NONE',  ( 0.5000000000000000000, 5.983717533015084000, 31.82000000000000000 ) ) ;
#732 = ORIENTED_EDGE ( 'NONE', *, *, #952, .F. ) ;
#733 = DATE_AND_TIME ( #3789, #3337 ) ;
#734 = ORIENTED_EDGE ( 'NONE', *, *, #710, .T. ) ;
#735 = AXIS2_PLACEMENT_3D ( 'NONE', #4117, #1830, #562 ) ;
#736 = ADVANCED_FACE ( 'NONE', ( #2298 ), #1024, .T. ) ;
#737 = CARTESIAN_POINT ( 'NONE',  ( 0.0000000000000000000, 6.599999999999999600, -24.80000000000000400 ) ) ;
#738 = CARTESIAN_POINT ( 'NONE',  ( -8.219152229546505600, 9.426348619902889000, -25.00000000000000000 ) ) ;
#739 = EDGE_CURVE ( 'NONE', #1384, #2216, #2195, .T. ) ;
#740 = ADVANCED_FACE ( 'NONE', ( #517 ), #472, .T. ) ;
#741 = CIRCLE ( 'NONE', #449, 2.492694426093549500 ) ;
#742 = CARTESIAN_POINT ( 'NONE',  ( 10.72000000000000400, 2.240000000000000200, 18.40999999999999700 ) ) ;
#743 = AXIS2_PLACEMENT_3D ( 'NONE', #1705, #1777, #822 ) ;
#744 = CARTESIAN_POINT ( 'NONE',  ( 0.0000000000000000000, 6.599999999999999600, -25.00000000000000000 ) ) ;
#745 = EDGE_LOOP ( 'NONE', ( #438, #601, #3973, #1359 ) ) ;
#746 = DIRECTION ( 'NONE',  ( 1.000000000000000000, 0.0000000000000000000, 0.0000000000000000000 ) ) ;
#747 = EDGE_CURVE ( 'NONE', #3532, #1092, #3878, .T. ) ;
#748 = LINE ( 'NONE', #1956, #2752 ) ;
#749 = ORIENTED_EDGE ( 'NONE', *, *, #3079, .F. ) ;
#750 = DIRECTION ( 'NONE',  ( 0.0000000000000000000, 0.0000000000000000000, 1.000000000000000000 ) ) ;
#751 = ORIENTED_EDGE ( 'NONE', *, *, #421, .T. ) ;
#752 = CIRCLE ( 'NONE', #3498, 4.800000000000001600 ) ;
#753 = CARTESIAN_POINT ( 'NONE',  ( 0.5000000000000000000, 6.829128784747791900, -31.82000000000000000 ) ) ;
#754 = ORIENTED_EDGE ( 'NONE', *, *, #2022, .T. ) ;
#755 = VERTEX_POINT ( 'NONE', #3646 ) ;
#756 = VECTOR ( 'NONE', #4056, 1000.000000000000000 ) ;
#757 = ORIENTED_EDGE ( 'NONE', *, *, #2463, .T. ) ;
#758 = ADVANCED_FACE ( 'NONE', ( #3369 ), #4002, .T. ) ;
#759 = ORIENTED_EDGE ( 'NONE', *, *, #2061, .F. ) ;
#760 = LINE ( 'NONE', #177, #2870 ) ;
#761 = DIRECTION ( 'NONE',  ( 0.8870923131613891500, 0.4615920579147520500, -0.0000000000000000000 ) ) ;
#762 = FACE_OUTER_BOUND ( 'NONE', #1732, .T. ) ;
#763 = AXIS2_PLACEMENT_3D ( 'NONE', #3222, #1, #2923 ) ;
#764 = EDGE_LOOP ( 'NONE', ( #1514, #1247, #1968 ) ) ;
#765 = EDGE_CURVE ( 'NONE', #3571, #2968, #2720, .T. ) ;
#766 = VECTOR ( 'NONE', #688, 1000.000000000000000 ) ;
#767 = DIRECTION ( 'NONE',  ( 0.0000000000000000000, 1.000000000000000000, 0.0000000000000000000 ) ) ;
#768 = CARTESIAN_POINT ( 'NONE',  ( 0.5000000000000000000, 5.983717533015084000, -31.82000000000000000 ) ) ;
#769 = DIRECTION ( 'NONE',  ( -0.3843557409341166200, -0.9231850650931188200, 0.0000000000000000000 ) ) ;
#770 = VERTEX_POINT ( 'NONE', #93 ) ;
#771 = CARTESIAN_POINT ( 'NONE',  ( 14.48000000000000000, 0.0000000000000000000, 25.00000000000000000 ) ) ;
#772 = ORIENTED_EDGE ( 'NONE', *, *, #3846, .T. ) ;
#773 = EDGE_CURVE ( 'NONE', #313, #2865, #370, .T. ) ;
#774 = DIRECTION ( 'NONE',  ( 1.000000000000000000, 0.0000000000000000000, 0.0000000000000000000 ) ) ;
#775 = DIRECTION ( 'NONE',  ( 0.0000000000000000000, 0.0000000000000000000, 1.000000000000000000 ) ) ;
#776 = DIRECTION ( 'NONE',  ( 0.0000000000000000000, 0.0000000000000000000, -1.000000000000000000 ) ) ;
#777 = EDGE_LOOP ( 'NONE', ( #2003, #2207, #712 ) ) ;
#778 = ORIENTED_EDGE ( 'NONE', *, *, #536, .F. ) ;
#779 = DIRECTION ( 'NONE',  ( -1.000000000000000000, 0.0000000000000000000, 0.0000000000000000000 ) ) ;
#780 = ORIENTED_EDGE ( 'NONE', *, *, #3326, .T. ) ;
#781 = EDGE_CURVE ( 'NONE', #411, #782, #862, .T. ) ;
#782 = VERTEX_POINT ( 'NONE', #4070 ) ;
#783 = CARTESIAN_POINT ( 'NONE',  ( -7.342426627394416100, 4.327157177433245600, -25.00000000000000000 ) ) ;
#784 = ORIENTED_EDGE ( 'NONE', *, *, #230, .F. ) ;
#785 = CARTESIAN_POINT ( 'NONE',  ( -6.982355285352882700, 5.644551875750796200, -25.00000000000000000 ) ) ;
#786 = DIRECTION ( 'NONE',  ( 1.000000000000000000, -0.0000000000000000000, -0.0000000000000000000 ) ) ;
#787 = LINE ( 'NONE', #1587, #4155 ) ;
#788 = AXIS2_PLACEMENT_3D ( 'NONE', #2643, #3285, #385 ) ;
#789 = DIRECTION ( 'NONE',  ( 1.000000000000000000, 0.0000000000000000000, 0.0000000000000000000 ) ) ;
#790 = VECTOR ( 'NONE', #3441, 1000.000000000000000 ) ;
#791 = ORIENTED_EDGE ( 'NONE', *, *, #3243, .F. ) ;
#792 = CARTESIAN_POINT ( 'NONE',  ( 0.5000000000000000000, 6.615190549955709500, 33.42000000000000200 ) ) ;
#793 = AXIS2_PLACEMENT_3D ( 'NONE', #37, #3265, #1970 ) ;
#794 = FACE_OUTER_BOUND ( 'NONE', #1567, .T. ) ;
#795 = ORIENTED_EDGE ( 'NONE', *, *, #2105, .F. ) ;
#796 = CARTESIAN_POINT ( 'NONE',  ( -7.342426627394416100, 4.327157177433245600, 25.00000000000000000 ) ) ;
#797 = VECTOR ( 'NONE', #2360, 1000.000000000000000 ) ;
#798 = VECTOR ( 'NONE', #1082, 1000.000000000000000 ) ;
#799 = DIRECTION ( 'NONE',  ( -0.9995693533488074800, -0.02934463913301625000, 0.0000000000000000000 ) ) ;
#800 = DIRECTION ( 'NONE',  ( -0.3843557409341177300, 0.9231850650931183700, 0.0000000000000000000 ) ) ;
#801 = VERTEX_POINT ( 'NONE', #2399 ) ;
#802 = EDGE_LOOP ( 'NONE', ( #954, #628, #709, #115 ) ) ;
#803 = LINE ( 'NONE', #1309, #3007 ) ;
#804 = ORIENTED_EDGE ( 'NONE', *, *, #1493, .F. ) ;
#805 = DIRECTION ( 'NONE',  ( -0.1956416779894807900, -0.9806754477570346400, 0.0000000000000000000 ) ) ;
#806 = ORIENTED_EDGE ( 'NONE', *, *, #2240, .T. ) ;
#807 = DIRECTION ( 'NONE',  ( 1.000000000000000000, 0.0000000000000000000, 0.0000000000000000000 ) ) ;
#808 = EDGE_CURVE ( 'NONE', #1228, #3972, #4129, .T. ) ;
#809 = ORIENTED_EDGE ( 'NONE', *, *, #645, .T. ) ;
#810 = EDGE_LOOP ( 'NONE', ( #3895, #1934, #1832, #946 ) ) ;
#811 = FACE_OUTER_BOUND ( 'NONE', #622, .T. ) ;
#812 = EDGE_LOOP ( 'NONE', ( #513, #692, #3838, #2387 ) ) ;
#813 = DIRECTION ( 'NONE',  ( 1.000000000000000000, 0.0000000000000000000, 0.0000000000000000000 ) ) ;
#814 = AXIS2_PLACEMENT_3D ( 'NONE', #2059, #2727, #789 ) ;
#815 = DIRECTION ( 'NONE',  ( -0.9265705155271528600, 0.3761210971957650300, 0.0000000000000000000 ) ) ;
#816 = FACE_OUTER_BOUND ( 'NONE', #764, .T. ) ;
#817 = VECTOR ( 'NONE', #1397, 1000.000000000000000 ) ;
#818 = CARTESIAN_POINT ( 'NONE',  ( 0.0000000000000000000, 6.599999999999999600, -31.82000000000000000 ) ) ;
#819 = ORIENTED_EDGE ( 'NONE', *, *, #3692, .F. ) ;
#820 = CARTESIAN_POINT ( 'NONE',  ( -7.464158558306550600, 12.76225316980100100, 25.00000000000000000 ) ) ;
#821 = TOROIDAL_SURFACE ( 'NONE', #2943, 4.450000000000000200, 0.2000000000000000100 ) ;
#822 = DIRECTION ( 'NONE',  ( 0.0000000000000000000, 0.1254381138893790900, 0.9921014462159982700 ) ) ;
#823 = AXIS2_PLACEMENT_3D ( 'NONE', #3462, #1204, #2589 ) ;
#824 = EDGE_CURVE ( 'NONE', #1729, #1795, #3616, .T. ) ;
#825 = CARTESIAN_POINT ( 'NONE',  ( 6.120313219301209500, 12.66472100003637800, -25.00000000000000000 ) ) ;
#826 = CARTESIAN_POINT ( 'NONE',  ( 0.5000000000000000000, 7.246663566896333300, -31.82000000000000000 ) ) ;
#827 = CARTESIAN_POINT ( 'NONE',  ( 6.911958682988795600, 2.240000000000000200, 25.00000000000000000 ) ) ;
#828 = AXIS2_PLACEMENT_3D ( 'NONE', #3640, #2365, #2350 ) ;
#829 = DIRECTION ( 'NONE',  ( -0.0000000000000000000, 1.000000000000000000, -0.0000000000000000000 ) ) ;
#830 = PLANE ( 'NONE',  #2585 ) ;
#831 = EDGE_CURVE ( 'NONE', #1860, #3377, #760, .T. ) ;
#832 = DIRECTION ( 'NONE',  ( 1.000000000000000000, 0.0000000000000000000, 0.0000000000000000000 ) ) ;
#833 = ORIENTED_EDGE ( 'NONE', *, *, #1661, .T. ) ;
#834 = DIRECTION ( 'NONE',  ( 1.000000000000000000, 0.0000000000000000000, 0.0000000000000000000 ) ) ;
#835 = APPLICATION_CONTEXT ( 'configuration controlled 3d designs of mechanical parts and assemblies' ) ;
#836 = DIRECTION ( 'NONE',  ( 1.000000000000000000, -2.312964634635742700E-015, 0.0000000000000000000 ) ) ;
#837 = ORIENTED_EDGE ( 'NONE', *, *, #664, .T. ) ;
#838 = EDGE_LOOP ( 'NONE', ( #1790, #819, #1420, #565 ) ) ;
#839 = DIRECTION ( 'NONE',  ( -1.000000000000000000, -0.0000000000000000000, -0.0000000000000000000 ) ) ;
#840 = EDGE_CURVE ( 'NONE', #3292, #2740, #1739, .T. ) ;
#841 = DIRECTION ( 'NONE',  ( 0.9231850650931188200, -0.3843557409341166700, 0.0000000000000000000 ) ) ;
#842 = VECTOR ( 'NONE', #396, 1000.000000000000100 ) ;
#843 = EDGE_CURVE ( 'NONE', #538, #2413, #1995, .T. ) ;
#844 = DIRECTION ( 'NONE',  ( 0.0000000000000000000, 1.000000000000000000, 0.0000000000000000000 ) ) ;
#845 = FACE_OUTER_BOUND ( 'NONE', #2476, .T. ) ;
#846 = ORIENTED_EDGE ( 'NONE', *, *, #2685, .F. ) ;
#847 = CARTESIAN_POINT ( 'NONE',  ( 6.588275186769087600, 9.825573679019864700, 25.00000000000000000 ) ) ;
#848 = DIRECTION ( 'NONE',  ( 0.0000000000000000000, -1.000000000000000000, 0.0000000000000000000 ) ) ;
#849 = VECTOR ( 'NONE', #1380, 1000.000000000000000 ) ;
#850 = ORIENTED_EDGE ( 'NONE', *, *, #2320, .F. ) ;
#851 = CARTESIAN_POINT ( 'NONE',  ( -5.789573317131259800, 13.87480062250881300, -25.00000000000000000 ) ) ;
#852 = EDGE_CURVE ( 'NONE', #1198, #2760, #3263, .T. ) ;
#853 = ORIENTED_EDGE ( 'NONE', *, *, #1071, .F. ) ;
#854 = VECTOR ( 'NONE', #552, 1000.000000000000200 ) ;
#855 = ORIENTED_EDGE ( 'NONE', *, *, #4062, .F. ) ;
#856 = ORIENTED_EDGE ( 'NONE', *, *, #3340, .F. ) ;
#857 = DIRECTION ( 'NONE',  ( -1.224646799147353200E-016, -1.000000000000000000, 0.0000000000000000000 ) ) ;
#858 = ORIENTED_EDGE ( 'NONE', *, *, #536, .T. ) ;
#859 = LINE ( 'NONE', #3164, #2817 ) ;
#860 = CARTESIAN_POINT ( 'NONE',  ( 0.7500000000000000000, 6.599999999999999600, 25.00000000000000000 ) ) ;
#861 = VERTEX_POINT ( 'NONE', #1754 ) ;
#862 = CIRCLE ( 'NONE', #4137, 0.7500000000000000000 ) ;
#863 = CARTESIAN_POINT ( 'NONE',  ( 0.0000000000000000000, 6.599999999999999600, 24.50000000000000000 ) ) ;
#864 = CARTESIAN_POINT ( 'NONE',  ( -14.48000000000000000, 2.240000000000000200, -15.00000000000000000 ) ) ;
#866 = DIRECTION ( 'NONE',  ( 0.0000000000000000000, 0.0000000000000000000, 1.000000000000000000 ) ) ;
#865 = LINE ( 'NONE', #1069, #3113 ) ;
#867 = CARTESIAN_POINT ( 'NONE',  ( -0.3008877923094665000, 5.895953195917390300, 31.82000000000000000 ) ) ;
#868 = EDGE_LOOP ( 'NONE', ( #4176, #2423, #2814, #1062, #3710, #2323, #324 ) ) ;
#869 = EDGE_CURVE ( 'NONE', #2760, #755, #2924, .T. ) ;
#870 = FACE_OUTER_BOUND ( 'NONE', #2980, .T. ) ;
#871 = CARTESIAN_POINT ( 'NONE',  ( 6.982355285352881000, 7.157736418631229100, -25.00000000000000000 ) ) ;
#872 = AXIS2_PLACEMENT_3D ( 'NONE', #3647, #88, #3991 ) ;
#873 = CARTESIAN_POINT ( 'NONE',  ( 0.0000000000000000000, 6.599999999999999600, 31.82000000000000000 ) ) ;
#874 = VERTEX_POINT ( 'NONE', #1089 ) ;
#875 = EDGE_LOOP ( 'NONE', ( #2504, #2040, #1621, #1073 ) ) ;
#876 = DIRECTION ( 'NONE',  ( 1.000000000000000000, 0.0000000000000000000, 0.0000000000000000000 ) ) ;
#877 = DIRECTION ( 'NONE',  ( 0.0000000000000000000, 0.0000000000000000000, -1.000000000000000000 ) ) ;
#878 = AXIS2_PLACEMENT_3D ( 'NONE', #3035, #3725, #2758 ) ;
#879 = EDGE_CURVE ( 'NONE', #1208, #308, #1429, .T. ) ;
#880 = DIRECTION ( 'NONE',  ( -1.000000000000000000, 0.0000000000000000000, 0.0000000000000000000 ) ) ;
#881 = CARTESIAN_POINT ( 'NONE',  ( -0.5000000000000000000, 5.115190549955709500, 35.32000000000000700 ) ) ;
#882 = CARTESIAN_POINT ( 'NONE',  ( 0.0000000000000000000, 6.599999999999999600, 25.00000000000000000 ) ) ;
#883 = AXIS2_PLACEMENT_3D ( 'NONE', #2173, #3442, #2192 ) ;
#884 = CARTESIAN_POINT ( 'NONE',  ( 0.0000000000000000000, 6.599999999999999600, 31.82000000000000000 ) ) ;
#885 = VERTEX_POINT ( 'NONE', #160 ) ;
#886 = ORIENTED_EDGE ( 'NONE', *, *, #1369, .T. ) ;
#887 = ORIENTED_EDGE ( 'NONE', *, *, #3626, .T. ) ;
#888 = CARTESIAN_POINT ( 'NONE',  ( -5.000000000000000900, 6.600000000000000500, 24.80000000000000400 ) ) ;
#889 = DIRECTION ( 'NONE',  ( -0.0000000000000000000, -1.000000000000000000, -0.0000000000000000000 ) ) ;
#890 = EDGE_LOOP ( 'NONE', ( #2542, #1768, #286 ) ) ;
#891 = DIRECTION ( 'NONE',  ( 0.0000000000000000000, 0.0000000000000000000, 1.000000000000000000 ) ) ;
#892 = ORIENTED_EDGE ( 'NONE', *, *, #2260, .F. ) ;
#893 = CARTESIAN_POINT ( 'NONE',  ( 0.5000000000000000000, 6.054493340685100500, 31.69095996052826400 ) ) ;
#894 = CIRCLE ( 'NONE', #3062, 0.5500000000000000400 ) ;
#895 = DIRECTION ( 'NONE',  ( -1.000000000000000000, 0.0000000000000000000, 0.0000000000000000000 ) ) ;
#896 = FACE_OUTER_BOUND ( 'NONE', #2296, .T. ) ;
#897 = ORIENTED_EDGE ( 'NONE', *, *, #2382, .F. ) ;
#898 = AXIS2_PLACEMENT_3D ( 'NONE', #3191, #1876, #3525 ) ;
#899 = EDGE_CURVE ( 'NONE', #621, #1657, #670, .T. ) ;
#900 = VECTOR ( 'NONE', #1624, 1000.000000000000000 ) ;
#901 = ORIENTED_EDGE ( 'NONE', *, *, #1769, .T. ) ;
#902 = CARTESIAN_POINT ( 'NONE',  ( 6.588275186769087600, 9.825573679019864700, 25.00000000000000000 ) ) ;
#903 = CARTESIAN_POINT ( 'NONE',  ( -0.5000000000000000000, 6.615190549955709500, 34.62000000000000500 ) ) ;
#904 = LINE ( 'NONE', #4072, #1672 ) ;
#905 = VECTOR ( 'NONE', #3904, 1000.000000000000000 ) ;
#906 = DIRECTION ( 'NONE',  ( -0.0000000000000000000, -1.000000000000000000, -0.0000000000000000000 ) ) ;
#907 = CARTESIAN_POINT ( 'NONE',  ( 0.5000000000000000000, 6.370871215252207300, 31.82000000000000000 ) ) ;
#908 = ORIENTED_EDGE ( 'NONE', *, *, #2993, .F. ) ;
#909 = VERTEX_POINT ( 'NONE', #3378 ) ;
#910 = LINE ( 'NONE', #3727, #1730 ) ;
#911 = ORIENTED_EDGE ( 'NONE', *, *, #3350, .T. ) ;
#912 = ORIENTED_EDGE ( 'NONE', *, *, #3949, .T. ) ;
#913 = CIRCLE ( 'NONE', #2436, 0.1999999999999987900 ) ;
#914 = ORIENTED_EDGE ( 'NONE', *, *, #2838, .T. ) ;
#915 = CARTESIAN_POINT ( 'NONE',  ( -14.48000000000000000, 2.240000000000000200, -15.00000000000000000 ) ) ;
#916 = CARTESIAN_POINT ( 'NONE',  ( 0.0000000000000000000, 6.599999999999999600, -31.82000000000000000 ) ) ;
#917 = VECTOR ( 'NONE', #2189, 1000.000000000000200 ) ;
#918 = DIRECTION ( 'NONE',  ( 0.0000000000000000000, 0.0000000000000000000, 1.000000000000000000 ) ) ;
#919 = LINE ( 'NONE', #2946, #1690 ) ;
#920 = ORIENTED_EDGE ( 'NONE', *, *, #199, .F. ) ;
#921 = VECTOR ( 'NONE', #2210, 1000.000000000000100 ) ;
#922 = CARTESIAN_POINT ( 'NONE',  ( -4.250000000000000000, 6.600000000000000500, 24.80000000000000400 ) ) ;
#923 = EDGE_CURVE ( 'NONE', #1109, #253, #3978, .T. ) ;
#924 = DIRECTION ( 'NONE',  ( -1.000000000000000000, -0.0000000000000000000, -0.0000000000000000000 ) ) ;
#925 = EDGE_CURVE ( 'NONE', #2450, #1997, #1259, .T. ) ;
#926 = DIRECTION ( 'NONE',  ( 0.0000000000000000000, 0.0000000000000000000, 1.000000000000000000 ) ) ;
#927 = ADVANCED_FACE ( 'NONE', ( #3461 ), #2111, .T. ) ;
#928 = DIRECTION ( 'NONE',  ( 0.0000000000000000000, 0.0000000000000000000, 1.000000000000000000 ) ) ;
#929 = DIRECTION ( 'NONE',  ( 0.0000000000000000000, -1.000000000000000000, 0.0000000000000000000 ) ) ;
#930 = CARTESIAN_POINT ( 'NONE',  ( 4.592425496802577300E-017, 7.349999999999999600, 31.82000000000000000 ) ) ;
#931 = EDGE_CURVE ( 'NONE', #2965, #1038, #2191, .T. ) ;
#932 = VERTEX_POINT ( 'NONE', #531 ) ;
#933 = AXIS2_PLACEMENT_3D ( 'NONE', #3539, #624, #4167 ) ;
#934 = ORIENTED_EDGE ( 'NONE', *, *, #2933, .F. ) ;
#935 = PLANE ( 'NONE',  #2032 ) ;
#936 = CARTESIAN_POINT ( 'NONE',  ( 5.789573317131256200, 13.87480062250881500, -25.00000000000000000 ) ) ;
#937 = VERTEX_POINT ( 'NONE', #2153 ) ;
#938 = ORIENTED_EDGE ( 'NONE', *, *, #899, .T. ) ;
#939 = CARTESIAN_POINT ( 'NONE',  ( 14.48000000000000000, 0.0000000000000000000, -25.00000000000000000 ) ) ;
#940 = FACE_OUTER_BOUND ( 'NONE', #1498, .T. ) ;
#941 = EDGE_CURVE ( 'NONE', #1210, #2321, #4126, .T. ) ;
#942 = CARTESIAN_POINT ( 'NONE',  ( -8.691243068228066800, 6.541951982200360200, -25.00000000000000000 ) ) ;
#943 = CARTESIAN_POINT ( 'NONE',  ( -6.982355285352882700, 6.592120282318093800, 25.00000000000000000 ) ) ;
#944 = CARTESIAN_POINT ( 'NONE',  ( 0.5000000000000000000, 6.370871215252207300, 31.82000000000000000 ) ) ;
#945 = LINE ( 'NONE', #3259, #3043 ) ;
#946 = ORIENTED_EDGE ( 'NONE', *, *, #1910, .T. ) ;
#947 = PLANE ( 'NONE',  #1955 ) ;
#948 = ADVANCED_FACE ( 'NONE', ( #3060 ), #364, .T. ) ;
#949 = DIRECTION ( 'NONE',  ( 0.0000000000000000000, 0.1254381138893790600, -0.9921014462159981600 ) ) ;
#950 = LINE ( 'NONE', #4157, #2856 ) ;
#951 = AXIS2_PLACEMENT_3D ( 'NONE', #1118, #428, #2163 ) ;
#952 = EDGE_CURVE ( 'NONE', #81, #1384, #3821, .T. ) ;
#953 = CARTESIAN_POINT ( 'NONE',  ( -0.5000000000000000000, 5.409504101059961400, 32.99224736853910400 ) ) ;
#954 = ORIENTED_EDGE ( 'NONE', *, *, #3452, .F. ) ;
#955 = TOROIDAL_SURFACE ( 'NONE', #3311, 0.5500000000000000400, 0.2000000000000000100 ) ;
#956 = DIRECTION ( 'NONE',  ( 0.0000000000000000000, 0.0000000000000000000, 1.000000000000000000 ) ) ;
#957 = AXIS2_PLACEMENT_3D ( 'NONE', #2925, #926, #1949 ) ;
#958 = EDGE_LOOP ( 'NONE', ( #1467, #1301 ) ) ;
#959 = VERTEX_POINT ( 'NONE', #847 ) ;
#960 = CARTESIAN_POINT ( 'NONE',  ( -6.982355285352882700, 6.592120282318093800, -25.00000000000000000 ) ) ;
#962 = CARTESIAN_POINT ( 'NONE',  ( -0.1183174142571752900, 7.388149105919482400, 31.87143650824693400 ) ) ;
#961 = LINE ( 'NONE', #1577, #2093 ) ;
#963 = ORIENTED_EDGE ( 'NONE', *, *, #3155, .F. ) ;
#964 = LINE ( 'NONE', #3467, #3825 ) ;
#965 = CARTESIAN_POINT ( 'NONE',  ( -0.3799029234539904000, 7.246663566896351000, -31.82000000000000000 ) ) ;
#966 = AXIS2_PLACEMENT_3D ( 'NONE', #2353, #2012, #3329 ) ;
#967 = FACE_OUTER_BOUND ( 'NONE', #1666, .T. ) ;
#968 = CARTESIAN_POINT ( 'NONE',  ( 6.911958682988795600, 2.389310821482963000, 25.00000000000000000 ) ) ;
#969 = ORIENTED_EDGE ( 'NONE', *, *, #1173, .F. ) ;
#970 = FACE_OUTER_BOUND ( 'NONE', #3310, .T. ) ;
#971 = CARTESIAN_POINT ( 'NONE',  ( -0.5000000000000000000, 7.246663566896333300, -32.02000000000000300 ) ) ;
#972 = ORIENTED_EDGE ( 'NONE', *, *, #432, .F. ) ;
#973 = CARTESIAN_POINT ( 'NONE',  ( -8.691243068228066800, 5.644551875750796200, 25.00000000000000000 ) ) ;
#974 = ADVANCED_FACE ( 'NONE', ( #660, #3258 ), #542, .F. ) ;
#975 = ORIENTED_EDGE ( 'NONE', *, *, #338, .T. ) ;
#976 = DIRECTION ( 'NONE',  ( -0.0000000000000000000, 0.1254381138893856100, 0.9921014462159973800 ) ) ;
#977 = DIRECTION ( 'NONE',  ( -1.000000000000000000, -0.0000000000000000000, -0.0000000000000000000 ) ) ;
#978 = AXIS2_PLACEMENT_3D ( 'NONE', #1050, #2048, #3324 ) ;
#979 = EDGE_CURVE ( 'NONE', #2528, #1651, #2866, .T. ) ;
#980 = EDGE_LOOP ( 'NONE', ( #749, #2637, #1635, #3591 ) ) ;
#981 = CARTESIAN_POINT ( 'NONE',  ( -0.5000000000000000000, 7.159016994374948000, -31.82000000000000000 ) ) ;
#982 = DIRECTION ( 'NONE',  ( 1.000000000000000000, 0.0000000000000000000, 0.0000000000000000000 ) ) ;
#983 = EDGE_LOOP ( 'NONE', ( #3477, #383 ) ) ;
#984 = ORIENTED_EDGE ( 'NONE', *, *, #347, .T. ) ;
#985 = CARTESIAN_POINT ( 'NONE',  ( 8.219152229546502000, 9.426348619902890700, -25.00000000000000000 ) ) ;
#986 = DIRECTION ( 'NONE',  ( 1.000000000000000000, 0.0000000000000000000, 0.0000000000000000000 ) ) ;
#987 = DIRECTION ( 'NONE',  ( -0.4615920579147516600, -0.8870923131613893700, 0.0000000000000000000 ) ) ;
#988 = EDGE_CURVE ( 'NONE', #51, #1384, #1310, .T. ) ;
#989 = ORIENTED_EDGE ( 'NONE', *, *, #1053, .T. ) ;
#990 = CARTESIAN_POINT ( 'NONE',  ( -6.588275186769091200, 9.825573679019864700, -25.00000000000000000 ) ) ;
#991 = CIRCLE ( 'NONE', #599, 4.250000000000000000 ) ;
#992 = ADVANCED_FACE ( 'NONE', ( #1734 ), #1888, .F. ) ;
#993 = CARTESIAN_POINT ( 'NONE',  ( 0.5000000000000000000, 7.820876998851447000, 32.99224736853911800 ) ) ;
#994 = LINE ( 'NONE', #2380, #3956 ) ;
#995 = ORIENTED_EDGE ( 'NONE', *, *, #2600, .F. ) ;
#996 = CARTESIAN_POINT ( 'NONE',  ( 0.0000000000000000000, 6.599999999999999600, 24.50000000000000000 ) ) ;
#997 = EDGE_CURVE ( 'NONE', #1889, #3301, #859, .T. ) ;
#998 = VECTOR ( 'NONE', #4192, 1000.000000000000000 ) ;
#999 = ORIENTED_EDGE ( 'NONE', *, *, #879, .F. ) ;
#1000 = CARTESIAN_POINT ( 'NONE',  ( 6.588275186769087600, 9.825573679019864700, -25.00000000000000000 ) ) ;
#1001 = VECTOR ( 'NONE', #4052, 1000.000000000000000 ) ;
#1002 = CYLINDRICAL_SURFACE ( 'NONE', #3745, 5.000000000000000900 ) ;
#1003 = DIRECTION ( 'NONE',  ( 0.0000000000000000000, 0.0000000000000000000, -1.000000000000000000 ) ) ;
#1004 = CARTESIAN_POINT ( 'NONE',  ( -0.7500000000000000000, 6.599999999999999600, 31.82000000000000000 ) ) ;
#1005 = EDGE_LOOP ( 'NONE', ( #3413, #1974, #236, #4118 ) ) ;
#1006 = EDGE_LOOP ( 'NONE', ( #1654, #2145, #2716, #3872 ) ) ;
#1007 = LINE ( 'NONE', #29, #560 ) ;
#1008 = AXIS2_PLACEMENT_3D ( 'NONE', #3629, #1698, #3955 ) ;
#1009 = EDGE_LOOP ( 'NONE', ( #2510, #920, #2084, #4015 ) ) ;
#1010 = DIRECTION ( 'NONE',  ( 1.000000000000000000, 0.0000000000000000000, -0.0000000000000000000 ) ) ;
#1011 = EDGE_LOOP ( 'NONE', ( #1704, #2446, #1650, #3472, #2907 ) ) ;
#1012 = LINE ( 'NONE', #43, #1844 ) ;
#1013 = ORIENTED_EDGE ( 'NONE', *, *, #852, .T. ) ;
#1014 = ADVANCED_FACE ( 'NONE', ( #1837 ), #3768, .T. ) ;
#1015 = AXIS2_PLACEMENT_3D ( 'NONE', #3989, #3345, #714 ) ;
#1016 = CARTESIAN_POINT ( 'NONE',  ( 6.982355285352881000, 5.644551875750796200, 25.00000000000000000 ) ) ;
#1017 = CIRCLE ( 'NONE', #2590, 2.492694426093549500 ) ;
#1018 = ADVANCED_FACE ( 'NONE', ( #466 ), #3430, .T. ) ;
#1019 = CARTESIAN_POINT ( 'NONE',  ( 0.5000000000000000000, 5.983717533015084000, 31.82000000000000000 ) ) ;
#1020 = DIRECTION ( 'NONE',  ( 1.000000000000000000, 0.0000000000000000000, 0.0000000000000000000 ) ) ;
#1021 = LINE ( 'NONE', #3098, #3065 ) ;
#1022 = ORIENTED_EDGE ( 'NONE', *, *, #276, .F. ) ;
#1023 = VERTEX_POINT ( 'NONE', #3755 ) ;
#1024 = PLANE ( 'NONE',  #1448 ) ;
#1025 = VERTEX_POINT ( 'NONE', #2820 ) ;
#1026 = DIRECTION ( 'NONE',  ( 0.0000000000000000000, 0.0000000000000000000, 1.000000000000000000 ) ) ;
#1027 = EDGE_CURVE ( 'NONE', #4085, #1337, #1367, .T. ) ;
#1028 = CARTESIAN_POINT ( 'NONE',  ( -8.691243068228066800, 5.644551875750796200, -25.00000000000000000 ) ) ;
#1029 = AXIS2_PLACEMENT_3D ( 'NONE', #374, #680, #410 ) ;
#1030 = DIRECTION ( 'NONE',  ( 0.0000000000000000000, 0.0000000000000000000, 1.000000000000000000 ) ) ;
#1031 = DIRECTION ( 'NONE',  ( 0.0000000000000000000, -0.1254381138893856100, 0.9921014462159973800 ) ) ;
#1032 = CARTESIAN_POINT ( 'NONE',  ( 0.7500000000000000000, 6.599999999999999600, -31.61999999999999400 ) ) ;
#1033 = ORIENTED_EDGE ( 'NONE', *, *, #3125, .F. ) ;
#1034 = EDGE_CURVE ( 'NONE', #1023, #1997, #255, .T. ) ;
#1035 = ORIENTED_EDGE ( 'NONE', *, *, #432, .T. ) ;
#1036 = ADVANCED_FACE ( 'NONE', ( #2967 ), #3874, .T. ) ;
#1037 = DIRECTION ( 'NONE',  ( 0.0000000000000000000, 0.0000000000000000000, -1.000000000000000000 ) ) ;
#1038 = VERTEX_POINT ( 'NONE', #2209 ) ;
#1039 = AXIS2_PLACEMENT_3D ( 'NONE', #1749, #1041, #100 ) ;
#1040 = ORIENTED_EDGE ( 'NONE', *, *, #222, .T. ) ;
#1041 = DIRECTION ( 'NONE',  ( 1.000000000000000000, 0.0000000000000000000, -0.0000000000000000000 ) ) ;
#1042 = CARTESIAN_POINT ( 'NONE',  ( -8.530284146270677300, 3.231394751068567700, 25.00000000000000000 ) ) ;
#1043 = CARTESIAN_POINT ( 'NONE',  ( 0.0000000000000000000, 6.599999999999999600, -24.50000000000000000 ) ) ;
#1044 = VECTOR ( 'NONE', #479, 1000.000000000000000 ) ;
#1045 = CARTESIAN_POINT ( 'NONE',  ( 0.5000000000000000000, 6.615190549955709500, 34.02000000000000300 ) ) ;
#1046 = DIRECTION ( 'NONE',  ( 1.000000000000000000, 0.0000000000000000000, 0.0000000000000000000 ) ) ;
#1047 = DIRECTION ( 'NONE',  ( 0.0000000000000000000, 0.0000000000000000000, -1.000000000000000000 ) ) ;
#1048 = LINE ( 'NONE', #3888, #546 ) ;
#1049 = ORIENTED_EDGE ( 'NONE', *, *, #2699, .F. ) ;
#1050 = CARTESIAN_POINT ( 'NONE',  ( -14.48000000000000000, 2.240000000000000200, -25.00000000000000000 ) ) ;
#1051 = LINE ( 'NONE', #3576, #2648 ) ;
#1052 = ORIENTED_EDGE ( 'NONE', *, *, #2714, .T. ) ;
#1053 = EDGE_CURVE ( 'NONE', #3272, #464, #3919, .T. ) ;
#1054 = ORIENTED_EDGE ( 'NONE', *, *, #781, .F. ) ;
#1055 = ADVANCED_FACE ( 'NONE', ( #2243 ), #4028, .T. ) ;
#1057 = DIRECTION ( 'NONE',  ( 1.000000000000000000, 0.0000000000000000000, -0.0000000000000000000 ) ) ;
#1056 = CYLINDRICAL_SURFACE ( 'NONE', #2201, 5.000000000000000900 ) ;
#1058 = CARTESIAN_POINT ( 'NONE',  ( 8.691243068228063300, 6.541951982200360200, 25.00000000000000000 ) ) ;
#1059 = ORIENTED_EDGE ( 'NONE', *, *, #1582, .F. ) ;
#1060 = EDGE_CURVE ( 'NONE', #329, #909, #3160, .T. ) ;
#1061 = VERTEX_POINT ( 'NONE', #2249 ) ;
#1062 = ORIENTED_EDGE ( 'NONE', *, *, #1872, .T. ) ;
#1063 = CYLINDRICAL_SURFACE ( 'NONE', #3089, 2.492694426093546000 ) ;
#1064 = DIRECTION ( 'NONE',  ( 1.000000000000000000, 0.0000000000000000000, 0.0000000000000000000 ) ) ;
#1065 = VERTEX_POINT ( 'NONE', #1266 ) ;
#1066 = VECTOR ( 'NONE', #1652, 1000.000000000000200 ) ;
#1067 = VECTOR ( 'NONE', #924, 1000.000000000000000 ) ;
#1068 = VERTEX_POINT ( 'NONE', #2588 ) ;
#1069 = CARTESIAN_POINT ( 'NONE',  ( -4.250000000000000000, 6.600000000000000500, 24.50000000000000000 ) ) ;
#1070 = CYLINDRICAL_SURFACE ( 'NONE', #1179, 4.250000000000000000 ) ;
#1071 = EDGE_CURVE ( 'NONE', #1851, #1834, #30, .T. ) ;
#1072 = AXIS2_PLACEMENT_3D ( 'NONE', #1194, #3780, #832 ) ;
#1073 = ORIENTED_EDGE ( 'NONE', *, *, #1520, .T. ) ;
#1074 = DIRECTION ( 'NONE',  ( -1.000000000000000000, -0.0000000000000000000, -0.0000000000000000000 ) ) ;
#1075 = ORIENTED_EDGE ( 'NONE', *, *, #3871, .T. ) ;
#1076 = DIRECTION ( 'NONE',  ( 0.0000000000000000000, 1.000000000000000000, -0.0000000000000000000 ) ) ;
#1077 = ADVANCED_FACE ( 'NONE', ( #419 ), #2537, .T. ) ;
#1078 = DIRECTION ( 'NONE',  ( -0.9973766537247332800, -0.07238653607442120700, 0.0000000000000000000 ) ) ;
#1079 = DIRECTION ( 'NONE',  ( 1.000000000000000000, 0.0000000000000000000, 0.0000000000000000000 ) ) ;
#1080 = CARTESIAN_POINT ( 'NONE',  ( 0.7500000000000000000, 6.599999999999999600, 31.82000000000000000 ) ) ;
#1081 = EDGE_CURVE ( 'NONE', #99, #1868, #961, .T. ) ;
#1082 = DIRECTION ( 'NONE',  ( -1.000000000000000000, -0.0000000000000000000, -0.0000000000000000000 ) ) ;
#1083 = ORIENTED_EDGE ( 'NONE', *, *, #199, .T. ) ;
#1084 = CARTESIAN_POINT ( 'NONE',  ( 0.5000000000000001100, 6.226747326885575100, -31.81374846396891300 ) ) ;
#1085 = CARTESIAN_POINT ( 'NONE',  ( 6.982355285352881000, 5.644551875750796200, 25.00000000000000000 ) ) ;
#1086 = ORIENTED_EDGE ( 'NONE', *, *, #594, .T. ) ;
#1087 = ORIENTED_EDGE ( 'NONE', *, *, #2986, .T. ) ;
#1088 = AXIS2_PLACEMENT_3D ( 'NONE', #1821, #1486, #3767 ) ;
#1089 = CARTESIAN_POINT ( 'NONE',  ( 0.7500000000000000000, 6.599999999999999600, 31.62000000000000100 ) ) ;
#1090 = CARTESIAN_POINT ( 'NONE',  ( 0.0000000000000000000, 6.599999999999999600, -24.69999999999999900 ) ) ;
#1091 = EDGE_CURVE ( 'NONE', #491, #3538, #3562, .T. ) ;
#1092 = VERTEX_POINT ( 'NONE', #595 ) ;
#1093 = CARTESIAN_POINT ( 'NONE',  ( -0.5000000000000002200, 7.070596677196082400, -31.76877031889994300 ) ) ;
#1094 = CARTESIAN_POINT ( 'NONE',  ( 0.5000000000000000000, 6.615190549955709500, -34.02000000000000300 ) ) ;
#1095 = VECTOR ( 'NONE', #2792, 1000.000000000000000 ) ;
#1096 = ORIENTED_EDGE ( 'NONE', *, *, #1322, .T. ) ;
#1097 = DIRECTION ( 'NONE',  ( -0.0000000000000000000, 0.9921014462159982700, 0.1254381138893790900 ) ) ;
#1098 = CARTESIAN_POINT ( 'NONE',  ( -0.5000000000000000000, 6.040983005625052200, 31.82000000000000000 ) ) ;
#1099 = EDGE_CURVE ( 'NONE', #1109, #782, #516, .T. ) ;
#1100 = CYLINDRICAL_SURFACE ( 'NONE', #735, 0.6000000000000033100 ) ;
#1101 = ORIENTED_EDGE ( 'NONE', *, *, #3686, .T. ) ;
#1102 = DIRECTION ( 'NONE',  ( 1.000000000000000000, 0.0000000000000000000, 0.0000000000000000000 ) ) ;
#1103 = DIRECTION ( 'NONE',  ( -0.9646183459533805800, 0.2636502354449246600, 0.0000000000000000000 ) ) ;
#1104 = B_SPLINE_CURVE_WITH_KNOTS ( 'NONE', 3,
 ( #1667, #2058, #1713, #2708 ),
 .UNSPECIFIED., .F., .F.,
 ( 4, 4 ),
 ( 0.0000000000000000000, 0.0004025878223413910400 ),
 .UNSPECIFIED. ) ;
#1105 = CYLINDRICAL_SURFACE ( 'NONE', #2629, 4.250000000000000000 ) ;
#1106 = FACE_OUTER_BOUND ( 'NONE', #4171, .T. ) ;
#1107 = CARTESIAN_POINT ( 'NONE',  ( 0.5000000000000000000, 8.115190549955711300, 35.32000000000000700 ) ) ;
#1108 = VERTEX_POINT ( 'NONE', #2886 ) ;
#1109 = VERTEX_POINT ( 'NONE', #3214 ) ;
#1110 = CIRCLE ( 'NONE', #3720, 2.492694426093553100 ) ;
#1111 = ORIENTED_EDGE ( 'NONE', *, *, #3664, .F. ) ;
#1112 = ORIENTED_EDGE ( 'NONE', *, *, #1235, .T. ) ;
#1113 = CIRCLE ( 'NONE', #1015, 0.1999999999999987900 ) ;
#1114 = CIRCLE ( 'NONE', #3958, 0.6000000000000033100 ) ;
#1115 = CARTESIAN_POINT ( 'NONE',  ( 6.120313219301209500, 12.66472100003637800, 25.00000000000000000 ) ) ;
#1116 = EDGE_CURVE ( 'NONE', #4071, #3450, #1211, .T. ) ;
#1117 = CIRCLE ( 'NONE', #2448, 0.6000000000000033100 ) ;
#1119 = CIRCLE ( 'NONE', #3615, 5.000000000000000900 ) ;
#1118 = CARTESIAN_POINT ( 'NONE',  ( 0.0000000000000000000, 6.599999999999999600, -31.82000000000000000 ) ) ;
#1120 = CARTESIAN_POINT ( 'NONE',  ( -6.982355285352882700, 7.157736418631229100, -25.00000000000000000 ) ) ;
#1121 = LINE ( 'NONE', #2483, #4086 ) ;
#1122 = ORIENTED_EDGE ( 'NONE', *, *, #1144, .T. ) ;
#1123 = DIRECTION ( 'NONE',  ( 0.0000000000000000000, 0.0000000000000000000, 1.000000000000000000 ) ) ;
#1124 = EDGE_CURVE ( 'NONE', #1468, #253, #1110, .T. ) ;
#1125 = CARTESIAN_POINT ( 'NONE',  ( 0.5000000000000000000, 7.070596677196082400, 31.76877031889995700 ) ) ;
#1126 = DIRECTION ( 'NONE',  ( -0.3843557409341166200, -0.9231850650931188200, 0.0000000000000000000 ) ) ;
#1127 = CARTESIAN_POINT ( 'NONE',  ( -7.464158558306550600, 12.76225316980100100, 25.00000000000000000 ) ) ;
#1128 = PLANE ( 'NONE',  #2081 ) ;
#1129 = ORIENTED_EDGE ( 'NONE', *, *, #979, .T. ) ;
#1130 = EDGE_CURVE ( 'NONE', #1741, #242, #3361, .T. ) ;
#1131 = VERTEX_POINT ( 'NONE', #573 ) ;
#1132 = CARTESIAN_POINT ( 'NONE',  ( -0.5000000000000000000, 7.070599732727077800, 31.76874606693645800 ) ) ;
#1133 = EDGE_LOOP ( 'NONE', ( #3786, #1572, #3468, #2941, #1086, #3903, #809, #1154, #3865, #675, #1474, #2489, #3016, #1278, #3853, #28, #3314, #1815, #1178, #1786, #2051, #3509, #2214, #3280, #1464, #887, #1346, #4001, #397, #1112, #833, #3425, #1848, #1683, #1052, #3233, #3156, #3006, #2984, #2917, #553, #1136 ) ) ;
#1134 = EDGE_CURVE ( 'NONE', #909, #3625, #3671, .T. ) ;
#1135 = APPROVAL_PERSON_ORGANIZATION ( #3950, #2797, #2575 ) ;
#1136 = ORIENTED_EDGE ( 'NONE', *, *, #3115, .T. ) ;
#1137 = CARTESIAN_POINT ( 'NONE',  ( 0.0000000000000000000, 7.349999999999999600, -31.82000000000000000 ) ) ;
#1138 = CARTESIAN_POINT ( 'NONE',  ( -10.72000000000000200, 2.240000000000000200, -21.26000000000001200 ) ) ;
#1139 = DIRECTION ( 'NONE',  ( 1.000000000000000000, 0.0000000000000000000, 0.0000000000000000000 ) ) ;
#1140 = DIRECTION ( 'NONE',  ( -1.000000000000000000, 0.0000000000000000000, 0.0000000000000000000 ) ) ;
#1141 = DIRECTION ( 'NONE',  ( -0.9995693533488074800, 0.02934463913301628100, -0.0000000000000000000 ) ) ;
#1142 = DIRECTION ( 'NONE',  ( 0.0000000000000000000, 0.0000000000000000000, 1.000000000000000000 ) ) ;
#1143 = CIRCLE ( 'NONE', #1088, 0.1999999999999987900 ) ;
#1144 = EDGE_CURVE ( 'NONE', #1729, #2319, #3611, .T. ) ;
#1145 = AXIS2_PLACEMENT_3D ( 'NONE', #3157, #2172, #1806 ) ;
#1146 = CIRCLE ( 'NONE', #3579, 5.200000000000001100 ) ;
#1147 = ORIENTED_EDGE ( 'NONE', *, *, #1644, .F. ) ;
#1148 = CARTESIAN_POINT ( 'NONE',  ( -8.841416062994849100, 7.931731481647180000, -25.00000000000000000 ) ) ;
#1149 = LINE ( 'NONE', #3458, #3813 ) ;
#1150 = ORIENTED_EDGE ( 'NONE', *, *, #3224, .F. ) ;
#1151 = CARTESIAN_POINT ( 'NONE',  ( 0.0000000000000000000, 6.599999999999999600, 24.50000000000000000 ) ) ;
#1152 = DIRECTION ( 'NONE',  ( -0.0000000000000000000, -0.0000000000000000000, 1.000000000000000000 ) ) ;
#1153 = CARTESIAN_POINT ( 'NONE',  ( -7.342426627394416100, 4.327157177433245600, -25.00000000000000000 ) ) ;
#1154 = ORIENTED_EDGE ( 'NONE', *, *, #92, .T. ) ;
#1155 = LINE ( 'NONE', #3985, #2186 ) ;
#1156 = DIRECTION ( 'NONE',  ( 1.224646799147353200E-016, 1.000000000000000000, -0.0000000000000000000 ) ) ;
#1157 = CARTESIAN_POINT ( 'NONE',  ( 0.0000000000000000000, 0.0000000000000000000, 0.0000000000000000000 ) ) ;
#1158 = DIRECTION ( 'NONE',  ( 0.0000000000000000000, 0.0000000000000000000, 1.000000000000000000 ) ) ;
#1159 = EDGE_CURVE ( 'NONE', #1038, #1442, #2503, .T. ) ;
#1160 = ORIENTED_EDGE ( 'NONE', *, *, #152, .F. ) ;
#1161 = VERTEX_POINT ( 'NONE', #2292 ) ;
#1162 = LINE ( 'NONE', #3627, #1939 ) ;
#1163 = VERTEX_POINT ( 'NONE', #3907 ) ;
#1164 = AXIS2_PLACEMENT_3D ( 'NONE', #2384, #2764, #4017 ) ;
#1165 = CARTESIAN_POINT ( 'NONE',  ( -0.5000000000000000000, 6.900647183755826800, 31.81999999999999300 ) ) ;
#1166 = TOROIDAL_SURFACE ( 'NONE', #2622, 0.5500000000000000400, 0.2000000000000000100 ) ;
#1167 = LINE ( 'NONE', #4061, #476 ) ;
#1168 = ORIENTED_EDGE ( 'NONE', *, *, #1736, .T. ) ;
#1169 = DIRECTION ( 'NONE',  ( 1.000000000000000000, 0.0000000000000000000, 0.0000000000000000000 ) ) ;
#1170 = FACE_OUTER_BOUND ( 'NONE', #3668, .T. ) ;
#1171 = DIRECTION ( 'NONE',  ( 0.0000000000000000000, 0.0000000000000000000, 1.000000000000000000 ) ) ;
#1172 = AXIS2_PLACEMENT_3D ( 'NONE', #2089, #1462, #2128 ) ;
#1173 = EDGE_CURVE ( 'NONE', #1038, #2965, #2915, .T. ) ;
#1174 = ORIENTED_EDGE ( 'NONE', *, *, #2177, .T. ) ;
#1175 = CARTESIAN_POINT ( 'NONE',  ( 6.982355285352881000, 6.592120282318093800, -25.00000000000000000 ) ) ;
#1176 = CARTESIAN_POINT ( 'NONE',  ( -0.5000000000000000000, 6.370871215252207300, 31.82000000000000000 ) ) ;
#1177 = AXIS2_PLACEMENT_3D ( 'NONE', #1807, #2703, #406 ) ;
#1178 = ORIENTED_EDGE ( 'NONE', *, *, #4090, .T. ) ;
#1179 = AXIS2_PLACEMENT_3D ( 'NONE', #3342, #1353, #746 ) ;
#1180 = CARTESIAN_POINT ( 'NONE',  ( -0.5000000000000000000, 5.880381099911422100, 31.82000000000000000 ) ) ;
#1181 = CARTESIAN_POINT ( 'NONE',  ( -6.982355285352882700, 6.592120282318093800, 25.00000000000000000 ) ) ;
#1182 = CARTESIAN_POINT ( 'NONE',  ( 0.5000000000000000000, 7.246663566896333300, -32.02000000000000300 ) ) ;
#1183 = ORIENTED_EDGE ( 'NONE', *, *, #1475, .T. ) ;
#1184 = CARTESIAN_POINT ( 'NONE',  ( -6.982355285352882700, 5.644551875750796200, 25.00000000000000000 ) ) ;
#1185 = DIRECTION ( 'NONE',  ( 0.0000000000000000000, 0.0000000000000000000, 1.000000000000000000 ) ) ;
#1186 = CARTESIAN_POINT ( 'NONE',  ( 0.0000000000000000000, 6.599999999999999600, -25.00000000000000000 ) ) ;
#1187 = ORIENTED_EDGE ( 'NONE', *, *, #1544, .F. ) ;
#1188 = ORIENTED_EDGE ( 'NONE', *, *, #4136, .F. ) ;
#1189 = CARTESIAN_POINT ( 'NONE',  ( 7.342426627394414300, 4.327157177433245600, -25.00000000000000000 ) ) ;
#1190 = VERTEX_POINT ( 'NONE', #3595 ) ;
#1191 = AXIS2_PLACEMENT_3D ( 'NONE', #224, #1491, #2837 ) ;
#1192 = VECTOR ( 'NONE', #579, 1000.000000000000000 ) ;
#1193 = EDGE_CURVE ( 'NONE', #3747, #2992, #3013, .T. ) ;
#1194 = CARTESIAN_POINT ( 'NONE',  ( -4.800000000000001600, 6.599999999999998800, -24.69999999999999900 ) ) ;
#1195 = CARTESIAN_POINT ( 'NONE',  ( 6.911958682988795600, 2.389310821482963000, -25.00000000000000000 ) ) ;
#1196 = DIRECTION ( 'NONE',  ( 0.0000000000000000000, 0.0000000000000000000, 1.000000000000000000 ) ) ;
#1197 = CIRCLE ( 'NONE', #159, 0.7500000000000000000 ) ;
#1198 = VERTEX_POINT ( 'NONE', #2641 ) ;
#1199 = DIRECTION ( 'NONE',  ( -0.0000000000000000000, -1.000000000000000000, -0.0000000000000000000 ) ) ;
#1200 = PLANE ( 'NONE',  #1402 ) ;
#1201 = DIRECTION ( 'NONE',  ( -0.0000000000000000000, -0.0000000000000000000, -1.000000000000000000 ) ) ;
#1202 = FACE_OUTER_BOUND ( 'NONE', #319, .T. ) ;
#1203 = ORIENTED_EDGE ( 'NONE', *, *, #2495, .T. ) ;
#1204 = DIRECTION ( 'NONE',  ( -0.9646183459533805800, 0.2636502354449246600, 0.0000000000000000000 ) ) ;
#1205 = EDGE_CURVE ( 'NONE', #3181, #112, #1630, .T. ) ;
#1206 = LINE ( 'NONE', #2138, #1880 ) ;
#1207 = VECTOR ( 'NONE', #2288, 999.9999999999998900 ) ;
#1208 = VERTEX_POINT ( 'NONE', #1275 ) ;
#1209 = ORIENTED_EDGE ( 'NONE', *, *, #192, .T. ) ;
#1210 = VERTEX_POINT ( 'NONE', #677 ) ;
#1211 = LINE ( 'NONE', #2261, #1990 ) ;
#1212 = CARTESIAN_POINT ( 'NONE',  ( 14.48000000000000600, 0.0000000000000000000, 14.99999999999999800 ) ) ;
#1213 = ORIENTED_EDGE ( 'NONE', *, *, #3212, .F. ) ;
#1214 = EDGE_LOOP ( 'NONE', ( #908, #550, #1762, #1981 ) ) ;
#1215 = VECTOR ( 'NONE', #3631, 1000.000000000000000 ) ;
#1216 = DIRECTION ( 'NONE',  ( 0.4615920579147524400, -0.8870923131613889200, 0.0000000000000000000 ) ) ;
#1217 = DATE_TIME_ROLE ( 'creation_date' ) ;
#1218 = LINE ( 'NONE', #3758, #2300 ) ;
#1219 = CARTESIAN_POINT ( 'NONE',  ( -0.5000000000000000000, 7.820876998851447000, 32.99224736853911800 ) ) ;
#1220 = ORIENTED_EDGE ( 'NONE', *, *, #1954, .F. ) ;
#1221 = EDGE_CURVE ( 'NONE', #711, #411, #1007, .T. ) ;
#1222 = FACE_OUTER_BOUND ( 'NONE', #1237, .T. ) ;
#1223 = DIRECTION ( 'NONE',  ( 0.0000000000000000000, 0.0000000000000000000, 1.000000000000000000 ) ) ;
#1224 = VECTOR ( 'NONE', #4160, 1000.000000000000100 ) ;
#1225 = PLANE ( 'NONE',  #106 ) ;
#1226 = EDGE_LOOP ( 'NONE', ( #3158, #141, #2297 ) ) ;
#1227 = ORIENTED_EDGE ( 'NONE', *, *, #2158, .F. ) ;
#1228 = VERTEX_POINT ( 'NONE', #2954 ) ;
#1229 = CARTESIAN_POINT ( 'NONE',  ( -14.48000000000000000, 2.240000000000000200, -25.00000000000000000 ) ) ;
#1230 = AXIS2_PLACEMENT_3D ( 'NONE', #689, #2679, #1020 ) ;
#1231 = CARTESIAN_POINT ( 'NONE',  ( 4.592425496802577300E-017, 7.349999999999999600, 31.82000000000000000 ) ) ;
#1232 = AXIS2_PLACEMENT_3D ( 'NONE', #2830, #205, #2479 ) ;
#1233 = VERTEX_POINT ( 'NONE', #384 ) ;
#1234 = ORIENTED_EDGE ( 'NONE', *, *, #3432, .T. ) ;
#1235 = EDGE_CURVE ( 'NONE', #2968, #1454, #2608, .T. ) ;
#1236 = CALENDAR_DATE ( 2018, 16, 6 ) ;
#1237 = EDGE_LOOP ( 'NONE', ( #1568, #2855, #2303 ) ) ;
#1238 = CARTESIAN_POINT ( 'NONE',  ( 6.982355285352881000, 5.644551875750796200, -25.00000000000000000 ) ) ;
#1239 = CARTESIAN_POINT ( 'NONE',  ( -0.5000000000000000000, 7.246663566896333300, -31.82000000000000000 ) ) ;
#1240 = DIRECTION ( 'NONE',  ( -0.1956416779894807900, -0.9806754477570346400, 0.0000000000000000000 ) ) ;
#1241 = CARTESIAN_POINT ( 'NONE',  ( 0.4999999999999998900, 7.159016994374948000, -31.61999999999999400 ) ) ;
#1242 = CIRCLE ( 'NONE', #1008, 0.1999999999999987900 ) ;
#1243 = ADVANCED_FACE ( 'NONE', ( #310 ), #3242, .T. ) ;
#1244 = AXIS2_PLACEMENT_3D ( 'NONE', #4005, #2388, #91 ) ;
#1245 = EDGE_CURVE ( 'NONE', #3538, #2117, #1162, .T. ) ;
#1246 = VECTOR ( 'NONE', #1240, 1000.000000000000100 ) ;
#1247 = ORIENTED_EDGE ( 'NONE', *, *, #2783, .T. ) ;
#1248 = DIRECTION ( 'NONE',  ( -1.000000000000000000, -0.0000000000000000000, -0.0000000000000000000 ) ) ;
#1249 = VECTOR ( 'NONE', #3798, 1000.000000000000000 ) ;
#1250 = PLANE ( 'NONE',  #4193 ) ;
#1251 = ORIENTED_EDGE ( 'NONE', *, *, #2437, .F. ) ;
#1252 = LINE ( 'NONE', #1513, #77 ) ;
#1253 = EDGE_LOOP ( 'NONE', ( #2913, #585, #3383, #3974 ) ) ;
#1254 = CARTESIAN_POINT ( 'NONE',  ( 8.691243068228063300, 5.644551875750796200, -25.00000000000000000 ) ) ;
#1255 = PLANE ( 'NONE',  #348 ) ;
#1256 = DIRECTION ( 'NONE',  ( 0.0000000000000000000, 0.0000000000000000000, 1.000000000000000000 ) ) ;
#1257 = ORIENTED_EDGE ( 'NONE', *, *, #1736, .F. ) ;
#1258 = EDGE_LOOP ( 'NONE', ( #446, #1188, #1368, #659 ) ) ;
#1259 = CIRCLE ( 'NONE', #1592, 0.1999999999999996500 ) ;
#1260 = DIRECTION ( 'NONE',  ( 0.0000000000000000000, 0.0000000000000000000, -1.000000000000000000 ) ) ;
#1261 = FACE_OUTER_BOUND ( 'NONE', #3995, .T. ) ;
#1262 = DIRECTION ( 'NONE',  ( 0.0000000000000000000, 0.0000000000000000000, -1.000000000000000000 ) ) ;
#1263 = VECTOR ( 'NONE', #3127, 1000.000000000000000 ) ;
#1264 = ADVANCED_FACE ( 'NONE', ( #3506, #2398 ), #3257, .T. ) ;
#1265 = VERTEX_POINT ( 'NONE', #960 ) ;
#1266 = CARTESIAN_POINT ( 'NONE',  ( 0.3799029234540209900, 7.412302065558554500, 31.90791125051582700 ) ) ;
#1267 = CIRCLE ( 'NONE', #2014, 5.000000000000000900 ) ;
#1268 = CARTESIAN_POINT ( 'NONE',  ( -0.3799029234539799700, 7.246663566896334200, -32.02000000000000300 ) ) ;
#1269 = CARTESIAN_POINT ( 'NONE',  ( 0.3799029234526964900, 7.246663566897111300, 31.82000000000000000 ) ) ;
#1270 = EDGE_CURVE ( 'NONE', #2842, #1336, #2717, .T. ) ;
#1271 = CARTESIAN_POINT ( 'NONE',  ( -6.911958682988797300, 2.389310821482963000, -25.00000000000000000 ) ) ;
#1272 = EDGE_CURVE ( 'NONE', #4177, #411, #803, .T. ) ;
#1273 = EDGE_LOOP ( 'NONE', ( #3276, #3359, #3439, #3743 ) ) ;
#1274 = DIRECTION ( 'NONE',  ( 1.000000000000000000, 0.0000000000000000000, 0.0000000000000000000 ) ) ;
#1275 = CARTESIAN_POINT ( 'NONE',  ( -6.911958682988797300, 2.389310821482963000, -25.00000000000000000 ) ) ;
#1276 = DIRECTION ( 'NONE',  ( 0.0000000000000000000, 0.1254381138893856100, -0.9921014462159973800 ) ) ;
#1277 = EDGE_CURVE ( 'NONE', #861, #2422, #511, .T. ) ;
#1278 = ORIENTED_EDGE ( 'NONE', *, *, #3189, .T. ) ;
#1279 = AXIS2_PLACEMENT_3D ( 'NONE', #3374, #2411, #2079 ) ;
#1280 = CARTESIAN_POINT ( 'NONE',  ( 0.5000000000000000000, 8.115190549955711300, 35.32000000000000700 ) ) ;
#1281 = DIRECTION ( 'NONE',  ( 0.0000000000000000000, 0.0000000000000000000, -1.000000000000000000 ) ) ;
#1282 = ADVANCED_FACE ( 'NONE', ( #2661, #707 ), #3610, .T. ) ;
#1283 = ORIENTED_EDGE ( 'NONE', *, *, #3987, .F. ) ;
#1284 = COORDINATED_UNIVERSAL_TIME_OFFSET ( 5, 30, .AHEAD. ) ;
#1285 = ORIENTED_EDGE ( 'NONE', *, *, #3478, .T. ) ;
#1286 = DIRECTION ( 'NONE',  ( 0.0000000000000000000, 0.0000000000000000000, 1.000000000000000000 ) ) ;
#1287 = ORIENTED_EDGE ( 'NONE', *, *, #1904, .F. ) ;
#1288 = DIRECTION ( 'NONE',  ( 0.0000000000000000000, 0.0000000000000000000, 1.000000000000000000 ) ) ;
#1289 = EDGE_CURVE ( 'NONE', #1795, #3460, #413, .T. ) ;
#1290 = DIRECTION ( 'NONE',  ( 0.0000000000000000000, 0.0000000000000000000, -1.000000000000000000 ) ) ;
#1291 = DIRECTION ( 'NONE',  ( 0.0000000000000000000, 0.0000000000000000000, -1.000000000000000000 ) ) ;
#1292 = CARTESIAN_POINT ( 'NONE',  ( -0.5000000000000000000, 7.159016994374948000, 31.82000000000000000 ) ) ;
#1293 = AXIS2_PLACEMENT_3D ( 'NONE', #1878, #1909, #2228 ) ;
#1294 = FACE_OUTER_BOUND ( 'NONE', #470, .T. ) ;
#1295 = ORIENTED_EDGE ( 'NONE', *, *, #1458, .F. ) ;
#1296 = DIRECTION ( 'NONE',  ( -1.000000000000000000, 0.0000000000000000000, 0.0000000000000000000 ) ) ;
#1297 = VECTOR ( 'NONE', #3092, 1000.000000000000000 ) ;
#1298 = ORIENTED_EDGE ( 'NONE', *, *, #1700, .T. ) ;
#1299 = AXIS2_PLACEMENT_3D ( 'NONE', #2816, #3128, #185 ) ;
#1300 = DIRECTION ( 'NONE',  ( -1.224646799147353200E-016, 1.000000000000000000, 0.0000000000000000000 ) ) ;
#1301 = ORIENTED_EDGE ( 'NONE', *, *, #1610, .T. ) ;
#1302 = FACE_OUTER_BOUND ( 'NONE', #2449, .T. ) ;
#1303 = FACE_OUTER_BOUND ( 'NONE', #32, .T. ) ;
#1304 = ORIENTED_EDGE ( 'NONE', *, *, #2114, .F. ) ;
#1305 = ADVANCED_FACE ( 'NONE', ( #4173 ), #1697, .T. ) ;
#1306 = AXIS2_PLACEMENT_3D ( 'NONE', #3507, #590, #3210 ) ;
#1307 = ORIENTED_EDGE ( 'NONE', *, *, #3271, .T. ) ;
#1308 = ORIENTED_EDGE ( 'NONE', *, *, #869, .T. ) ;
#1309 = CARTESIAN_POINT ( 'NONE',  ( 0.5000000000000000000, 5.880381099911422100, -31.82000000000000000 ) ) ;
#1311 = DIRECTION ( 'NONE',  ( 1.000000000000000000, 0.0000000000000000000, 0.0000000000000000000 ) ) ;
#1310 = LINE ( 'NONE', #3797, #214 ) ;
#1312 = ORIENTED_EDGE ( 'NONE', *, *, #1130, .T. ) ;
#1313 = ORIENTED_EDGE ( 'NONE', *, *, #2361, .T. ) ;
#1314 = LINE ( 'NONE', #238, #3674 ) ;
#1315 = VECTOR ( 'NONE', #2075, 1000.000000000000100 ) ;
#1316 = CARTESIAN_POINT ( 'NONE',  ( -0.7500000000000000000, 6.599999999999999600, -31.61999999999999400 ) ) ;
#1317 = EDGE_LOOP ( 'NONE', ( #4020, #1059, #3999, #2030, #3504, #1899 ) ) ;
#1318 = CARTESIAN_POINT ( 'NONE',  ( -0.4999999999999998900, 6.040983005625053100, -31.65625967817741000 ) ) ;
#1319 = VECTOR ( 'NONE', #3612, 1000.000000000000100 ) ;
#1320 = VECTOR ( 'NONE', #1958, 1000.000000000000000 ) ;
#1321 = DIRECTION ( 'NONE',  ( -1.000000000000000000, 0.0000000000000000000, 0.0000000000000000000 ) ) ;
#1322 = EDGE_CURVE ( 'NONE', #1529, #3618, #1155, .T. ) ;
#1323 = ORIENTED_EDGE ( 'NONE', *, *, #2391, .F. ) ;
#1324 = FACE_OUTER_BOUND ( 'NONE', #2283, .T. ) ;
#1325 = ORIENTED_EDGE ( 'NONE', *, *, #1430, .T. ) ;
#1326 = DIRECTION ( 'NONE',  ( -0.3843557409341166200, -0.9231850650931188200, 0.0000000000000000000 ) ) ;
#1327 = CARTESIAN_POINT ( 'NONE',  ( -0.7500000000000000000, 6.599999999999999600, -25.00000000000000000 ) ) ;
#1328 = AXIS2_PLACEMENT_3D ( 'NONE', #1437, #3433, #2782 ) ;
#1329 = DIRECTION ( 'NONE',  ( -0.3761210971957645900, 0.9265705155271530800, 0.0000000000000000000 ) ) ;
#1330 = ADVANCED_FACE ( 'NONE', ( #3411 ), #955, .T. ) ;
#1331 = DIRECTION ( 'NONE',  ( 0.0000000000000000000, 0.0000000000000000000, 1.000000000000000000 ) ) ;
#1332 = EDGE_CURVE ( 'NONE', #1997, #1023, #3457, .T. ) ;
#1333 = ADVANCED_FACE ( 'NONE', ( #304 ), #2787, .F. ) ;
#1334 = DIRECTION ( 'NONE',  ( 0.0000000000000000000, 0.0000000000000000000, 1.000000000000000000 ) ) ;
#1335 = DIRECTION ( 'NONE',  ( -0.9973766537247332800, 0.07238653607442120700, 0.0000000000000000000 ) ) ;
#1336 = VERTEX_POINT ( 'NONE', #3656 ) ;
#1337 = VERTEX_POINT ( 'NONE', #2687 ) ;
#1338 = DIRECTION ( 'NONE',  ( -1.000000000000000000, 0.0000000000000000000, 0.0000000000000000000 ) ) ;
#1339 = DIRECTION ( 'NONE',  ( 1.000000000000000000, 0.0000000000000000000, 0.0000000000000000000 ) ) ;
#1340 = DIRECTION ( 'NONE',  ( 0.0000000000000000000, 0.0000000000000000000, 1.000000000000000000 ) ) ;
#1341 = AXIS2_PLACEMENT_3D ( 'NONE', #2232, #1558, #1311 ) ;
#1342 = DATE_AND_TIME ( #1236, #3286 ) ;
#1343 = ORIENTED_EDGE ( 'NONE', *, *, #1661, .F. ) ;
#1344 = DIRECTION ( 'NONE',  ( 0.3843557409341166700, -0.9231850650931189300, 0.0000000000000000000 ) ) ;
#1345 = CIRCLE ( 'NONE', #1589, 0.1999999999999987900 ) ;
#1346 = ORIENTED_EDGE ( 'NONE', *, *, #2382, .T. ) ;
#1347 = DIRECTION ( 'NONE',  ( 0.0000000000000000000, 0.0000000000000000000, -1.000000000000000000 ) ) ;
#1348 = EDGE_CURVE ( 'NONE', #464, #1783, #2394, .T. ) ;
#1349 = LINE ( 'NONE', #576, #2333 ) ;
#1350 = ORIENTED_EDGE ( 'NONE', *, *, #421, .F. ) ;
#1351 = DIRECTION ( 'NONE',  ( -0.2636502354449246600, -0.9646183459533805800, 0.0000000000000000000 ) ) ;
#1352 = ADVANCED_FACE ( 'NONE', ( #608 ), #2122, .T. ) ;
#1353 = DIRECTION ( 'NONE',  ( 0.0000000000000000000, 0.0000000000000000000, -1.000000000000000000 ) ) ;
#1354 = DIRECTION ( 'NONE',  ( -1.000000000000000000, -0.0000000000000000000, -0.0000000000000000000 ) ) ;
#1355 = EDGE_CURVE ( 'NONE', #535, #2812, #23, .T. ) ;
#1356 = VECTOR ( 'NONE', #3365, 1000.000000000000000 ) ;
#1357 = DIRECTION ( 'NONE',  ( 1.000000000000000000, 0.0000000000000000000, 0.0000000000000000000 ) ) ;
#1358 = CARTESIAN_POINT ( 'NONE',  ( -0.5000000000000001100, 6.299352816244178800, -31.82000000000000000 ) ) ;
#1359 = ORIENTED_EDGE ( 'NONE', *, *, #3785, .T. ) ;
#1360 = FACE_OUTER_BOUND ( 'NONE', #705, .T. ) ;
#1361 = AXIS2_PLACEMENT_3D ( 'NONE', #2295, #5, #2620 ) ;
#1362 = ORIENTED_EDGE ( 'NONE', *, *, #4165, .F. ) ;
#1363 = ORIENTED_EDGE ( 'NONE', *, *, #2794, .F. ) ;
#1364 = CARTESIAN_POINT ( 'NONE',  ( -5.789573317131259800, 13.87480062250881300, 25.00000000000000000 ) ) ;
#1365 = VERTEX_POINT ( 'NONE', #422 ) ;
#1366 = ORIENTED_EDGE ( 'NONE', *, *, #3319, .T. ) ;
#1367 = CIRCLE ( 'NONE', #1737, 4.250000000000000000 ) ;
#1368 = ORIENTED_EDGE ( 'NONE', *, *, #1116, .T. ) ;
#1369 = EDGE_CURVE ( 'NONE', #514, #2346, #2602, .T. ) ;
#1370 = DIRECTION ( 'NONE',  ( -0.0000000000000000000, 1.000000000000000000, -0.0000000000000000000 ) ) ;
#1371 = FACE_OUTER_BOUND ( 'NONE', #584, .T. ) ;
#1372 = DIRECTION ( 'NONE',  ( 0.0000000000000000000, 0.0000000000000000000, 1.000000000000000000 ) ) ;
#1373 = CARTESIAN_POINT ( 'NONE',  ( -14.48000000000000000, 0.0000000000000000000, -25.00000000000000000 ) ) ;
#1374 = LINE ( 'NONE', #431, #817 ) ;
#1375 = CIRCLE ( 'NONE', #3396, 0.7500000000000000000 ) ;
#1376 = CARTESIAN_POINT ( 'NONE',  ( 7.684673645897958300, 11.95545359045973100, -25.00000000000000000 ) ) ;
#1377 = ADVANCED_FACE ( 'NONE', ( #4120, #2497 ), #3327, .T. ) ;
#1378 = DIRECTION ( 'NONE',  ( -0.0000000000000000000, -0.0000000000000000000, -1.000000000000000000 ) ) ;
#1379 = DIRECTION ( 'NONE',  ( 0.0000000000000000000, 0.0000000000000000000, 1.000000000000000000 ) ) ;
#1380 = DIRECTION ( 'NONE',  ( -1.000000000000000000, -0.0000000000000000000, -0.0000000000000000000 ) ) ;
#1381 = ADVANCED_FACE ( 'NONE', ( #653 ), #1570, .F. ) ;
#1382 = CARTESIAN_POINT ( 'NONE',  ( -0.4999999999999998900, 7.159016994374948000, -31.61999999999999400 ) ) ;
#1383 = EDGE_CURVE ( 'NONE', #468, #3747, #4068, .T. ) ;
#1384 = VERTEX_POINT ( 'NONE', #1115 ) ;
#1385 = CARTESIAN_POINT ( 'NONE',  ( 4.450000000000000200, 6.599999999999999600, 24.69999999999999900 ) ) ;
#1386 = AXIS2_PLACEMENT_3D ( 'NONE', #3390, #484, #178 ) ;
#1387 = DIRECTION ( 'NONE',  ( 1.000000000000000000, 0.0000000000000000000, 0.0000000000000000000 ) ) ;
#1388 = AXIS2_PLACEMENT_3D ( 'NONE', #1871, #2180, #578 ) ;
#1389 = DIRECTION ( 'NONE',  ( 0.0000000000000000000, 0.0000000000000000000, -1.000000000000000000 ) ) ;
#1390 = CARTESIAN_POINT ( 'NONE',  ( -4.050000000000000700, 6.599999999999999600, 24.80000000000000400 ) ) ;
#1391 = ORIENTED_EDGE ( 'NONE', *, *, #2315, .T. ) ;
#1392 = EDGE_CURVE ( 'NONE', #1780, #2554, #910, .T. ) ;
#1393 = ORIENTED_EDGE ( 'NONE', *, *, #1506, .T. ) ;
#1394 = AXIS2_PLACEMENT_3D ( 'NONE', #503, #4087, #196 ) ;
#1395 = SHAPE_DEFINITION_REPRESENTATION ( #3362, #2635 ) ;
#1396 = ORIENTED_EDGE ( 'NONE', *, *, #1919, .T. ) ;
#1397 = DIRECTION ( 'NONE',  ( -1.000000000000000000, -0.0000000000000000000, -0.0000000000000000000 ) ) ;
#1398 = ADVANCED_FACE ( 'NONE', ( #4022 ), #2455, .T. ) ;
#1399 = ADVANCED_FACE ( 'NONE', ( #3253 ), #489, .T. ) ;
#1400 = CARTESIAN_POINT ( 'NONE',  ( 0.5000000000000000000, 5.115190549955709500, 35.32000000000000700 ) ) ;
#1401 = DIRECTION ( 'NONE',  ( 1.000000000000000000, 0.0000000000000000000, 0.0000000000000000000 ) ) ;
#1402 = AXIS2_PLACEMENT_3D ( 'NONE', #3514, #3799, #616 ) ;
#1403 = LINE ( 'NONE', #902, #1971 ) ;
#1404 = CARTESIAN_POINT ( 'NONE',  ( -6.911958682988797300, 2.389310821482963000, -25.00000000000000000 ) ) ;
#1405 = VECTOR ( 'NONE', #1639, 1000.000000000000000 ) ;
#1406 = ORIENTED_EDGE ( 'NONE', *, *, #1778, .T. ) ;
#1407 = PLANE ( 'NONE',  #978 ) ;
#1408 = CIRCLE ( 'NONE', #1670, 0.1999999999999996500 ) ;
#1409 = VERTEX_POINT ( 'NONE', #1838 ) ;
#1410 = EDGE_LOOP ( 'NONE', ( #3459, #751, #3312, #3779 ) ) ;
#1411 = CIRCLE ( 'NONE', #2431, 4.250000000000000000 ) ;
#1413 = DIRECTION ( 'NONE',  ( -1.000000000000000000, 0.0000000000000000000, 0.0000000000000000000 ) ) ;
#1412 = VECTOR ( 'NONE', #3572, 1000.000000000000100 ) ;
#1414 = DIRECTION ( 'NONE',  ( 0.0000000000000000000, 0.0000000000000000000, 1.000000000000000000 ) ) ;
#1415 = AXIS2_PLACEMENT_3D ( 'NONE', #1773, #509, #815 ) ;
#1416 = EDGE_CURVE ( 'NONE', #2548, #3589, #1516, .T. ) ;
#1417 = ORIENTED_EDGE ( 'NONE', *, *, #808, .T. ) ;
#1418 = VERTEX_POINT ( 'NONE', #3811 ) ;
#1419 = VECTOR ( 'NONE', #2137, 1000.000000000000100 ) ;
#1420 = ORIENTED_EDGE ( 'NONE', *, *, #2883, .F. ) ;
#1421 = ADVANCED_FACE ( 'NONE', ( #3153 ), #3914, .T. ) ;
#1422 = DIRECTION ( 'NONE',  ( -0.07238653607442120700, 0.9973766537247332800, 0.0000000000000000000 ) ) ;
#1423 = B_SPLINE_CURVE_WITH_KNOTS ( 'NONE', 3,
 ( #2526, #2516, #893, #1546, #262, #583, #2878, #907 ),
 .UNSPECIFIED., .F., .F.,
 ( 4, 2, 2, 4 ),
 ( 0.0000000000000000000, 0.0001070249730565082600, 0.0002140499461130165300, 0.0004280998922260243300 ),
 .UNSPECIFIED. ) ;
#1424 = CARTESIAN_POINT ( 'NONE',  ( 0.5000000000000000000, 6.973711108484026900, -31.81358215872773300 ) ) ;
#1425 = LINE ( 'NONE', #2043, #1215 ) ;
#1426 = LINE ( 'NONE', #981, #3465 ) ;
#1427 = CARTESIAN_POINT ( 'NONE',  ( -0.5000000000000000000, 6.829128784747791900, -31.82000000000000000 ) ) ;
#1428 = CARTESIAN_POINT ( 'NONE',  ( -0.5000000000000000000, 8.115190549955711300, 35.32000000000000700 ) ) ;
#1429 = LINE ( 'NONE', #1404, #2507 ) ;
#1430 = EDGE_CURVE ( 'NONE', #3170, #3938, #3055, .T. ) ;
#1431 = FACE_OUTER_BOUND ( 'NONE', #2584, .T. ) ;
#1432 = DIRECTION ( 'NONE',  ( 1.000000000000000000, 0.0000000000000000000, -0.0000000000000000000 ) ) ;
#1433 = DIRECTION ( 'NONE',  ( 0.0000000000000000000, 0.0000000000000000000, -1.000000000000000000 ) ) ;
#1434 = ORIENTED_EDGE ( 'NONE', *, *, #1954, .T. ) ;
#1435 = ORIENTED_EDGE ( 'NONE', *, *, #496, .F. ) ;
#1436 = CARTESIAN_POINT ( 'NONE',  ( 6.120313219301209500, 12.66472100003637800, -25.00000000000000000 ) ) ;
#1437 = CARTESIAN_POINT ( 'NONE',  ( 0.0000000000000000000, 6.599999999999999600, -24.50000000000000000 ) ) ;
#1438 = EDGE_CURVE ( 'NONE', #1913, #3716, #2287, .T. ) ;
#1439 = PLANE ( 'NONE',  #3667 ) ;
#1440 = DIRECTION ( 'NONE',  ( 0.0000000000000000000, 0.0000000000000000000, 1.000000000000000000 ) ) ;
#1441 = EDGE_LOOP ( 'NONE', ( #350, #604 ) ) ;
#1442 = VERTEX_POINT ( 'NONE', #2845 ) ;
#1443 = CARTESIAN_POINT ( 'NONE',  ( 0.5000000000000000000, 5.880381099911422100, 31.82000000000000000 ) ) ;
#1444 = DIRECTION ( 'NONE',  ( 0.0000000000000000000, 0.0000000000000000000, 1.000000000000000000 ) ) ;
#1445 = COORDINATED_UNIVERSAL_TIME_OFFSET ( 5, 30, .AHEAD. ) ;
#1446 = ORIENTED_EDGE ( 'NONE', *, *, #1553, .T. ) ;
#1447 = PLANE ( 'NONE',  #3599 ) ;
#1448 = AXIS2_PLACEMENT_3D ( 'NONE', #1376, #1344, #427 ) ;
#1449 = CARTESIAN_POINT ( 'NONE',  ( 5.000000000000000900, 6.599999999999999600, 24.50000000000000000 ) ) ;
#1450 = FACE_OUTER_BOUND ( 'NONE', #2846, .T. ) ;
#1451 = VERTEX_POINT ( 'NONE', #3793 ) ;
#1452 = CARTESIAN_POINT ( 'NONE',  ( 0.5000000000000000000, 6.973252673114424200, 31.81374846396890600 ) ) ;
#1453 = CIRCLE ( 'NONE', #2327, 0.7500000000000000000 ) ;
#1454 = VERTEX_POINT ( 'NONE', #3782 ) ;
#1455 = CARTESIAN_POINT ( 'NONE',  ( 0.0000000000000000000, 6.599999999999999600, 25.00000000000000000 ) ) ;
#1456 = DIRECTION ( 'NONE',  ( -1.000000000000000000, -0.0000000000000000000, -0.0000000000000000000 ) ) ;
#1457 = PLANE ( 'NONE',  #2110 ) ;
#1458 = EDGE_CURVE ( 'NONE', #3938, #2989, #2811, .T. ) ;
#1459 = VECTOR ( 'NONE', #1378, 1000.000000000000000 ) ;
#1460 = ORIENTED_EDGE ( 'NONE', *, *, #1081, .T. ) ;
#1461 = FACE_OUTER_BOUND ( 'NONE', #4102, .T. ) ;
#1462 = DIRECTION ( 'NONE',  ( -0.0000000000000000000, -0.0000000000000000000, 1.000000000000000000 ) ) ;
#1463 =( GEOMETRIC_REPRESENTATION_CONTEXT ( 3 ) GLOBAL_UNCERTAINTY_ASSIGNED_CONTEXT ( ( #2825 ) ) GLOBAL_UNIT_ASSIGNED_CONTEXT ( ( #2791, #3108, #3431 ) ) REPRESENTATION_CONTEXT ( 'NONE', 'WORKASPACE' ) );
#1464 = ORIENTED_EDGE ( 'NONE', *, *, #627, .T. ) ;
#1465 = VECTOR ( 'NONE', #271, 1000.000000000000000 ) ;
#1466 = ORIENTED_EDGE ( 'NONE', *, *, #2177, .F. ) ;
#1467 = ORIENTED_EDGE ( 'NONE', *, *, #3777, .T. ) ;
#1468 = VERTEX_POINT ( 'NONE', #1501 ) ;
#1469 = DIRECTION ( 'NONE',  ( -1.000000000000000000, -0.0000000000000000000, -0.0000000000000000000 ) ) ;
#1470 = ORIENTED_EDGE ( 'NONE', *, *, #1245, .T. ) ;
#1471 = DIRECTION ( 'NONE',  ( -0.9231850650931189300, 0.3843557409341166700, 0.0000000000000000000 ) ) ;
#1472 = LINE ( 'NONE', #3719, #80 ) ;
#1473 = DIRECTION ( 'NONE',  ( -0.0000000000000000000, -0.0000000000000000000, -1.000000000000000000 ) ) ;
#1474 = ORIENTED_EDGE ( 'NONE', *, *, #3452, .T. ) ;
#1475 = EDGE_CURVE ( 'NONE', #3608, #1265, #3309, .T. ) ;
#1476 = FACE_BOUND ( 'NONE', #339, .T. ) ;
#1477 = CARTESIAN_POINT ( 'NONE',  ( 6.911958682988795600, 2.389310821482963000, -25.00000000000000000 ) ) ;
#1478 = FACE_BOUND ( 'NONE', #983, .T. ) ;
#1479 = CARTESIAN_POINT ( 'NONE',  ( -10.72000000000000200, 0.0000000000000000000, -19.67000000000000200 ) ) ;
#1480 = AXIS2_PLACEMENT_3D ( 'NONE', #2987, #2617, #2273 ) ;
#1481 = EDGE_LOOP ( 'NONE', ( #132, #2953 ) ) ;
#1482 = FACE_OUTER_BOUND ( 'NONE', #3569, .T. ) ;
#1483 = DIRECTION ( 'NONE',  ( -1.000000000000000000, -0.0000000000000000000, -0.0000000000000000000 ) ) ;
#1484 = PLANE ( 'NONE',  #1415 ) ;
#1485 = VERTEX_POINT ( 'NONE', #860 ) ;
#1486 = DIRECTION ( 'NONE',  ( -1.000000000000000000, -0.0000000000000000000, 0.0000000000000000000 ) ) ;
#1487 = CARTESIAN_POINT ( 'NONE',  ( -6.982355285352882700, 7.157736418631229100, -25.00000000000000000 ) ) ;
#1488 = DIRECTION ( 'NONE',  ( 1.000000000000000000, 0.0000000000000000000, 0.0000000000000000000 ) ) ;
#1489 = DIRECTION ( 'NONE',  ( -0.9995693533488074800, 0.02934463913301627700, 0.0000000000000000000 ) ) ;
#1490 = DIRECTION ( 'NONE',  ( 0.0000000000000000000, 0.0000000000000000000, 1.000000000000000000 ) ) ;
#1491 = DIRECTION ( 'NONE',  ( -0.0000000000000000000, 1.000000000000000000, -0.0000000000000000000 ) ) ;
#1492 = ORIENTED_EDGE ( 'NONE', *, *, #3432, .F. ) ;
#1493 = EDGE_CURVE ( 'NONE', #1741, #1161, #3762, .T. ) ;
#1494 = CARTESIAN_POINT ( 'NONE',  ( 8.691243068228063300, 6.541951982200360200, -25.00000000000000000 ) ) ;
#1495 = ORIENTED_EDGE ( 'NONE', *, *, #2826, .F. ) ;
#1496 = EDGE_CURVE ( 'NONE', #2450, #1163, #752, .T. ) ;
#1497 = CALENDAR_DATE ( 2018, 16, 6 ) ;
#1498 = EDGE_LOOP ( 'NONE', ( #3059, #1446, #2290, #4104, #3563, #1912, #3031, #1599, #1325, #416, #482, #3850, #757, #1890 ) ) ;
#1499 = CARTESIAN_POINT ( 'NONE',  ( 0.5000000000000000000, 7.246663566896333300, -32.02000000000000300 ) ) ;
#1500 = CARTESIAN_POINT ( 'NONE',  ( -6.911958682988797300, 0.0000000000000000000, 25.00000000000000000 ) ) ;
#1501 = CARTESIAN_POINT ( 'NONE',  ( 0.5000000000000000000, 7.820876998851445300, -32.99224736853911800 ) ) ;
#1502 = CARTESIAN_POINT ( 'NONE',  ( 7.464158558306547100, 12.76225316980100100, 25.00000000000000000 ) ) ;
#1503 = CARTESIAN_POINT ( 'NONE',  ( 0.5500000000000000400, 6.599999999999999600, -31.82000000000000000 ) ) ;
#1504 = LINE ( 'NONE', #2066, #2897 ) ;
#1505 = CARTESIAN_POINT ( 'NONE',  ( 6.982355285352881000, 7.157736418631229100, -25.00000000000000000 ) ) ;
#1506 = EDGE_CURVE ( 'NONE', #3589, #874, #2447, .T. ) ;
#1507 = AXIS2_PLACEMENT_3D ( 'NONE', #818, #3385, #2097 ) ;
#1508 = VECTOR ( 'NONE', #1940, 1000.000000000000100 ) ;
#1509 = ORIENTED_EDGE ( 'NONE', *, *, #722, .T. ) ;
#1510 = DIRECTION ( 'NONE',  ( 1.000000000000000000, 0.0000000000000000000, -0.0000000000000000000 ) ) ;
#1511 = VECTOR ( 'NONE', #1223, 1000.000000000000000 ) ;
#1512 = VERTEX_POINT ( 'NONE', #2832 ) ;
#1513 = CARTESIAN_POINT ( 'NONE',  ( 5.789573317131256200, 13.87480062250881500, -25.00000000000000000 ) ) ;
#1514 = ORIENTED_EDGE ( 'NONE', *, *, #3524, .T. ) ;
#1515 = FACE_OUTER_BOUND ( 'NONE', #455, .T. ) ;
#1516 = LINE ( 'NONE', #1543, #1833 ) ;
#1517 = CARTESIAN_POINT ( 'NONE',  ( 8.530284146270673800, 3.231394751068567700, -25.00000000000000000 ) ) ;
#1518 = DIRECTION ( 'NONE',  ( -0.3843557409341166200, 0.9231850650931188200, -0.0000000000000000000 ) ) ;
#1519 = CARTESIAN_POINT ( 'NONE',  ( 6.911958682988795600, 2.240000000000000200, 15.00000000000000000 ) ) ;
#1520 = EDGE_CURVE ( 'NONE', #1814, #3151, #1622, .T. ) ;
#1521 = ORIENTED_EDGE ( 'NONE', *, *, #1585, .F. ) ;
#1522 = ORIENTED_EDGE ( 'NONE', *, *, #3829, .F. ) ;
#1523 = VECTOR ( 'NONE', #976, 1000.000000000000100 ) ;
#1524 = ORIENTED_EDGE ( 'NONE', *, *, #664, .F. ) ;
#1525 = DIRECTION ( 'NONE',  ( 1.000000000000000000, 0.0000000000000000000, -0.0000000000000000000 ) ) ;
#1526 = VERTEX_POINT ( 'NONE', #4109 ) ;
#1527 = FACE_OUTER_BOUND ( 'NONE', #2779, .T. ) ;
#1528 = FACE_OUTER_BOUND ( 'NONE', #2566, .T. ) ;
#1529 = VERTEX_POINT ( 'NONE', #1212 ) ;
#1530 = CARTESIAN_POINT ( 'NONE',  ( -4.250000000000000000, 6.599999999999998800, -24.50000000000000000 ) ) ;
#1531 = DIRECTION ( 'NONE',  ( 1.000000000000000000, -1.577021341797097200E-015, 0.0000000000000000000 ) ) ;
#1532 = FACE_OUTER_BOUND ( 'NONE', #2491, .T. ) ;
#1533 = DIRECTION ( 'NONE',  ( 0.0000000000000000000, 0.0000000000000000000, 1.000000000000000000 ) ) ;
#1534 = AXIS2_PLACEMENT_3D ( 'NONE', #211, #1813, #1444 ) ;
#1535 = ORIENTED_EDGE ( 'NONE', *, *, #1520, .F. ) ;
#1536 = ORIENTED_EDGE ( 'NONE', *, *, #1649, .T. ) ;
#1537 = DIRECTION ( 'NONE',  ( -0.2636502354449251100, -0.9646183459533804700, 0.0000000000000000000 ) ) ;
#1538 = CARTESIAN_POINT ( 'NONE',  ( 8.219152229546502000, 9.426348619902890700, 25.00000000000000000 ) ) ;
#1539 = ORIENTED_EDGE ( 'NONE', *, *, #3305, .F. ) ;
#1540 = DIRECTION ( 'NONE',  ( -0.0000000000000000000, 0.0000000000000000000, -1.000000000000000000 ) ) ;
#1541 = DIRECTION ( 'NONE',  ( 1.000000000000000000, 0.0000000000000000000, 0.0000000000000000000 ) ) ;
#1542 = DIRECTION ( 'NONE',  ( -0.0000000000000000000, -0.0000000000000000000, 1.000000000000000000 ) ) ;
#1543 = CARTESIAN_POINT ( 'NONE',  ( 0.5000000000000000000, 7.159016994374948000, 31.82000000000000000 ) ) ;
#1544 = EDGE_CURVE ( 'NONE', #81, #1712, #1252, .T. ) ;
#1545 = CARTESIAN_POINT ( 'NONE',  ( 6.120313219301209500, 12.66472100003637800, -25.00000000000000000 ) ) ;
#1546 = CARTESIAN_POINT ( 'NONE',  ( 0.5000000000000000000, 6.099392205065106200, 31.74768527678307400 ) ) ;
#1547 = ORIENTED_EDGE ( 'NONE', *, *, #2260, .T. ) ;
#1548 = ORIENTED_EDGE ( 'NONE', *, *, #2304, .F. ) ;
#1549 = B_SPLINE_CURVE_WITH_KNOTS ( 'NONE', 3,
 ( #1427, #429, #415, #1093, #3381, #1691, #2696, #1382 ),
 .UNSPECIFIED., .F., .F.,
 ( 4, 2, 2, 4 ),
 ( 0.0000000000000000000, 0.0002126887981858554300, 0.0003190331972787788000, 0.0004253775963717021900 ),
 .UNSPECIFIED. ) ;
#1550 = PERSON_AND_ORGANIZATION ( #3502, #1711 ) ;
#1551 = ORIENTED_EDGE ( 'NONE', *, *, #3849, .T. ) ;
#1552 = AXIS2_PLACEMENT_3D ( 'NONE', #2471, #1483, #2796 ) ;
#1553 = EDGE_CURVE ( 'NONE', #253, #4177, #2341, .T. ) ;
#1554 = CARTESIAN_POINT ( 'NONE',  ( -6.982355285352882700, 7.157736418631229100, 25.00000000000000000 ) ) ;
#1555 = LINE ( 'NONE', #3792, #3447 ) ;
#1556 = ORIENTED_EDGE ( 'NONE', *, *, #2315, .F. ) ;
#1557 = APPROVAL_STATUS ( 'not_yet_approved' ) ;
#1558 = DIRECTION ( 'NONE',  ( 0.0000000000000000000, 0.0000000000000000000, 1.000000000000000000 ) ) ;
#1559 = CARTESIAN_POINT ( 'NONE',  ( 0.4274294338098229000, 5.983717533015084000, 31.82000000000000000 ) ) ;
#1560 = TOROIDAL_SURFACE ( 'NONE', #2247, 4.800000000000001600, 0.2000000000000000100 ) ;
#1561 = ORIENTED_EDGE ( 'NONE', *, *, #1270, .F. ) ;
#1562 = DIRECTION ( 'NONE',  ( -1.000000000000000000, 0.0000000000000000000, 0.0000000000000000000 ) ) ;
#1563 = AXIS2_PLACEMENT_3D ( 'NONE', #648, #3930, #2313 ) ;
#1564 = PLANE ( 'NONE',  #2301 ) ;
#1565 = VECTOR ( 'NONE', #727, 1000.000000000000000 ) ;
#1566 = CIRCLE ( 'NONE', #2806, 0.1999999999999987900 ) ;
#1567 = EDGE_LOOP ( 'NONE', ( #2285, #3521, #3917, #209 ) ) ;
#1568 = ORIENTED_EDGE ( 'NONE', *, *, #840, .F. ) ;
#1569 = CARTESIAN_POINT ( 'NONE',  ( 7.684673645897958300, 11.95545359045973100, 25.00000000000000000 ) ) ;
#1570 = CYLINDRICAL_SURFACE ( 'NONE', #3146, 1.590000000000008100 ) ;
#1571 = CARTESIAN_POINT ( 'NONE',  ( 0.7500000000000000000, 6.599999999999999600, -25.00000000000000000 ) ) ;
#1572 = ORIENTED_EDGE ( 'NONE', *, *, #843, .T. ) ;
#1573 = ORIENTED_EDGE ( 'NONE', *, *, #1272, .F. ) ;
#1574 = ADVANCED_FACE ( 'NONE', ( #3202 ), #2481, .T. ) ;
#1575 = VERTEX_POINT ( 'NONE', #2514 ) ;
#1576 = VERTEX_POINT ( 'NONE', #1554 ) ;
#1577 = CARTESIAN_POINT ( 'NONE',  ( -0.5000000000000000000, 5.880381099911422100, -31.82000000000000000 ) ) ;
#1578 = APPROVAL_STATUS ( 'not_yet_approved' ) ;
#1580 = CARTESIAN_POINT ( 'NONE',  ( -4.592425496802577300E-017, 7.349999999999999600, -31.82000000000000000 ) ) ;
#1579 = VECTOR ( 'NONE', #2731, 1000.000000000000000 ) ;
#1581 = ORIENTED_EDGE ( 'NONE', *, *, #2560, .F. ) ;
#1582 = EDGE_CURVE ( 'NONE', #2044, #937, #1679, .T. ) ;
#1583 = VECTOR ( 'NONE', #3552, 1000.000000000000000 ) ;
#1584 = LINE ( 'NONE', #2547, #3315 ) ;
#1585 = EDGE_CURVE ( 'NONE', #1526, #2422, #3107, .T. ) ;
#1586 = LINE ( 'NONE', #1902, #2568 ) ;
#1587 = CARTESIAN_POINT ( 'NONE',  ( 4.250000000000000000, 6.599999999999999600, 24.50000000000000000 ) ) ;
#1588 = CARTESIAN_POINT ( 'NONE',  ( 0.0000000000000000000, 6.599999999999999600, 31.82000000000000000 ) ) ;
#1589 = AXIS2_PLACEMENT_3D ( 'NONE', #3229, #636, #1620 ) ;
#1590 = CARTESIAN_POINT ( 'NONE',  ( -8.691243068228066800, 6.541951982200360200, -25.00000000000000000 ) ) ;
#1591 = EDGE_CURVE ( 'NONE', #3536, #3170, #2236, .T. ) ;
#1592 = AXIS2_PLACEMENT_3D ( 'NONE', #1856, #1156, #880 ) ;
#1593 = CARTESIAN_POINT ( 'NONE',  ( 0.5000000000000000000, 7.820876998851447000, 32.99224736853911800 ) ) ;
#1594 = CARTESIAN_POINT ( 'NONE',  ( -7.684673645897961900, 11.95545359045973100, -25.00000000000000000 ) ) ;
#1595 = ADVANCED_FACE ( 'NONE', ( #1360 ), #1056, .F. ) ;
#1596 = DIRECTION ( 'NONE',  ( 1.000000000000000000, 0.0000000000000000000, 0.0000000000000000000 ) ) ;
#1597 = ORIENTED_EDGE ( 'NONE', *, *, #2651, .T. ) ;
#1598 = DIRECTION ( 'NONE',  ( 1.000000000000000000, 0.0000000000000000000, 0.0000000000000000000 ) ) ;
#1599 = ORIENTED_EDGE ( 'NONE', *, *, #3331, .F. ) ;
#1600 = EDGE_CURVE ( 'NONE', #2609, #2968, #3666, .T. ) ;
#1601 = APPROVAL_PERSON_ORGANIZATION ( #2477, #392, #2899 ) ;
#1602 = ORIENTED_EDGE ( 'NONE', *, *, #781, .T. ) ;
#1603 = DIRECTION ( 'NONE',  ( 1.000000000000000000, 0.0000000000000000000, 0.0000000000000000000 ) ) ;
#1604 = CARTESIAN_POINT ( 'NONE',  ( -0.5000000000000000000, 5.115190549955709500, -35.32000000000000700 ) ) ;
#1605 =( BOUNDED_SURFACE ( )  B_SPLINE_SURFACE ( 3, 2, ( 
 ( #2900, #289, #930 ),
 ( #1638, #4191, #14 ),
 ( #1953, #3909, #302 ),
 ( #649, #672, #1269 ) ),
 .UNSPECIFIED., .F., .F., .F. ) 
 B_SPLINE_SURFACE_WITH_KNOTS ( ( 4, 4 ),
 ( 3, 3 ),
 ( -5.417639640550553900E-006, 0.0003876378229397584700 ),
 ( 0.0000000000000000000, 1.000000000000000000 ),
 .UNSPECIFIED. ) 
 GEOMETRIC_REPRESENTATION_ITEM ( )  RATIONAL_B_SPLINE_SURFACE ( (
 ( 1.000000000000000000, 1.000000000000000000, 1.000000000000000000),
 ( 1.000000000000000000, 0.9997070406150357900, 1.000000000000000000),
 ( 1.000000000000000000, 0.9519577308355242600, 1.000000000000000000),
 ( 1.000000000000000000, 0.8833016889557279100, 1.000000000000000000) ) ) 
 REPRESENTATION_ITEM ( '' )  SURFACE ( )  );
#1606 = DIRECTION ( 'NONE',  ( 0.0000000000000000000, 0.0000000000000000000, 1.000000000000000000 ) ) ;
#1607 = DIRECTION ( 'NONE',  ( 0.9646183459533807000, 0.2636502354449243900, -0.0000000000000000000 ) ) ;
#1608 = LINE ( 'NONE', #1098, #12 ) ;
#1609 = DIRECTION ( 'NONE',  ( -1.000000000000000000, 0.0000000000000000000, 0.0000000000000000000 ) ) ;
#1610 = EDGE_CURVE ( 'NONE', #2200, #329, #1935, .T. ) ;
#1611 = FACE_OUTER_BOUND ( 'NONE', #443, .T. ) ;
#1612 = ORIENTED_EDGE ( 'NONE', *, *, #7, .T. ) ;
#1613 = DIRECTION ( 'NONE',  ( 0.0000000000000000000, 0.0000000000000000000, 1.000000000000000000 ) ) ;
#1614 = ADVANCED_FACE ( 'NONE', ( #2550 ), #2038, .T. ) ;
#1615 = AXIS2_PLACEMENT_3D ( 'NONE', #2818, #3527, #1921 ) ;
#1616 = CIRCLE ( 'NONE', #4042, 0.7500000000000000000 ) ;
#1617 = EDGE_LOOP ( 'NONE', ( #2906, #191 ) ) ;
#1618 = DIRECTION ( 'NONE',  ( -0.0000000000000000000, -0.0000000000000000000, -1.000000000000000000 ) ) ;
#1619 = CARTESIAN_POINT ( 'NONE',  ( 4.250000000000000000, 6.599999999999999600, 24.80000000000000400 ) ) ;
#1620 = DIRECTION ( 'NONE',  ( 0.0000000000000000000, 0.0000000000000000000, -1.000000000000000000 ) ) ;
#1621 = ORIENTED_EDGE ( 'NONE', *, *, #1719, .F. ) ;
#1622 = LINE ( 'NONE', #570, #2136 ) ;
#1623 = ORIENTED_EDGE ( 'NONE', *, *, #3554, .T. ) ;
#1624 = DIRECTION ( 'NONE',  ( 0.0000000000000000000, -1.000000000000000000, 0.0000000000000000000 ) ) ;
#1625 = EDGE_CURVE ( 'NONE', #3450, #2688, #461, .T. ) ;
#1626 = DIRECTION ( 'NONE',  ( -0.0000000000000000000, 1.000000000000000000, -0.0000000000000000000 ) ) ;
#1627 = CARTESIAN_POINT ( 'NONE',  ( 0.5000000000000000000, 5.880381099911422100, 31.82000000000000000 ) ) ;
#1628 = ORIENTED_EDGE ( 'NONE', *, *, #2933, .T. ) ;
#1629 = ORIENTED_EDGE ( 'NONE', *, *, #3326, .F. ) ;
#1630 = CIRCLE ( 'NONE', #1702, 4.250000000000000000 ) ;
#1631 = VERTEX_POINT ( 'NONE', #1571 ) ;
#1632 = CARTESIAN_POINT ( 'NONE',  ( 0.5000000000000000000, 5.880381099911422100, 31.82000000000000000 ) ) ;
#1633 = LINE ( 'NONE', #990, #3464 ) ;
#1634 = VECTOR ( 'NONE', #138, 1000.000000000000000 ) ;
#1635 = ORIENTED_EDGE ( 'NONE', *, *, #1060, .T. ) ;
#1636 = LINE ( 'NONE', #301, #83 ) ;
#1637 = CARTESIAN_POINT ( 'NONE',  ( -6.280036924807803600, 11.37065189891219700, -25.00000000000000000 ) ) ;
#1638 = CARTESIAN_POINT ( 'NONE',  ( 0.1183174134655183400, 7.388149106296878300, 31.87143650875577800 ) ) ;
#1639 = DIRECTION ( 'NONE',  ( 1.000000000000000000, -0.0000000000000000000, -0.0000000000000000000 ) ) ;
#1640 = AXIS2_PLACEMENT_3D ( 'NONE', #1148, #2475, #841 ) ;
#1641 = CARTESIAN_POINT ( 'NONE',  ( 0.4637147169049114500, 5.983717533015084000, -31.82000000000000000 ) ) ;
#1642 = ADVANCED_FACE ( 'NONE', ( #1461 ), #4164, .T. ) ;
#1643 = CARTESIAN_POINT ( 'NONE',  ( -0.5000000000000000000, 5.818079034352868100, -31.90791125051582000 ) ) ;
#1644 = EDGE_CURVE ( 'NONE', #1418, #3207, #250, .T. ) ;
#1645 = CARTESIAN_POINT ( 'NONE',  ( -0.2804976856110313300, 7.305062431055425500, -31.82000000000000000 ) ) ;
#1646 = DIRECTION ( 'NONE',  ( -0.9973766537247332800, 0.07238653607442120700, 0.0000000000000000000 ) ) ;
#1647 = DIRECTION ( 'NONE',  ( 0.9231850650931189300, 0.3843557409341166700, -0.0000000000000000000 ) ) ;
#1648 = DIRECTION ( 'NONE',  ( -0.9713211673318443700, 0.2377712974543041400, 0.0000000000000000000 ) ) ;
#1649 = EDGE_CURVE ( 'NONE', #937, #3292, #2442, .T. ) ;
#1650 = ORIENTED_EDGE ( 'NONE', *, *, #1091, .F. ) ;
#1651 = VERTEX_POINT ( 'NONE', #903 ) ;
#1652 = DIRECTION ( 'NONE',  ( -0.3843557409341168400, -0.9231850650931187100, 0.0000000000000000000 ) ) ;
#1653 = CARTESIAN_POINT ( 'NONE',  ( -14.48000000000000000, 0.0000000000000000000, -25.00000000000000000 ) ) ;
#1654 = ORIENTED_EDGE ( 'NONE', *, *, #3748, .F. ) ;
#1655 = ORIENTED_EDGE ( 'NONE', *, *, #840, .T. ) ;
#1656 = LOCAL_TIME ( 9, 54, 53.00000000000000000, #3134 ) ;
#1657 = VERTEX_POINT ( 'NONE', #2534 ) ;
#1658 = CARTESIAN_POINT ( 'NONE',  ( -0.2954896834150153000, 5.906549181606370000, -31.83367517978259900 ) ) ;
#1659 = CIRCLE ( 'NONE', #2263, 4.250000000000000000 ) ;
#1660 = ADVANCED_FACE ( 'NONE', ( #3302 ), #3869, .F. ) ;
#1661 = EDGE_CURVE ( 'NONE', #1454, #4148, #3814, .T. ) ;
#1662 = ADVANCED_FACE ( 'NONE', ( #1106 ), #4184, .F. ) ;
#1663 = CARTESIAN_POINT ( 'NONE',  ( -10.72000000000000200, 0.0000000000000000000, -18.07999999999999500 ) ) ;
#1664 = CARTESIAN_POINT ( 'NONE',  ( -6.280036924807803600, 14.81737857374301200, -25.00000000000000000 ) ) ;
#1665 = VECTOR ( 'NONE', #3343, 1000.000000000000000 ) ;
#1666 = EDGE_LOOP ( 'NONE', ( #2371, #2567, #1864 ) ) ;
#1667 = CARTESIAN_POINT ( 'NONE',  ( 0.3799029234540209900, 7.412302065558554500, 31.90791125051582700 ) ) ;
#1668 = FACE_OUTER_BOUND ( 'NONE', #3011, .T. ) ;
#1669 = ORIENTED_EDGE ( 'NONE', *, *, #988, .F. ) ;
#1670 = AXIS2_PLACEMENT_3D ( 'NONE', #2238, #292, #1562 ) ;
#1671 = CARTESIAN_POINT ( 'NONE',  ( -0.2745338921107221000, 7.372592512971941400, -31.84923074083156200 ) ) ;
#1672 = VECTOR ( 'NONE', #3474, 1000.000000000000000 ) ;
#1673 = LINE ( 'NONE', #3313, #905 ) ;
#1674 = CARTESIAN_POINT ( 'NONE',  ( 14.48000000000000000, 2.240000000000000200, 25.00000000000000000 ) ) ;
#1675 = AXIS2_PLACEMENT_3D ( 'NONE', #2681, #3322, #1357 ) ;
#1676 = ORIENTED_EDGE ( 'NONE', *, *, #3179, .T. ) ;
#1677 = ORIENTED_EDGE ( 'NONE', *, *, #4181, .F. ) ;
#1678 = DIRECTION ( 'NONE',  ( -1.000000000000000000, 0.0000000000000000000, -0.0000000000000000000 ) ) ;
#1680 = CARTESIAN_POINT ( 'NONE',  ( 0.5000000000000000000, 5.880381099911422100, 31.82000000000000000 ) ) ;
#1679 = LINE ( 'NONE', #296, #3970 ) ;
#1681 = DIRECTION ( 'NONE',  ( 1.000000000000000000, 0.0000000000000000000, 0.0000000000000000000 ) ) ;
#1682 = VECTOR ( 'NONE', #2415, 1000.000000000000000 ) ;
#1683 = ORIENTED_EDGE ( 'NONE', *, *, #3927, .T. ) ;
#1684 = ORIENTED_EDGE ( 'NONE', *, *, #3759, .T. ) ;
#1685 = CIRCLE ( 'NONE', #3740, 0.1999999999999996500 ) ;
#1686 = EDGE_LOOP ( 'NONE', ( #119, #4127, #1535, #1362, #2444, #57 ) ) ;
#1687 = CARTESIAN_POINT ( 'NONE',  ( 0.0000000000000000000, 6.599999999999999600, 31.62000000000000100 ) ) ;
#1688 = CYLINDRICAL_SURFACE ( 'NONE', #2332, 0.7500000000000000000 ) ;
#1689 = ADVANCED_FACE ( 'NONE', ( #701 ), #2551, .T. ) ;
#1690 = VECTOR ( 'NONE', #2862, 1000.000000000000100 ) ;
#1691 = CARTESIAN_POINT ( 'NONE',  ( -0.5000000000000000000, 7.145197867489438100, -31.69145087553212300 ) ) ;
#1692 = EDGE_CURVE ( 'NONE', #1161, #167, #1881, .T. ) ;
#1693 = EDGE_LOOP ( 'NONE', ( #1669, #2633, #3764, #673 ) ) ;
#1694 = ORIENTED_EDGE ( 'NONE', *, *, #1159, .T. ) ;
#1695 = CIRCLE ( 'NONE', #2508, 2.492694426093553100 ) ;
#1696 = SECURITY_CLASSIFICATION ( '', '', #3855 ) ;
#1697 = PLANE ( 'NONE',  #188 ) ;
#1698 = DIRECTION ( 'NONE',  ( 0.0000000000000000000, -1.000000000000000000, 0.0000000000000000000 ) ) ;
#1699 = AXIS2_PLACEMENT_3D ( 'NONE', #2565, #657, #1609 ) ;
#1700 = EDGE_CURVE ( 'NONE', #9, #1834, #2087, .T. ) ;
#1701 = CARTESIAN_POINT ( 'NONE',  ( -5.789573317131259800, 13.87480062250881300, 25.00000000000000000 ) ) ;
#1702 = AXIS2_PLACEMENT_3D ( 'NONE', #1951, #669, #1338 ) ;
#1703 = ADVANCED_FACE ( 'NONE', ( #1303 ), #1002, .F. ) ;
#1704 = ORIENTED_EDGE ( 'NONE', *, *, #1919, .F. ) ;
#1705 = CARTESIAN_POINT ( 'NONE',  ( 0.5000000000000000000, 5.115190549955709500, -35.32000000000000700 ) ) ;
#1706 = ADVANCED_FACE ( 'NONE', ( #3706 ), #2653, .T. ) ;
#1707 = CARTESIAN_POINT ( 'NONE',  ( 8.530284146270673800, 3.231394751068567700, -25.00000000000000000 ) ) ;
#1708 = PLANE ( 'NONE',  #377 ) ;
#1709 = AXIS2_PLACEMENT_3D ( 'NONE', #1268, #2928, #3896 ) ;
#1710 = VERTEX_POINT ( 'NONE', #3278 ) ;
#1711 = ORGANIZATION ( 'UNSPECIFIED', 'UNSPECIFIED', '' ) ;
#1712 = VERTEX_POINT ( 'NONE', #390 ) ;
#1713 = CARTESIAN_POINT ( 'NONE',  ( 0.1180151413567617400, 7.388055547271870100, 31.87131036295378500 ) ) ;
#1714 = CARTESIAN_POINT ( 'NONE',  ( 10.72000000000000400, 0.0000000000000000000, 21.58999999999999600 ) ) ;
#1715 = DIRECTION ( 'NONE',  ( 1.000000000000000000, -0.0000000000000000000, -0.0000000000000000000 ) ) ;
#1716 = CIRCLE ( 'NONE', #2991, 0.6000000000000033100 ) ;
#1717 = CARTESIAN_POINT ( 'NONE',  ( 4.800000000000001600, 6.599999999999999600, 24.69999999999999900 ) ) ;
#1718 = CARTESIAN_POINT ( 'NONE',  ( -0.5000000000000000000, 6.615190549955709500, -33.42000000000000200 ) ) ;
#1719 = EDGE_CURVE ( 'NONE', #1814, #1529, #1673, .T. ) ;
#1720 = LINE ( 'NONE', #2233, #294 ) ;
#1721 = ORIENTED_EDGE ( 'NONE', *, *, #2573, .T. ) ;
#1722 = CARTESIAN_POINT ( 'NONE',  ( 0.5000000000000000000, 6.615190549955709500, -33.42000000000000200 ) ) ;
#1723 = CARTESIAN_POINT ( 'NONE',  ( -0.5000000000000000000, 7.820876998851445300, -32.99224736853911800 ) ) ;
#1724 = EDGE_CURVE ( 'NONE', #3972, #3536, #4009, .T. ) ;
#1725 = CIRCLE ( 'NONE', #3420, 0.1999999999999987900 ) ;
#1726 = EDGE_LOOP ( 'NONE', ( #3373, #3412 ) ) ;
#1727 = CARTESIAN_POINT ( 'NONE',  ( 5.789573317131256200, 13.87480062250881500, 25.00000000000000000 ) ) ;
#1728 = CARTESIAN_POINT ( 'NONE',  ( -5.789573317131259800, 13.87480062250881300, -25.00000000000000000 ) ) ;
#1729 = VERTEX_POINT ( 'NONE', #380 ) ;
#1730 = VECTOR ( 'NONE', #2778, 1000.000000000000100 ) ;
#1731 = DIRECTION ( 'NONE',  ( 0.0000000000000000000, 0.0000000000000000000, 1.000000000000000000 ) ) ;
#1732 = EDGE_LOOP ( 'NONE', ( #1435, #1013, #1308, #631 ) ) ;
#1733 = ORIENTED_EDGE ( 'NONE', *, *, #3984, .T. ) ;
#1734 = FACE_OUTER_BOUND ( 'NONE', #3480, .T. ) ;
#1735 = ORIENTED_EDGE ( 'NONE', *, *, #134, .F. ) ;
#1736 = EDGE_CURVE ( 'NONE', #3790, #2810, #3197, .T. ) ;
#1737 = AXIS2_PLACEMENT_3D ( 'NONE', #4112, #2498, #2161 ) ;
#1738 = ORIENTED_EDGE ( 'NONE', *, *, #2828, .F. ) ;
#1739 = LINE ( 'NONE', #1443, #618 ) ;
#1740 = FACE_BOUND ( 'NONE', #2890, .T. ) ;
#1741 = VERTEX_POINT ( 'NONE', #2934 ) ;
#1742 = FACE_OUTER_BOUND ( 'NONE', #3348, .T. ) ;
#1743 = PLANE ( 'NONE',  #4170 ) ;
#1744 =( BOUNDED_SURFACE ( )  B_SPLINE_SURFACE ( 3, 2, ( 
 ( #1580, #4168, #582 ),
 ( #231, #3856, #1869 ),
 ( #3482, #261, #2576 ),
 ( #2538, #2525, #3176 ) ),
 .UNSPECIFIED., .F., .F., .F. ) 
 B_SPLINE_SURFACE_WITH_KNOTS ( ( 4, 4 ),
 ( 3, 3 ),
 ( -5.417639640550530200E-006, 0.0003876378229397596100 ),
 ( 0.0000000000000000000, 1.000000000000000000 ),
 .UNSPECIFIED. ) 
 GEOMETRIC_REPRESENTATION_ITEM ( )  RATIONAL_B_SPLINE_SURFACE ( (
 ( 1.000000000000000000, 1.000000000000000000, 1.000000000000000000),
 ( 1.000000000000000000, 0.9997070406150352400, 1.000000000000000000),
 ( 1.000000000000000000, 0.9519577308355253700, 1.000000000000000000),
 ( 1.000000000000000000, 0.8833016889557269200, 1.000000000000000000) ) ) 
 REPRESENTATION_ITEM ( '' )  SURFACE ( )  );
#1745 = PLANE ( 'NONE',  #2467 ) ;
#1746 = CARTESIAN_POINT ( 'NONE',  ( -6.120313219301213100, 12.66472100003637800, -25.00000000000000000 ) ) ;
#1747 = EDGE_CURVE ( 'NONE', #885, #1418, #164, .T. ) ;
#1748 = ORIENTED_EDGE ( 'NONE', *, *, #389, .F. ) ;
#1749 = CARTESIAN_POINT ( 'NONE',  ( -0.5000000000000000000, 6.615190549955709500, -34.02000000000000300 ) ) ;
#1750 = CC_DESIGN_PERSON_AND_ORGANIZATION_ASSIGNMENT ( #3644, #259, ( #2577 ) ) ;
#1751 = CARTESIAN_POINT ( 'NONE',  ( 8.691243068228063300, 5.644551875750796200, -25.00000000000000000 ) ) ;
#1752 = DIRECTION ( 'NONE',  ( 0.0000000000000000000, 0.0000000000000000000, 1.000000000000000000 ) ) ;
#1753 = AXIS2_PLACEMENT_3D ( 'NONE', #2337, #407, #1681 ) ;
#1754 = CARTESIAN_POINT ( 'NONE',  ( -8.219152229546505600, 9.426348619902889000, 25.00000000000000000 ) ) ;
#1755 = ORIENTED_EDGE ( 'NONE', *, *, #1544, .T. ) ;
#1756 = CARTESIAN_POINT ( 'NONE',  ( 14.48000000000000600, 2.240000000000000200, 14.99999999999999800 ) ) ;
#1757 = CARTESIAN_POINT ( 'NONE',  ( -0.5000000000000000000, 6.615190549955709500, 34.02000000000000300 ) ) ;
#1758 = VERTEX_POINT ( 'NONE', #66 ) ;
#1759 = AXIS2_PLACEMENT_3D ( 'NONE', #686, #1347, #982 ) ;
#1760 = VERTEX_POINT ( 'NONE', #1674 ) ;
#1761 = DIRECTION ( 'NONE',  ( 0.0000000000000000000, 0.0000000000000000000, 1.000000000000000000 ) ) ;
#1762 = ORIENTED_EDGE ( 'NONE', *, *, #2486, .F. ) ;
#1763 = CARTESIAN_POINT ( 'NONE',  ( 7.464158558306547100, 12.76225316980100100, -25.00000000000000000 ) ) ;
#1764 = CARTESIAN_POINT ( 'NONE',  ( 0.5000000000000000000, 7.246663566896333300, 32.02000000000000300 ) ) ;
#1765 = VECTOR ( 'NONE', #3159, 1000.000000000000100 ) ;
#1766 = CARTESIAN_POINT ( 'NONE',  ( -14.48000000000000000, 0.0000000000000000000, -15.00000000000000000 ) ) ;
#1767 = VECTOR ( 'NONE', #799, 1000.000000000000000 ) ;
#1768 = ORIENTED_EDGE ( 'NONE', *, *, #3692, .T. ) ;
#1769 = EDGE_CURVE ( 'NONE', #3618, #1760, #357, .T. ) ;
#1770 = DIRECTION ( 'NONE',  ( 0.0000000000000000000, 0.0000000000000000000, 1.000000000000000000 ) ) ;
#1771 = LINE ( 'NONE', #851, #352 ) ;
#1772 = ORIENTED_EDGE ( 'NONE', *, *, #3141, .F. ) ;
#1773 = CARTESIAN_POINT ( 'NONE',  ( 7.342426627394414300, 4.327157177433245600, -25.00000000000000000 ) ) ;
#1774 = VECTOR ( 'NONE', #519, 1000.000000000000100 ) ;
#1776 = CARTESIAN_POINT ( 'NONE',  ( 0.5000000000000000000, 6.299421805627014600, -31.82000000000000000 ) ) ;
#1775 = LINE ( 'NONE', #1028, #2757 ) ;
#1777 = DIRECTION ( 'NONE',  ( 0.0000000000000000000, 0.9921014462159982700, -0.1254381138893790900 ) ) ;
#1778 = EDGE_CURVE ( 'NONE', #547, #414, #1775, .T. ) ;
#1779 = EDGE_LOOP ( 'NONE', ( #1111, #1677, #2291, #700 ) ) ;
#1780 = VERTEX_POINT ( 'NONE', #331 ) ;
#1781 = VECTOR ( 'NONE', #889, 1000.000000000000000 ) ;
#1782 = DIRECTION ( 'NONE',  ( 0.0000000000000000000, 0.0000000000000000000, 1.000000000000000000 ) ) ;
#1783 = VERTEX_POINT ( 'NONE', #973 ) ;
#1784 = DIRECTION ( 'NONE',  ( 0.0000000000000000000, -1.000000000000000000, 0.0000000000000000000 ) ) ;
#1785 = CARTESIAN_POINT ( 'NONE',  ( 7.464158558306547100, 12.76225316980100100, -25.00000000000000000 ) ) ;
#1786 = ORIENTED_EDGE ( 'NONE', *, *, #988, .T. ) ;
#1787 = DIRECTION ( 'NONE',  ( -0.0000000000000000000, 1.000000000000000000, -0.0000000000000000000 ) ) ;
#1788 = VERTEX_POINT ( 'NONE', #3635 ) ;
#1789 = LINE ( 'NONE', #1080, #1579 ) ;
#1790 = ORIENTED_EDGE ( 'NONE', *, *, #3368, .F. ) ;
#1791 = CARTESIAN_POINT ( 'NONE',  ( 0.5000000000000000000, 5.115190549955709500, -35.32000000000000700 ) ) ;
#1792 = PLANE ( 'NONE',  #2580 ) ;
#1793 = LINE ( 'NONE', #3685, #3268 ) ;
#1794 = FACE_OUTER_BOUND ( 'NONE', #212, .T. ) ;
#1795 = VERTEX_POINT ( 'NONE', #3966 ) ;
#1796 = CARTESIAN_POINT ( 'NONE',  ( 0.5000000000000000000, 7.100511946954449100, 31.74770466653854200 ) ) ;
#1797 = CARTESIAN_POINT ( 'NONE',  ( -6.280036924807803600, 14.81737857374301200, 25.00000000000000000 ) ) ;
#1798 = VECTOR ( 'NONE', #2557, 1000.000000000000100 ) ;
#1799 = DIRECTION ( 'NONE',  ( 1.000000000000000000, 0.0000000000000000000, 0.0000000000000000000 ) ) ;
#1800 = CARTESIAN_POINT ( 'NONE',  ( 10.72000000000000400, 2.240000000000000200, 21.58999999999999600 ) ) ;
#1801 = CARTESIAN_POINT ( 'NONE',  ( 0.5000000000000000000, 5.347871253749470800, 33.30492625585083000 ) ) ;
#1802 = CARTESIAN_POINT ( 'NONE',  ( -10.72000000000000200, 0.0000000000000000000, -21.26000000000001200 ) ) ;
#1803 = EDGE_CURVE ( 'NONE', #2346, #3560, #3606, .T. ) ;
#1804 = PLANE ( 'NONE',  #1640 ) ;
#1805 = EDGE_CURVE ( 'NONE', #1337, #3691, #1566, .T. ) ;
#1806 = DIRECTION ( 'NONE',  ( 0.0000000000000000000, 0.0000000000000000000, -1.000000000000000000 ) ) ;
#1807 = CARTESIAN_POINT ( 'NONE',  ( 0.0000000000000000000, 6.599999999999999600, -31.82000000000000000 ) ) ;
#1808 = ORIENTED_EDGE ( 'NONE', *, *, #1099, .F. ) ;
#1809 = ORIENTED_EDGE ( 'NONE', *, *, #110, .F. ) ;
#1810 = AXIS2_PLACEMENT_3D ( 'NONE', #2251, #366, #3642 ) ;
#1811 = DIRECTION ( 'NONE',  ( 0.0000000000000000000, 0.0000000000000000000, 1.000000000000000000 ) ) ;
#1812 = DIRECTION ( 'NONE',  ( 0.0000000000000000000, -0.1254381138893856100, 0.9921014462159973800 ) ) ;
#1813 = DIRECTION ( 'NONE',  ( -1.000000000000000000, -0.0000000000000000000, -0.0000000000000000000 ) ) ;
#1814 = VERTEX_POINT ( 'NONE', #3270 ) ;
#1815 = ORIENTED_EDGE ( 'NONE', *, *, #3664, .T. ) ;
#1816 = EDGE_CURVE ( 'NONE', #2553, #2528, #2545, .T. ) ;
#1817 = AXIS2_PLACEMENT_3D ( 'NONE', #195, #857, #2492 ) ;
#1818 = CARTESIAN_POINT ( 'NONE',  ( 14.48000000000000000, 0.0000000000000000000, 25.00000000000000000 ) ) ;
#1819 = LINE ( 'NONE', #3121, #3493 ) ;
#1820 = CARTESIAN_POINT ( 'NONE',  ( -8.530284146270677300, 3.844972318509915200, -25.00000000000000000 ) ) ;
#1821 = CARTESIAN_POINT ( 'NONE',  ( -0.5000000000000000000, 7.246663566896333300, 32.02000000000000300 ) ) ;
#1822 = DIRECTION ( 'NONE',  ( -0.0000000000000000000, 1.000000000000000000, -0.0000000000000000000 ) ) ;
#1823 = LINE ( 'NONE', #3185, #404 ) ;
#1824 = ORIENTED_EDGE ( 'NONE', *, *, #3785, .F. ) ;
#1825 = DIRECTION ( 'NONE',  ( -0.0000000000000000000, 0.0000000000000000000, -1.000000000000000000 ) ) ;
#1826 = MECHANICAL_CONTEXT ( 'NONE', #835, 'mechanical' ) ;
#1827 = DIRECTION ( 'NONE',  ( 1.000000000000000000, 0.0000000000000000000, -0.0000000000000000000 ) ) ;
#1828 = EDGE_CURVE ( 'NONE', #1886, #1409, #4166, .T. ) ;
#1829 = VECTOR ( 'NONE', #3203, 1000.000000000000000 ) ;
#1830 = DIRECTION ( 'NONE',  ( -1.000000000000000000, -0.0000000000000000000, -0.0000000000000000000 ) ) ;
#1831 = AXIS2_PLACEMENT_3D ( 'NONE', #2493, #3139, #226 ) ;
#1832 = ORIENTED_EDGE ( 'NONE', *, *, #82, .T. ) ;
#1833 = VECTOR ( 'NONE', #2152, 1000.000000000000000 ) ;
#1834 = VERTEX_POINT ( 'NONE', #2697 ) ;
#1835 = DIRECTION ( 'NONE',  ( -1.000000000000000000, -0.0000000000000000000, -0.0000000000000000000 ) ) ;
#1836 = ORIENTED_EDGE ( 'NONE', *, *, #1582, .T. ) ;
#1837 = FACE_OUTER_BOUND ( 'NONE', #3044, .T. ) ;
#1838 = CARTESIAN_POINT ( 'NONE',  ( -0.5000000000000000000, 6.615190549955709500, -34.62000000000000500 ) ) ;
#1839 = EDGE_LOOP ( 'NONE', ( #3951, #734, #1978, #2496 ) ) ;
#1840 = EDGE_CURVE ( 'NONE', #242, #3287, #179, .T. ) ;
#1841 = FACE_OUTER_BOUND ( 'NONE', #3887, .T. ) ;
#1842 = DIRECTION ( 'NONE',  ( -1.000000000000000000, -0.0000000000000000000, -0.0000000000000000000 ) ) ;
#1843 = CARTESIAN_POINT ( 'NONE',  ( 0.4999999999999998900, 6.040983005625052200, -31.61999999999999400 ) ) ;
#1844 = VECTOR ( 'NONE', #2284, 1000.000000000000000 ) ;
#1845 = CARTESIAN_POINT ( 'NONE',  ( 0.0000000000000000000, 6.599999999999999600, 24.80000000000000400 ) ) ;
#1846 = ORIENTED_EDGE ( 'NONE', *, *, #637, .F. ) ;
#1847 = AXIS2_PLACEMENT_3D ( 'NONE', #3471, #1855, #1196 ) ;
#1848 = ORIENTED_EDGE ( 'NONE', *, *, #1277, .T. ) ;
#1849 = LINE ( 'NONE', #1019, #3620 ) ;
#1850 = DIRECTION ( 'NONE',  ( 0.4615920579147523900, -0.8870923131613889200, 0.0000000000000000000 ) ) ;
#1851 = VERTEX_POINT ( 'NONE', #458 ) ;
#1852 = ORIENTED_EDGE ( 'NONE', *, *, #2755, .T. ) ;
#1853 = DIRECTION ( 'NONE',  ( 1.000000000000000000, 0.0000000000000000000, 0.0000000000000000000 ) ) ;
#1854 = CARTESIAN_POINT ( 'NONE',  ( -6.982355285352882700, 7.157736418631229100, -25.00000000000000000 ) ) ;
#1855 = DIRECTION ( 'NONE',  ( -1.000000000000000000, 0.0000000000000000000, 0.0000000000000000000 ) ) ;
#1856 = CARTESIAN_POINT ( 'NONE',  ( -4.800000000000001600, 6.600000000000000500, 24.69999999999999900 ) ) ;
#1857 = CARTESIAN_POINT ( 'NONE',  ( -6.588275186769091200, 9.825573679019864700, 25.00000000000000000 ) ) ;
#1858 = DIRECTION ( 'NONE',  ( -0.0000000000000000000, -0.0000000000000000000, 1.000000000000000000 ) ) ;
#1859 = CARTESIAN_POINT ( 'NONE',  ( 10.72000000000000400, 0.0000000000000000000, 18.40999999999999700 ) ) ;
#1860 = VERTEX_POINT ( 'NONE', #1428 ) ;
#1861 = AXIS2_PLACEMENT_3D ( 'NONE', #2167, #2518, #3823 ) ;
#1862 = VERTEX_POINT ( 'NONE', #2408 ) ;
#1863 = EDGE_CURVE ( 'NONE', #213, #1631, #3880, .T. ) ;
#1864 = ORIENTED_EDGE ( 'NONE', *, *, #180, .T. ) ;
#1865 = DIRECTION ( 'NONE',  ( 0.0000000000000000000, 0.0000000000000000000, 1.000000000000000000 ) ) ;
#1866 = ORIENTED_EDGE ( 'NONE', *, *, #3018, .F. ) ;
#1867 = CARTESIAN_POINT ( 'NONE',  ( 5.999999999999998200, 15.49000000000000000, 25.00000000000000000 ) ) ;
#1868 = VERTEX_POINT ( 'NONE', #3339 ) ;
#1869 = CARTESIAN_POINT ( 'NONE',  ( 0.1183174142572048100, 7.388149105919470800, -31.87143650824691900 ) ) ;
#1870 = LINE ( 'NONE', #3751, #2945 ) ;
#1871 = CARTESIAN_POINT ( 'NONE',  ( 0.0000000000000000000, 6.599999999999999600, 24.80000000000000400 ) ) ;
#1872 = EDGE_CURVE ( 'NONE', #1468, #3532, #1374, .T. ) ;
#1873 = CYLINDRICAL_SURFACE ( 'NONE', #3713, 0.1999999999999987900 ) ;
#1874 = ORIENTED_EDGE ( 'NONE', *, *, #314, .F. ) ;
#1875 = FACE_OUTER_BOUND ( 'NONE', #3336, .T. ) ;
#1876 = DIRECTION ( 'NONE',  ( 0.0000000000000000000, 0.0000000000000000000, 1.000000000000000000 ) ) ;
#1877 = VERTEX_POINT ( 'NONE', #3652 ) ;
#1878 = CARTESIAN_POINT ( 'NONE',  ( 0.5000000000000000000, 7.882509846161931400, 33.30492625585084500 ) ) ;
#1879 = DIRECTION ( 'NONE',  ( -1.000000000000000000, -0.0000000000000000000, -0.0000000000000000000 ) ) ;
#1880 = VECTOR ( 'NONE', #1456, 1000.000000000000000 ) ;
#1881 = LINE ( 'NONE', #666, #1207 ) ;
#1882 = DIRECTION ( 'NONE',  ( -0.0000000000000000000, 1.000000000000000000, -0.0000000000000000000 ) ) ;
#1883 = CARTESIAN_POINT ( 'NONE',  ( 0.5000000000000000000, 8.115190549955711300, 35.32000000000000700 ) ) ;
#1884 = CARTESIAN_POINT ( 'NONE',  ( -4.250000000000000000, 6.599999999999999600, -24.80000000000000400 ) ) ;
#1885 = EDGE_CURVE ( 'NONE', #201, #2342, #2306, .T. ) ;
#1886 = VERTEX_POINT ( 'NONE', #1718 ) ;
#1887 = ORIENTED_EDGE ( 'NONE', *, *, #1585, .T. ) ;
#1888 = CYLINDRICAL_SURFACE ( 'NONE', #638, 0.6000000000000033100 ) ;
#1889 = VERTEX_POINT ( 'NONE', #4040 ) ;
#1890 = ORIENTED_EDGE ( 'NONE', *, *, #4058, .T. ) ;
#1891 = CARTESIAN_POINT ( 'NONE',  ( -14.48000000000000000, 0.0000000000000000000, -25.00000000000000000 ) ) ;
#1892 = VECTOR ( 'NONE', #2005, 1000.000000000000100 ) ;
#1893 = LINE ( 'NONE', #3734, #615 ) ;
#1894 = ORIENTED_EDGE ( 'NONE', *, *, #3510, .T. ) ;
#1895 = CIRCLE ( 'NONE', #966, 5.200000000000001100 ) ;
#1896 = CARTESIAN_POINT ( 'NONE',  ( 8.530284146270673800, 3.844972318509915200, -25.00000000000000000 ) ) ;
#1897 = AXIS2_PLACEMENT_3D ( 'NONE', #3879, #2578, #1929 ) ;
#1898 = LINE ( 'NONE', #2624, #1067 ) ;
#1899 = ORIENTED_EDGE ( 'NONE', *, *, #3261, .F. ) ;
#1900 = CARTESIAN_POINT ( 'NONE',  ( 0.0000000000000000000, 6.599999999999999600, -31.61999999999999400 ) ) ;
#1901 = LINE ( 'NONE', #2887, #921 ) ;
#1902 = CARTESIAN_POINT ( 'NONE',  ( 7.342426627394414300, 4.327157177433245600, 25.00000000000000000 ) ) ;
#1903 = DIRECTION ( 'NONE',  ( 0.8870923131613893700, -0.4615920579147516600, 0.0000000000000000000 ) ) ;
#1904 = EDGE_CURVE ( 'NONE', #3260, #1575, #619, .T. ) ;
#1905 = AXIS2_PLACEMENT_3D ( 'NONE', #1045, #436, #1389 ) ;
#1906 = ORIENTED_EDGE ( 'NONE', *, *, #1946, .F. ) ;
#1907 = CARTESIAN_POINT ( 'NONE',  ( -6.588275186769091200, 9.825573679019864700, -25.00000000000000000 ) ) ;
#1908 = ADVANCED_FACE ( 'NONE', ( #2672 ), #2458, .T. ) ;
#1909 = DIRECTION ( 'NONE',  ( 1.000000000000000000, 0.0000000000000000000, 0.0000000000000000000 ) ) ;
#1910 = EDGE_CURVE ( 'NONE', #547, #1783, #3979, .T. ) ;
#1911 = CARTESIAN_POINT ( 'NONE',  ( -7.464158558306550600, 12.76225316980100100, -25.00000000000000000 ) ) ;
#1912 = ORIENTED_EDGE ( 'NONE', *, *, #3621, .T. ) ;
#1913 = VERTEX_POINT ( 'NONE', #2063 ) ;
#1914 = ORIENTED_EDGE ( 'NONE', *, *, #426, .T. ) ;
#1915 = DIRECTION ( 'NONE',  ( 1.000000000000000000, 0.0000000000000000000, 0.0000000000000000000 ) ) ;
#1916 = PERSON_AND_ORGANIZATION ( #3502, #1711 ) ;
#1917 = ORIENTED_EDGE ( 'NONE', *, *, #1600, .T. ) ;
#1918 = AXIS2_PLACEMENT_3D ( 'NONE', #2809, #3736, #2754 ) ;
#1919 = EDGE_CURVE ( 'NONE', #1862, #2452, #3384, .T. ) ;
#1920 = DIRECTION ( 'NONE',  ( -1.000000000000000000, 0.0000000000000000000, 0.0000000000000000000 ) ) ;
#1921 = DIRECTION ( 'NONE',  ( 0.8870923131613891500, 0.4615920579147520500, 0.0000000000000000000 ) ) ;
#1922 = CIRCLE ( 'NONE', #1753, 0.7500000000000000000 ) ;
#1923 = ADVANCED_FACE ( 'NONE', ( #1431 ), #830, .T. ) ;
#1924 = AXIS2_PLACEMENT_3D ( 'NONE', #744, #3982, #4026 ) ;
#1925 = DIRECTION ( 'NONE',  ( -0.0000000000000000000, 1.000000000000000000, 0.0000000000000000000 ) ) ;
#1926 = PLANE ( 'NONE',  #1810 ) ;
#1927 = LINE ( 'NONE', #485, #3244 ) ;
#1928 = EDGE_LOOP ( 'NONE', ( #130, #3061, #3073, #683, #1295, #194 ) ) ;
#1929 = DIRECTION ( 'NONE',  ( -1.000000000000000000, 0.0000000000000000000, 0.0000000000000000000 ) ) ;
#1930 = AXIS2_PLACEMENT_3D ( 'NONE', #1911, #4153, #1537 ) ;
#1931 = DIRECTION ( 'NONE',  ( 1.000000000000000000, 0.0000000000000000000, 0.0000000000000000000 ) ) ;
#1932 = LINE ( 'NONE', #1189, #4161 ) ;
#1933 = ORIENTED_EDGE ( 'NONE', *, *, #2304, .T. ) ;
#1934 = ORIENTED_EDGE ( 'NONE', *, *, #1053, .F. ) ;
#1935 = CIRCLE ( 'NONE', #3022, 1.590000000000008100 ) ;
#1936 = EDGE_LOOP ( 'NONE', ( #3893, #2090, #3256, #2523 ) ) ;
#1937 = EDGE_LOOP ( 'NONE', ( #1363, #2237, #4076, #2741 ) ) ;
#1938 = EDGE_LOOP ( 'NONE', ( #38, #3230, #2073, #3148, #2793, #2559, #3592, #441, #1470, #2405 ) ) ;
#1939 = VECTOR ( 'NONE', #1618, 1000.000000000000000 ) ;
#1940 = DIRECTION ( 'NONE',  ( -0.0000000000000000000, -0.1254381138893790600, -0.9921014462159981600 ) ) ;
#1941 = EDGE_CURVE ( 'NONE', #2094, #2788, #3117, .T. ) ;
#1942 = LINE ( 'NONE', #1641, #125 ) ;
#1943 = CIRCLE ( 'NONE', #2213, 2.492694426093553100 ) ;
#1944 = CARTESIAN_POINT ( 'NONE',  ( -0.5000000000000000000, 5.983717533015084000, 31.82000000000000000 ) ) ;
#1945 = ADVANCED_FACE ( 'NONE', ( #1478, #3622 ), #1439, .T. ) ;
#1946 = EDGE_CURVE ( 'NONE', #2346, #1131, #3773, .T. ) ;
#1947 = CYLINDRICAL_SURFACE ( 'NONE', #3941, 0.1999999999999987900 ) ;
#1948 = CARTESIAN_POINT ( 'NONE',  ( 0.5000000000000000000, 7.246663566896333300, 32.02000000000000300 ) ) ;
#1949 = DIRECTION ( 'NONE',  ( 1.000000000000000000, 0.0000000000000000000, 0.0000000000000000000 ) ) ;
#1950 = VERTEX_POINT ( 'NONE', #1494 ) ;
#1951 = CARTESIAN_POINT ( 'NONE',  ( 0.0000000000000000000, 6.599999999999999600, 24.80000000000000400 ) ) ;
#1952 = DIRECTION ( 'NONE',  ( 1.000000000000000000, 0.0000000000000000000, 0.0000000000000000000 ) ) ;
#1953 = CARTESIAN_POINT ( 'NONE',  ( 0.2450224391866648000, 7.412301996524614200, 31.90791114850132700 ) ) ;
#1954 = EDGE_CURVE ( 'NONE', #1265, #207, #1167, .T. ) ;
#1955 = AXIS2_PLACEMENT_3D ( 'NONE', #936, #1607, #3890 ) ;
#1956 = CARTESIAN_POINT ( 'NONE',  ( 0.5000000000000000000, 5.983717533015084000, -31.82000000000000000 ) ) ;
#1957 = PLANE ( 'NONE',  #3911 ) ;
#1958 = DIRECTION ( 'NONE',  ( 0.0000000000000000000, 1.000000000000000000, 0.0000000000000000000 ) ) ;
#1959 = ORIENTED_EDGE ( 'NONE', *, *, #637, .T. ) ;
#1960 = DIRECTION ( 'NONE',  ( -0.1956416779894807900, 0.9806754477570346400, -0.0000000000000000000 ) ) ;
#1961 = ADVANCED_FACE ( 'NONE', ( #2873 ), #717, .F. ) ;
#1962 = EDGE_LOOP ( 'NONE', ( #1227, #2753, #3673, #3860 ) ) ;
#1963 = EDGE_CURVE ( 'NONE', #1657, #621, #1119, .T. ) ;
#1964 = ORIENTED_EDGE ( 'NONE', *, *, #2407, .F. ) ;
#1965 = CARTESIAN_POINT ( 'NONE',  ( -0.2745338918211710500, 7.372592513026244600, 31.84923074091144800 ) ) ;
#1966 = DIRECTION ( 'NONE',  ( 1.000000000000000000, 0.0000000000000000000, 0.0000000000000000000 ) ) ;
#1967 = AXIS2_PLACEMENT_3D ( 'NONE', #387, #3936, #3977 ) ;
#1968 = ORIENTED_EDGE ( 'NONE', *, *, #808, .F. ) ;
#1969 = DIRECTION ( 'NONE',  ( -0.0000000000000000000, -0.0000000000000000000, -1.000000000000000000 ) ) ;
#1970 = DIRECTION ( 'NONE',  ( -1.000000000000000000, 0.0000000000000000000, -0.0000000000000000000 ) ) ;
#1971 = VECTOR ( 'NONE', #3182, 999.9999999999998900 ) ;
#1972 = DIRECTION ( 'NONE',  ( 1.000000000000000000, 0.0000000000000000000, 0.0000000000000000000 ) ) ;
#1973 = LINE ( 'NONE', #1120, #504 ) ;
#1974 = ORIENTED_EDGE ( 'NONE', *, *, #1173, .T. ) ;
#1975 = CARTESIAN_POINT ( 'NONE',  ( 0.5000000000000000000, 6.615190549955709500, 33.42000000000000200 ) ) ;
#1976 = AXIS2_PLACEMENT_3D ( 'NONE', #2021, #358, #3624 ) ;
#1977 = LINE ( 'NONE', #871, #1511 ) ;
#1978 = ORIENTED_EDGE ( 'NONE', *, *, #3037, .T. ) ;
#1979 = CARTESIAN_POINT ( 'NONE',  ( -8.219152229546505600, 9.426348619902889000, 25.00000000000000000 ) ) ;
#1980 = CARTESIAN_POINT ( 'NONE',  ( 8.219152229546502000, 9.426348619902890700, -25.00000000000000000 ) ) ;
#1981 = ORIENTED_EDGE ( 'NONE', *, *, #1769, .F. ) ;
#1982 = CYLINDRICAL_SURFACE ( 'NONE', #1386, 2.492694426093549500 ) ;
#1983 = VECTOR ( 'NONE', #702, 1000.000000000000000 ) ;
#1984 = ORIENTED_EDGE ( 'NONE', *, *, #2148, .F. ) ;
#1985 = PLANE ( 'NONE',  #793 ) ;
#1986 = ADVANCED_FACE ( 'NONE', ( #3169 ), #525, .F. ) ;
#1987 = ORIENTED_EDGE ( 'NONE', *, *, #2651, .F. ) ;
#1988 = ORIENTED_EDGE ( 'NONE', *, *, #3686, .F. ) ;
#1989 = ADVANCED_FACE ( 'NONE', ( #318 ), #1484, .T. ) ;
#1990 = VECTOR ( 'NONE', #614, 1000.000000000000000 ) ;
#1991 = ORIENTED_EDGE ( 'NONE', *, *, #3677, .F. ) ;
#1992 = EDGE_LOOP ( 'NONE', ( #3873, #2356, #3934, #3122 ) ) ;
#1993 = DIRECTION ( 'NONE',  ( -1.000000000000000000, -0.0000000000000000000, -0.0000000000000000000 ) ) ;
#1994 = EDGE_CURVE ( 'NONE', #2413, #1760, #3070, .T. ) ;
#1995 = LINE ( 'NONE', #2070, #2767 ) ;
#1996 = CARTESIAN_POINT ( 'NONE',  ( 0.0000000000000000000, 6.599999999999999600, 31.82000000000000000 ) ) ;
#1997 = VERTEX_POINT ( 'NONE', #3395 ) ;
#1998 = DIRECTION ( 'NONE',  ( 0.0000000000000000000, 0.0000000000000000000, 1.000000000000000000 ) ) ;
#1999 = VECTOR ( 'NONE', #3228, 1000.000000000000000 ) ;
#2000 = CARTESIAN_POINT ( 'NONE',  ( 0.0000000000000000000, 6.599999999999999600, -25.00000000000000000 ) ) ;
#2001 = CARTESIAN_POINT ( 'NONE',  ( 0.0000000000000000000, 6.599999999999999600, -24.50000000000000000 ) ) ;
#2002 = LINE ( 'NONE', #1449, #520 ) ;
#2003 = ORIENTED_EDGE ( 'NONE', *, *, #2331, .T. ) ;
#2004 = FACE_OUTER_BOUND ( 'NONE', #647, .T. ) ;
#2005 = DIRECTION ( 'NONE',  ( 0.9231850650931188200, 0.3843557409341166200, -0.0000000000000000000 ) ) ;
#2006 = CARTESIAN_POINT ( 'NONE',  ( 4.800000000000001600, 6.599999999999999600, -24.50000000000000000 ) ) ;
#2007 = EDGE_CURVE ( 'NONE', #1023, #303, #2002, .T. ) ;
#2008 = EDGE_LOOP ( 'NONE', ( #3083, #281, #2135, #846 ) ) ;
#2009 = DIRECTION ( 'NONE',  ( 0.0000000000000000000, 0.0000000000000000000, 1.000000000000000000 ) ) ;
#2010 = ADVANCED_FACE ( 'NONE', ( #3021, #2774 ), #1792, .F. ) ;
#2011 = ADVANCED_FACE ( 'NONE', ( #2149 ), #1804, .T. ) ;
#2012 = DIRECTION ( 'NONE',  ( 0.0000000000000000000, 0.0000000000000000000, -1.000000000000000000 ) ) ;
#2013 = CARTESIAN_POINT ( 'NONE',  ( 6.982355285352881000, 7.157736418631229100, 25.00000000000000000 ) ) ;
#2014 = AXIS2_PLACEMENT_3D ( 'NONE', #3574, #3585, #322 ) ;
#2015 = PLANE ( 'NONE',  #3778 ) ;
#2016 = CARTESIAN_POINT ( 'NONE',  ( 6.588275186769087600, 9.825573679019864700, -25.00000000000000000 ) ) ;
#2017 = EDGE_LOOP ( 'NONE', ( #2206, #2056, #3188, #2990 ) ) ;
#2018 = ORIENTED_EDGE ( 'NONE', *, *, #1946, .T. ) ;
#2019 = CARTESIAN_POINT ( 'NONE',  ( 0.0000000000000000000, 6.599999999999999600, 31.82000000000000000 ) ) ;
#2020 = VERTEX_POINT ( 'NONE', #3760 ) ;
#2021 = CARTESIAN_POINT ( 'NONE',  ( 0.0000000000000000000, 6.599999999999999600, 24.80000000000000400 ) ) ;
#2022 = EDGE_CURVE ( 'NONE', #1913, #2094, #2047, .T. ) ;
#2023 = CARTESIAN_POINT ( 'NONE',  ( 6.280036924807800100, 14.81737857374301400, -25.00000000000000000 ) ) ;
#2024 = DIRECTION ( 'NONE',  ( 0.0000000000000000000, 0.0000000000000000000, 1.000000000000000000 ) ) ;
#2025 = CIRCLE ( 'NONE', #285, 5.000000000000000900 ) ;
#2026 = EDGE_CURVE ( 'NONE', #2989, #1780, #4082, .T. ) ;
#2027 = CARTESIAN_POINT ( 'NONE',  ( 0.0000000000000000000, 6.599999999999999600, -24.80000000000000400 ) ) ;
#2028 = PLANE ( 'NONE',  #1029 ) ;
#2029 = VECTOR ( 'NONE', #1903, 1000.000000000000100 ) ;
#2030 = ORIENTED_EDGE ( 'NONE', *, *, #280, .F. ) ;
#2031 = ADVANCED_FACE ( 'NONE', ( #3678, #2248, #2921 ), #1564, .T. ) ;
#2032 = AXIS2_PLACEMENT_3D ( 'NONE', #1907, #3889, #18 ) ;
#2033 = FACE_OUTER_BOUND ( 'NONE', #681, .T. ) ;
#2034 = EDGE_CURVE ( 'NONE', #2452, #510, #84, .T. ) ;
#2035 = AXIS2_PLACEMENT_3D ( 'NONE', #3220, #2280, #3577 ) ;
#2036 = ORIENTED_EDGE ( 'NONE', *, *, #522, .F. ) ;
#2037 = CARTESIAN_POINT ( 'NONE',  ( 5.999999999999998200, 15.49000000000000000, -25.00000000000000000 ) ) ;
#2039 = CARTESIAN_POINT ( 'NONE',  ( 0.5000000000000000000, 6.615190549955709500, -34.02000000000000300 ) ) ;
#2038 = TOROIDAL_SURFACE ( 'NONE', #957, 0.5500000000000000400, 0.2000000000000000100 ) ;
#2040 = ORIENTED_EDGE ( 'NONE', *, *, #1322, .F. ) ;
#2041 = VERTEX_POINT ( 'NONE', #4138 ) ;
#2042 = VECTOR ( 'NONE', #687, 1000.000000000000100 ) ;
#2043 = CARTESIAN_POINT ( 'NONE',  ( -0.5000000000000000000, 8.115190549955711300, -35.32000000000000700 ) ) ;
#2044 = VERTEX_POINT ( 'NONE', #3520 ) ;
#2045 = CARTESIAN_POINT ( 'NONE',  ( -4.250000000000000000, 6.599999999999998800, -24.69999999999999900 ) ) ;
#2046 = CIRCLE ( 'NONE', #2035, 0.1999999999999987900 ) ;
#2047 = LINE ( 'NONE', #783, #1263 ) ;
#2048 = DIRECTION ( 'NONE',  ( 0.0000000000000000000, 0.0000000000000000000, -1.000000000000000000 ) ) ;
#2049 = EDGE_CURVE ( 'NONE', #4083, #2094, #2821, .T. ) ;
#2050 = CARTESIAN_POINT ( 'NONE',  ( 0.0000000000000000000, 6.599999999999999600, 31.82000000000000000 ) ) ;
#2051 = ORIENTED_EDGE ( 'NONE', *, *, #739, .T. ) ;
#2052 = LINE ( 'NONE', #2599, #3679 ) ;
#2053 = ADVANCED_FACE ( 'NONE', ( #266 ), #248, .T. ) ;
#2054 = DIRECTION ( 'NONE',  ( -1.000000000000000000, 0.0000000000000000000, 0.0000000000000000000 ) ) ;
#2055 = CARTESIAN_POINT ( 'NONE',  ( -0.5000000000000000000, 6.040983005625052200, 31.82000000000000000 ) ) ;
#2056 = ORIENTED_EDGE ( 'NONE', *, *, #2680, .F. ) ;
#2057 = AXIS2_PLACEMENT_3D ( 'NONE', #3110, #3732, #521 ) ;
#2058 = CARTESIAN_POINT ( 'NONE',  ( 0.2455648090893529100, 7.412302065558555400, 31.90791125051582700 ) ) ;
#2059 = CARTESIAN_POINT ( 'NONE',  ( 0.5000000000000000000, 8.115190549955711300, -35.32000000000000700 ) ) ;
#2060 = CARTESIAN_POINT ( 'NONE',  ( -7.464158558306550600, 12.76225316980100100, -25.00000000000000000 ) ) ;
#2061 = EDGE_CURVE ( 'NONE', #2041, #617, #425, .T. ) ;
#2062 = AXIS2_PLACEMENT_3D ( 'NONE', #939, #284, #24 ) ;
#2063 = CARTESIAN_POINT ( 'NONE',  ( -7.342426627394416100, 4.327157177433245600, -25.00000000000000000 ) ) ;
#2064 = VERTEX_POINT ( 'NONE', #3150 ) ;
#2065 = CARTESIAN_POINT ( 'NONE',  ( 0.5000000000000000000, 7.145197867489439000, 31.69145087553213000 ) ) ;
#2066 = CARTESIAN_POINT ( 'NONE',  ( -6.588275186769091200, 9.825573679019864700, 25.00000000000000000 ) ) ;
#2067 = AXIS2_PLACEMENT_3D ( 'NONE', #3123, #3475, #1489 ) ;
#2068 = ORIENTED_EDGE ( 'NONE', *, *, #2714, .F. ) ;
#2069 = ORIENTED_EDGE ( 'NONE', *, *, #2828, .T. ) ;
#2070 = CARTESIAN_POINT ( 'NONE',  ( -14.48000000000000000, 0.0000000000000000000, 25.00000000000000000 ) ) ;
#2071 = ADVANCED_FACE ( 'NONE', ( #1794 ), #1225, .F. ) ;
#2072 = CARTESIAN_POINT ( 'NONE',  ( -7.684673645897961900, 11.95545359045973100, 25.00000000000000000 ) ) ;
#2073 = ORIENTED_EDGE ( 'NONE', *, *, #3884, .T. ) ;
#2074 = LINE ( 'NONE', #3810, #1192 ) ;
#2075 = DIRECTION ( 'NONE',  ( -0.2636502354449246600, -0.9646183459533805800, 0.0000000000000000000 ) ) ;
#2076 = DIRECTION ( 'NONE',  ( -0.0000000000000000000, 1.000000000000000000, -0.0000000000000000000 ) ) ;
#2077 = FACE_OUTER_BOUND ( 'NONE', #1936, .T. ) ;
#2078 = VERTEX_POINT ( 'NONE', #1643 ) ;
#2079 = DIRECTION ( 'NONE',  ( -1.000000000000000000, 0.0000000000000000000, -0.0000000000000000000 ) ) ;
#2080 = DIRECTION ( 'NONE',  ( -0.0000000000000000000, -0.0000000000000000000, -1.000000000000000000 ) ) ;
#2081 = AXIS2_PLACEMENT_3D ( 'NONE', #1505, #1525, #1540 ) ;
#2082 = EDGE_CURVE ( 'NONE', #2989, #2078, #1898, .T. ) ;
#2083 = FACE_OUTER_BOUND ( 'NONE', #3533, .T. ) ;
#2084 = ORIENTED_EDGE ( 'NONE', *, *, #3763, .T. ) ;
#2085 = DIRECTION ( 'NONE',  ( 0.0000000000000000000, 0.0000000000000000000, 1.000000000000000000 ) ) ;
#2086 = DIRECTION ( 'NONE',  ( -1.000000000000000000, 0.0000000000000000000, 0.0000000000000000000 ) ) ;
#2087 = CIRCLE ( 'NONE', #1759, 4.450000000000000200 ) ;
#2088 = EDGE_LOOP ( 'NONE', ( #465, #1914 ) ) ;
#2089 = CARTESIAN_POINT ( 'NONE',  ( 0.0000000000000000000, 6.599999999999999600, 25.00000000000000000 ) ) ;
#2090 = ORIENTED_EDGE ( 'NONE', *, *, #2794, .T. ) ;
#2091 = DIRECTION ( 'NONE',  ( 0.0000000000000000000, 1.000000000000000000, 0.0000000000000000000 ) ) ;
#2092 = ORIENTED_EDGE ( 'NONE', *, *, #1816, .T. ) ;
#2093 = VECTOR ( 'NONE', #906, 1000.000000000000000 ) ;
#2094 = VERTEX_POINT ( 'NONE', #307 ) ;
#2095 = EDGE_CURVE ( 'NONE', #3790, #959, #4185, .T. ) ;
#2096 = VECTOR ( 'NONE', #3959, 1000.000000000000100 ) ;
#2097 = DIRECTION ( 'NONE',  ( 1.000000000000000000, 0.0000000000000000000, 0.0000000000000000000 ) ) ;
#2098 = LINE ( 'NONE', #3029, #2871 ) ;
#2099 = LINE ( 'NONE', #117, #766 ) ;
#2100 = DIRECTION ( 'NONE',  ( 1.000000000000000000, 0.0000000000000000000, 0.0000000000000000000 ) ) ;
#2101 = LINE ( 'NONE', #3205, #3211 ) ;
#2102 = DIRECTION ( 'NONE',  ( 0.0000000000000000000, 0.0000000000000000000, 1.000000000000000000 ) ) ;
#2103 = FACE_OUTER_BOUND ( 'NONE', #2674, .T. ) ;
#2104 = CARTESIAN_POINT ( 'NONE',  ( -0.5000000000000000000, 6.615190549955709500, 33.42000000000000200 ) ) ;
#2105 = EDGE_CURVE ( 'NONE', #4151, #2460, #571, .T. ) ;
#2106 = ORIENTED_EDGE ( 'NONE', *, *, #1355, .T. ) ;
#2107 = CARTESIAN_POINT ( 'NONE',  ( -0.5000000000000000000, 6.829128784747791900, 31.82000000000000000 ) ) ;
#2108 = CARTESIAN_POINT ( 'NONE',  ( 0.4999999999999998900, 6.099488053045551100, -31.74770466653853500 ) ) ;
#2109 = CARTESIAN_POINT ( 'NONE',  ( -7.464158558306550600, 12.76225316980100100, -25.00000000000000000 ) ) ;
#2110 = AXIS2_PLACEMENT_3D ( 'NONE', #3404, #4053, #3131 ) ;
#2111 = PLANE ( 'NONE',  #2116 ) ;
#2112 = CARTESIAN_POINT ( 'NONE',  ( 0.0000000000000000000, 6.599999999999999600, -24.80000000000000400 ) ) ;
#2113 = DIRECTION ( 'NONE',  ( 0.9646183459533804700, 0.2636502354449251100, -0.0000000000000000000 ) ) ;
#2114 = EDGE_CURVE ( 'NONE', #295, #2596, #2101, .T. ) ;
#2115 = ORIENTED_EDGE ( 'NONE', *, *, #2215, .F. ) ;
#2116 = AXIS2_PLACEMENT_3D ( 'NONE', #483, #2790, #4099 ) ;
#2117 = VERTEX_POINT ( 'NONE', #4175 ) ;
#2118 = DIRECTION ( 'NONE',  ( -1.000000000000000000, -0.0000000000000000000, 0.0000000000000000000 ) ) ;
#2119 = ORIENTED_EDGE ( 'NONE', *, *, #442, .T. ) ;
#2120 = CARTESIAN_POINT ( 'NONE',  ( 0.4999999999999998900, 6.040983005625052200, -31.61999999999999400 ) ) ;
#2121 = DIRECTION ( 'NONE',  ( 1.000000000000000000, 0.0000000000000000000, -0.0000000000000000000 ) ) ;
#2122 = PLANE ( 'NONE',  #2500 ) ;
#2123 = DIRECTION ( 'NONE',  ( 0.0000000000000000000, -1.000000000000000000, 0.0000000000000000000 ) ) ;
#2124 = CARTESIAN_POINT ( 'NONE',  ( -6.280036924807803600, 11.37065189891219700, -25.00000000000000000 ) ) ;
#2125 = CARTESIAN_POINT ( 'NONE',  ( -8.530284146270677300, 3.231394751068567700, -25.00000000000000000 ) ) ;
#2126 = VECTOR ( 'NONE', #2024, 1000.000000000000000 ) ;
#2127 = EDGE_CURVE ( 'NONE', #3691, #1025, #3423, .T. ) ;
#2128 = DIRECTION ( 'NONE',  ( -1.000000000000000000, 0.0000000000000000000, 0.0000000000000000000 ) ) ;
#2129 = CIRCLE ( 'NONE', #2057, 1.590000000000001200 ) ;
#2130 = EDGE_LOOP ( 'NONE', ( #459, #3081 ) ) ;
#2131 = DIRECTION ( 'NONE',  ( -1.000000000000000000, -0.0000000000000000000, -0.0000000000000000000 ) ) ;
#2132 = LINE ( 'NONE', #1714, #356 ) ;
#2133 = CARTESIAN_POINT ( 'NONE',  ( -10.72000000000000200, 0.0000000000000000000, -19.67000000000000200 ) ) ;
#2134 = EDGE_CURVE ( 'NONE', #559, #505, #3932, .T. ) ;
#2135 = ORIENTED_EDGE ( 'NONE', *, *, #180, .F. ) ;
#2136 = VECTOR ( 'NONE', #1822, 1000.000000000000000 ) ;
#2137 = DIRECTION ( 'NONE',  ( -0.3843557409341177300, 0.9231850650931184800, -0.0000000000000000000 ) ) ;
#2138 = CARTESIAN_POINT ( 'NONE',  ( 0.5000000000000000000, 6.615190549955709500, -33.42000000000000200 ) ) ;
#2139 = CLOSED_SHELL ( 'NONE', ( #1014, #2996, #122, #1706, #1036, #3648, #1961, #948, #1703, #740, #2373, #373, #3050, #1381, #3945, #2326, #2655, #104, #2893, #4008, #2352, #2239, #3900, #2951, #725, #3372, #3308, #297, #1986, #1264, #630, #927, #1945, #592, #3328, #2281, #758, #2704, #3279, #1399, #1923, #2930, #2011, #3600, #2730, #4186, #3886, #71, #1689, #3926, #1077, #3283, #676, #1305, #1352, #620, #3969, #25, #736, #2698, #139, #1243, #2053, #2615, #8, #3020, #343, #1398, #1989, #3675, #1574, #1018, #3221, #1642, #2031, #3862, #1660, #3017, #2660, #2911, #2071, #693, #126, #395, #3583, #656, #2985, #1662, #3990, #1333, #3992, #3267, #992, #89, #1421, #3948, #1614, #434, #2259, #1055, #1595, #1282, #3195, #3030, #3519, #2683, #67, #2324, #3628, #2572, #50, #412, #2593, #3033, #328, #697, #2010, #2311, #3241, #101, #376, #1330, #1377, #3535, #1908, #974, #278, #2983, #3559, #2630 ) ) ;
#2140 = CARTESIAN_POINT ( 'NONE',  ( 0.0000000000000000000, 6.599999999999999600, 24.69999999999999900 ) ) ;
#2141 = AXIS2_PLACEMENT_3D ( 'NONE', #3325, #417, #2742 ) ;
#2142 = ORIENTED_EDGE ( 'NONE', *, *, #1610, .F. ) ;
#2143 = ORIENTED_EDGE ( 'NONE', *, *, #1644, .T. ) ;
#2144 = VECTOR ( 'NONE', #1998, 1000.000000000000000 ) ;
#2145 = ORIENTED_EDGE ( 'NONE', *, *, #3200, .F. ) ;
#2146 = DIRECTION ( 'NONE',  ( 0.9231850650931188200, -0.3843557409341167900, 0.0000000000000000000 ) ) ;
#2147 = LINE ( 'NONE', #2302, #423 ) ;
#2148 = EDGE_CURVE ( 'NONE', #369, #3109, #1943, .T. ) ;
#2149 = FACE_OUTER_BOUND ( 'NONE', #53, .T. ) ;
#2150 = CARTESIAN_POINT ( 'NONE',  ( -0.2455648090894498300, 7.412302065558550100, -31.90791125051582000 ) ) ;
#2151 = CARTESIAN_POINT ( 'NONE',  ( 6.280036924807800100, 14.81737857374301400, -25.00000000000000000 ) ) ;
#2152 = DIRECTION ( 'NONE',  ( -0.0000000000000000000, -0.0000000000000000000, -1.000000000000000000 ) ) ;
#2153 = CARTESIAN_POINT ( 'NONE',  ( 0.5000000000000000000, 5.818079034352868100, 31.90791125051582000 ) ) ;
#2154 = PLANE ( 'NONE',  #2067 ) ;
#2155 = ORIENTED_EDGE ( 'NONE', *, *, #2699, .T. ) ;
#2156 = EDGE_CURVE ( 'NONE', #2664, #2740, #2564, .T. ) ;
#2157 = DIRECTION ( 'NONE',  ( 0.0000000000000000000, 0.0000000000000000000, 1.000000000000000000 ) ) ;
#2158 = EDGE_CURVE ( 'NONE', #3124, #1512, #3518, .T. ) ;
#2159 = CARTESIAN_POINT ( 'NONE',  ( -0.4274294338098229000, 5.983717533015084000, 31.82000000000000000 ) ) ;
#2160 = ORIENTED_EDGE ( 'NONE', *, *, #1493, .T. ) ;
#2161 = DIRECTION ( 'NONE',  ( 1.000000000000000000, 0.0000000000000000000, 0.0000000000000000000 ) ) ;
#2162 = CARTESIAN_POINT ( 'NONE',  ( -8.219152229546505600, 9.426348619902889000, -25.00000000000000000 ) ) ;
#2163 = DIRECTION ( 'NONE',  ( 1.000000000000000000, 0.0000000000000000000, 0.0000000000000000000 ) ) ;
#2164 = CARTESIAN_POINT ( 'NONE',  ( 0.07512101612482233200, 5.849925233505638600, 31.87134055428475700 ) ) ;
#2165 = ORIENTED_EDGE ( 'NONE', *, *, #4019, .T. ) ;
#2166 = ORIENTED_EDGE ( 'NONE', *, *, #1724, .T. ) ;
#2167 = CARTESIAN_POINT ( 'NONE',  ( 10.72000000000000400, 0.0000000000000000000, 19.99999999999999600 ) ) ;
#2168 = EDGE_CURVE ( 'NONE', #3260, #2880, #2204, .T. ) ;
#2169 = AXIS2_PLACEMENT_3D ( 'NONE', #3227, #300, #1603 ) ;
#2170 = DIRECTION ( 'NONE',  ( 0.0000000000000000000, -1.000000000000000000, 0.0000000000000000000 ) ) ;
#2171 = LINE ( 'NONE', #1569, #1765 ) ;
#2172 = DIRECTION ( 'NONE',  ( 1.000000000000000000, 0.0000000000000000000, 0.0000000000000000000 ) ) ;
#2173 = CARTESIAN_POINT ( 'NONE',  ( 0.0000000000000000000, 6.599999999999999600, 31.62000000000000100 ) ) ;
#2174 = FACE_OUTER_BOUND ( 'NONE', #777, .T. ) ;
#2175 = ORIENTED_EDGE ( 'NONE', *, *, #4043, .T. ) ;
#2176 = CARTESIAN_POINT ( 'NONE',  ( 6.280036924807800100, 11.37065189891219700, -25.00000000000000000 ) ) ;
#2177 = EDGE_CURVE ( 'NONE', #1712, #3587, #919, .T. ) ;
#2178 = VECTOR ( 'NONE', #639, 1000.000000000000100 ) ;
#2179 = ORIENTED_EDGE ( 'NONE', *, *, #3426, .T. ) ;
#2180 = DIRECTION ( 'NONE',  ( -0.0000000000000000000, -0.0000000000000000000, 1.000000000000000000 ) ) ;
#2181 = B_SPLINE_CURVE_WITH_KNOTS ( 'NONE', 3,
 ( #2623, #327, #2962, #640 ),
 .UNSPECIFIED., .F., .F.,
 ( 4, 4 ),
 ( -5.417627594132535600E-006, 0.0003955232650518180100 ),
 .UNSPECIFIED. ) ;
#2182 = PRODUCT_DEFINITION_FORMATION_WITH_SPECIFIED_SOURCE ( 'ANY', '', #3237, .NOT_KNOWN. ) ;
#2183 = CARTESIAN_POINT ( 'NONE',  ( -6.982355285352882700, 5.644551875750796200, 25.00000000000000000 ) ) ;
#2184 = ORIENTED_EDGE ( 'NONE', *, *, #2168, .F. ) ;
#2185 = VECTOR ( 'NONE', #2780, 1000.000000000000000 ) ;
#2186 = VECTOR ( 'NONE', #103, 1000.000000000000000 ) ;
#2187 = ORIENTED_EDGE ( 'NONE', *, *, #3376, .F. ) ;
#2188 = ORIENTED_EDGE ( 'NONE', *, *, #2851, .T. ) ;
#2189 = DIRECTION ( 'NONE',  ( -0.3843557409341168400, -0.9231850650931187100, 0.0000000000000000000 ) ) ;
#2190 = ORIENTED_EDGE ( 'NONE', *, *, #2729, .T. ) ;
#2191 = CIRCLE ( 'NONE', #3341, 4.050000000000000700 ) ;
#2192 = DIRECTION ( 'NONE',  ( 1.000000000000000000, -2.312964634635742700E-015, 0.0000000000000000000 ) ) ;
#2193 = AXIS2_PLACEMENT_3D ( 'NONE', #2956, #3857, #1966 ) ;
#2194 = EDGE_LOOP ( 'NONE', ( #2224, #229 ) ) ;
#2195 = LINE ( 'NONE', #1727, #2096 ) ;
#2196 = CARTESIAN_POINT ( 'NONE',  ( -0.5000000000000000000, 6.615190549955709500, 34.02000000000000300 ) ) ;
#2197 = DATE_TIME_ROLE ( 'classification_date' ) ;
#2198 = LINE ( 'NONE', #4092, #4178 ) ;
#2199 = CARTESIAN_POINT ( 'NONE',  ( 0.0000000000000000000, 6.599999999999999600, -24.69999999999999900 ) ) ;
#2200 = VERTEX_POINT ( 'NONE', #575 ) ;
#2201 = AXIS2_PLACEMENT_3D ( 'NONE', #2229, #3842, #1598 ) ;
#2202 = LINE ( 'NONE', #1637, #1583 ) ;
#2203 = PLANE ( 'NONE',  #2520 ) ;
#2204 = LINE ( 'NONE', #1627, #1320 ) ;
#2205 = ORIENTED_EDGE ( 'NONE', *, *, #72, .F. ) ;
#2206 = ORIENTED_EDGE ( 'NONE', *, *, #3189, .F. ) ;
#2207 = ORIENTED_EDGE ( 'NONE', *, *, #682, .F. ) ;
#2208 = EDGE_CURVE ( 'NONE', #1442, #3130, #3320, .T. ) ;
#2209 = CARTESIAN_POINT ( 'NONE',  ( 4.050000000000000700, 6.599999999999998800, -25.00000000000000000 ) ) ;
#2210 = DIRECTION ( 'NONE',  ( -0.9713211673318441500, -0.2377712974543051100, 0.0000000000000000000 ) ) ;
#2211 = DIRECTION ( 'NONE',  ( 1.000000000000000000, 0.0000000000000000000, 0.0000000000000000000 ) ) ;
#2212 = CARTESIAN_POINT ( 'NONE',  ( 0.5000000000000000000, 7.882509846161931400, -33.30492625585084500 ) ) ;
#2213 = AXIS2_PLACEMENT_3D ( 'NONE', #2579, #2894, #3234 ) ;
#2214 = ORIENTED_EDGE ( 'NONE', *, *, #941, .T. ) ;
#2215 = EDGE_CURVE ( 'NONE', #621, #1198, #1584, .T. ) ;
#2216 = VERTEX_POINT ( 'NONE', #629 ) ;
#2217 = DIRECTION ( 'NONE',  ( 0.0000000000000000000, 0.0000000000000000000, 1.000000000000000000 ) ) ;
#2218 = COORDINATED_UNIVERSAL_TIME_OFFSET ( 5, 30, .AHEAD. ) ;
#2219 = VERTEX_POINT ( 'NONE', #953 ) ;
#2220 = CARTESIAN_POINT ( 'NONE',  ( -6.280036924807803600, 14.81737857374301200, -25.00000000000000000 ) ) ;
#2221 = CARTESIAN_POINT ( 'NONE',  ( 0.5000000000000000000, 7.412302065558552800, 31.90791125051582700 ) ) ;
#2222 = CARTESIAN_POINT ( 'NONE',  ( -0.4999999999999998900, 6.299421805627013700, 31.82000000000000700 ) ) ;
#2223 = LINE ( 'NONE', #3613, #2126 ) ;
#2224 = ORIENTED_EDGE ( 'NONE', *, *, #276, .T. ) ;
#2225 = CARTESIAN_POINT ( 'NONE',  ( 0.0000000000000000000, 6.599999999999999600, 24.50000000000000000 ) ) ;
#2226 = CYLINDRICAL_SURFACE ( 'NONE', #1534, 0.1999999999999987900 ) ;
#2227 = ORIENTED_EDGE ( 'NONE', *, *, #3407, .F. ) ;
#2228 = DIRECTION ( 'NONE',  ( 0.0000000000000000000, 0.0000000000000000000, -1.000000000000000000 ) ) ;
#2229 = CARTESIAN_POINT ( 'NONE',  ( 0.0000000000000000000, 6.599999999999999600, 24.50000000000000000 ) ) ;
#2230 = LINE ( 'NONE', #493, #2185 ) ;
#2231 = CARTESIAN_POINT ( 'NONE',  ( -10.72000000000000200, 2.240000000000000200, -19.67000000000000200 ) ) ;
#2232 = CARTESIAN_POINT ( 'NONE',  ( 0.0000000000000000000, 6.599999999999999600, -31.61999999999999400 ) ) ;
#2233 = CARTESIAN_POINT ( 'NONE',  ( -5.000000000000000900, 6.600000000000000500, 24.50000000000000000 ) ) ;
#2234 = EDGE_CURVE ( 'NONE', #2607, #4048, #2348, .T. ) ;
#2235 = ORIENTED_EDGE ( 'NONE', *, *, #2521, .T. ) ;
#2236 = CIRCLE ( 'NONE', #3584, 0.7500000000000000000 ) ;
#2237 = ORIENTED_EDGE ( 'NONE', *, *, #3795, .F. ) ;
#2238 = CARTESIAN_POINT ( 'NONE',  ( -4.450000000000000200, 6.600000000000000500, 24.69999999999999900 ) ) ;
#2239 = ADVANCED_FACE ( 'NONE', ( #762 ), #3513, .T. ) ;
#2240 = EDGE_CURVE ( 'NONE', #303, #559, #1685, .T. ) ;
#2241 = ORIENTED_EDGE ( 'NONE', *, *, #2978, .F. ) ;
#2242 = ORIENTED_EDGE ( 'NONE', *, *, #2904, .T. ) ;
#2243 = FACE_OUTER_BOUND ( 'NONE', #838, .T. ) ;
#2244 = DIRECTION ( 'NONE',  ( -0.0000000000000000000, -0.0000000000000000000, -1.000000000000000000 ) ) ;
#2245 = FACE_OUTER_BOUND ( 'NONE', #3112, .T. ) ;
#2246 = CARTESIAN_POINT ( 'NONE',  ( 0.5000000000000000000, 5.880381099911422100, -31.82000000000000000 ) ) ;
#2247 = AXIS2_PLACEMENT_3D ( 'NONE', #1090, #1047, #1079 ) ;
#2248 = FACE_BOUND ( 'NONE', #958, .T. ) ;
#2249 = CARTESIAN_POINT ( 'NONE',  ( 5.200000000000001100, 6.599999999999998800, -25.00000000000000000 ) ) ;
#2250 = ORIENTED_EDGE ( 'NONE', *, *, #2800, .T. ) ;
#2251 = CARTESIAN_POINT ( 'NONE',  ( -8.691243068228066800, 5.644551875750796200, -25.00000000000000000 ) ) ;
#2252 = EDGE_CURVE ( 'NONE', #99, #1092, #4131, .T. ) ;
#2253 = AXIS2_PLACEMENT_3D ( 'NONE', #2359, #2982, #1003 ) ;
#2254 = CARTESIAN_POINT ( 'NONE',  ( -0.5000000000000000000, 5.880381099911422100, 31.82000000000000000 ) ) ;
#2255 = CARTESIAN_POINT ( 'NONE',  ( 5.200000000000001100, 6.600000000000000500, 25.00000000000000000 ) ) ;
#2256 = DIRECTION ( 'NONE',  ( 0.0000000000000000000, 0.0000000000000000000, 1.000000000000000000 ) ) ;
#2257 = EDGE_LOOP ( 'NONE', ( #1846, #128, #704 ) ) ;
#2258 = CARTESIAN_POINT ( 'NONE',  ( -6.280036924807803600, 11.37065189891219700, 25.00000000000000000 ) ) ;
#2259 = ADVANCED_FACE ( 'NONE', ( #967 ), #368, .T. ) ;
#2260 = EDGE_CURVE ( 'NONE', #1529, #2413, #174, .T. ) ;
#2261 = CARTESIAN_POINT ( 'NONE',  ( 8.530284146270673800, 3.844972318509915200, -25.00000000000000000 ) ) ;
#2262 = EDGE_LOOP ( 'NONE', ( #1251, #3456, #4159, #46, #759 ) ) ;
#2263 = AXIS2_PLACEMENT_3D ( 'NONE', #2647, #1331, #2370 ) ;
#2264 = CARTESIAN_POINT ( 'NONE',  ( -6.982355285352882700, 7.157736418631229100, 25.00000000000000000 ) ) ;
#2265 = CARTESIAN_POINT ( 'NONE',  ( -8.691243068228066800, 5.644551875750796200, -25.00000000000000000 ) ) ;
#2266 = ORIENTED_EDGE ( 'NONE', *, *, #1828, .T. ) ;
#2267 = ORIENTED_EDGE ( 'NONE', *, *, #1130, .F. ) ;
#2268 = EDGE_CURVE ( 'NONE', #1712, #2216, #1012, .T. ) ;
#2269 = CARTESIAN_POINT ( 'NONE',  ( 0.0000000000000000000, 6.599999999999999600, 31.82000000000000000 ) ) ;
#2270 = DIRECTION ( 'NONE',  ( 1.000000000000000000, 0.0000000000000000000, 0.0000000000000000000 ) ) ;
#2271 = VECTOR ( 'NONE', #400, 1000.000000000000000 ) ;
#2272 = AXIS2_PLACEMENT_3D ( 'NONE', #272, #2555, #3551 ) ;
#2273 = DIRECTION ( 'NONE',  ( 1.000000000000000000, 0.0000000000000000000, 0.0000000000000000000 ) ) ;
#2274 = CARTESIAN_POINT ( 'NONE',  ( 7.464158558306547100, 12.76225316980100100, -25.00000000000000000 ) ) ;
#2275 = CARTESIAN_POINT ( 'NONE',  ( -0.5000000000000000000, 6.040983005625053100, 31.65630566980035700 ) ) ;
#2276 = LINE ( 'NONE', #3217, #2488 ) ;
#2277 = EDGE_LOOP ( 'NONE', ( #4067, #3741, #2935, #1323 ) ) ;
#2278 = CARTESIAN_POINT ( 'NONE',  ( -8.530284146270677300, 3.844972318509915200, -25.00000000000000000 ) ) ;
#2279 = AXIS2_PLACEMENT_3D ( 'NONE', #1785, #2113, #3093 ) ;
#2280 = DIRECTION ( 'NONE',  ( 0.0000000000000000000, 1.000000000000000000, -0.0000000000000000000 ) ) ;
#2281 = ADVANCED_FACE ( 'NONE', ( #2768 ), #3634, .T. ) ;
#2282 = VECTOR ( 'NONE', #325, 1000.000000000000000 ) ;
#2283 = EDGE_LOOP ( 'NONE', ( #633, #3366, #3921, #984 ) ) ;
#2284 = DIRECTION ( 'NONE',  ( 0.0000000000000000000, 0.0000000000000000000, 1.000000000000000000 ) ) ;
#2285 = ORIENTED_EDGE ( 'NONE', *, *, #3485, .F. ) ;
#2286 = FACE_OUTER_BOUND ( 'NONE', #1992, .T. ) ;
#2287 = LINE ( 'NONE', #1153, #854 ) ;
#2288 = DIRECTION ( 'NONE',  ( 0.9231850650931184800, 0.3843557409341177300, -0.0000000000000000000 ) ) ;
#2289 = ORIENTED_EDGE ( 'NONE', *, *, #15, .F. ) ;
#2290 = ORIENTED_EDGE ( 'NONE', *, *, #1272, .T. ) ;
#2291 = ORIENTED_EDGE ( 'NONE', *, *, #729, .T. ) ;
#2292 = CARTESIAN_POINT ( 'NONE',  ( 6.982355285352881000, 7.157736418631229100, -25.00000000000000000 ) ) ;
#2294 = DIRECTION ( 'NONE',  ( 0.2377712974543041400, 0.9713211673318443700, -0.0000000000000000000 ) ) ;
#2293 = VECTOR ( 'NONE', #1882, 1000.000000000000000 ) ;
#2295 = CARTESIAN_POINT ( 'NONE',  ( 14.48000000000000000, 2.240000000000000200, -25.00000000000000000 ) ) ;
#2296 = EDGE_LOOP ( 'NONE', ( #1492, #4097, #3408, #2815 ) ) ;
#2297 = ORIENTED_EDGE ( 'NONE', *, *, #522, .T. ) ;
#2298 = FACE_OUTER_BOUND ( 'NONE', #1779, .T. ) ;
#2299 = CARTESIAN_POINT ( 'NONE',  ( -6.911958682988797300, 0.0000000000000000000, -15.00000000000000000 ) ) ;
#2300 = VECTOR ( 'NONE', #486, 1000.000000000000000 ) ;
#2301 = AXIS2_PLACEMENT_3D ( 'NONE', #1891, #2170, #3488 ) ;
#2302 = CARTESIAN_POINT ( 'NONE',  ( 6.911958682988795600, 2.240000000000000200, -25.00000000000000000 ) ) ;
#2303 = ORIENTED_EDGE ( 'NONE', *, *, #2156, .T. ) ;
#2304 = EDGE_CURVE ( 'NONE', #1409, #1886, #1114, .T. ) ;
#2305 = CIRCLE ( 'NONE', #1232, 1.590000000000001200 ) ;
#2306 = CIRCLE ( 'NONE', #4024, 0.6000000000000033100 ) ;
#2307 = CARTESIAN_POINT ( 'NONE',  ( -8.530284146270677300, 3.844972318509915200, -25.00000000000000000 ) ) ;
#2308 = ORIENTED_EDGE ( 'NONE', *, *, #3173, .F. ) ;
#2309 = CARTESIAN_POINT ( 'NONE',  ( 14.48000000000000000, 2.240000000000000200, -25.00000000000000000 ) ) ;
#2310 = CIRCLE ( 'NONE', #1341, 0.7500000000000000000 ) ;
#2311 = ADVANCED_FACE ( 'NONE', ( #2666 ), #3922, .F. ) ;
#2312 = ORIENTED_EDGE ( 'NONE', *, *, #2472, .F. ) ;
#2313 = DIRECTION ( 'NONE',  ( -1.000000000000000000, 0.0000000000000000000, -0.0000000000000000000 ) ) ;
#2314 = PLANE ( 'NONE',  #41 ) ;
#2315 = EDGE_CURVE ( 'NONE', #1868, #2041, #1426, .T. ) ;
#2316 = CARTESIAN_POINT ( 'NONE',  ( -0.5000000000000000000, 6.370871215252207300, -31.82000000000000000 ) ) ;
#2317 = CARTESIAN_POINT ( 'NONE',  ( -0.3799029234524987100, 7.352811897418622100, -31.82000000000042300 ) ) ;
#2318 = CARTESIAN_POINT ( 'NONE',  ( 6.280036924807800100, 11.37065189891219700, -25.00000000000000000 ) ) ;
#2319 = VERTEX_POINT ( 'NONE', #2949 ) ;
#2320 = EDGE_CURVE ( 'NONE', #1575, #2880, #567, .T. ) ;
#2321 = VERTEX_POINT ( 'NONE', #2636 ) ;
#2322 = CARTESIAN_POINT ( 'NONE',  ( 10.72000000000000400, 0.0000000000000000000, 18.40999999999999700 ) ) ;
#2323 = ORIENTED_EDGE ( 'NONE', *, *, #2685, .T. ) ;
#2324 = ADVANCED_FACE ( 'NONE', ( #127 ), #3826, .T. ) ;
#2325 = CARTESIAN_POINT ( 'NONE',  ( 0.0000000000000000000, 6.599999999999999600, -24.69999999999999900 ) ) ;
#2326 = ADVANCED_FACE ( 'NONE', ( #1528 ), #371, .F. ) ;
#2327 = AXIS2_PLACEMENT_3D ( 'NONE', #882, #3483, #4154 ) ;
#2328 = DIRECTION ( 'NONE',  ( 0.0000000000000000000, 0.0000000000000000000, 1.000000000000000000 ) ) ;
#2329 = VERTEX_POINT ( 'NONE', #753 ) ;
#2330 = CARTESIAN_POINT ( 'NONE',  ( -0.4274294338098229000, 5.983717533015084000, -31.82000000000000000 ) ) ;
#2331 = EDGE_CURVE ( 'NONE', #3837, #885, #2972, .T. ) ;
#2332 = AXIS2_PLACEMENT_3D ( 'NONE', #143, #133, #1413 ) ;
#2333 = VECTOR ( 'NONE', #2863, 1000.000000000000000 ) ;
#2334 = VERTEX_POINT ( 'NONE', #1364 ) ;
#2335 = DIRECTION ( 'NONE',  ( 0.0000000000000000000, 0.0000000000000000000, 1.000000000000000000 ) ) ;
#2336 = CARTESIAN_POINT ( 'NONE',  ( 0.0000000000000000000, 6.599999999999999600, 24.50000000000000000 ) ) ;
#2337 = CARTESIAN_POINT ( 'NONE',  ( 0.0000000000000000000, 6.599999999999999600, -31.82000000000000000 ) ) ;
#2338 = TOROIDAL_SURFACE ( 'NONE', #3516, 5.200000000000001100, 0.2000000000000000100 ) ;
#2339 = VECTOR ( 'NONE', #2909, 1000.000000000000000 ) ;
#2340 = ORIENTED_EDGE ( 'NONE', *, *, #26, .T. ) ;
#2341 = CIRCLE ( 'NONE', #2936, 0.1999999999999987900 ) ;
#2342 = VERTEX_POINT ( 'NONE', #440 ) ;
#2343 = ORIENTED_EDGE ( 'NONE', *, *, #682, .T. ) ;
#2344 = DIRECTION ( 'NONE',  ( 0.0000000000000000000, 0.0000000000000000000, 1.000000000000000000 ) ) ;
#2345 = EDGE_CURVE ( 'NONE', #1631, #3769, #1789, .T. ) ;
#2346 = VERTEX_POINT ( 'NONE', #1746 ) ;
#2347 = ORIENTED_EDGE ( 'NONE', *, *, #3742, .F. ) ;
#2348 = LINE ( 'NONE', #915, #3617 ) ;
#2349 = AXIS2_PLACEMENT_3D ( 'NONE', #3193, #1865, #3526 ) ;
#2350 = DIRECTION ( 'NONE',  ( 0.0000000000000000000, 0.0000000000000000000, 1.000000000000000000 ) ) ;
#2351 = LINE ( 'NONE', #2274, #3066 ) ;
#2352 = ADVANCED_FACE ( 'NONE', ( #1740, #3718 ), #1407, .T. ) ;
#2353 = CARTESIAN_POINT ( 'NONE',  ( 0.0000000000000000000, 6.599999999999999600, 25.00000000000000000 ) ) ;
#2354 = DIRECTION ( 'NONE',  ( 0.0000000000000000000, 0.0000000000000000000, -1.000000000000000000 ) ) ;
#2355 = VECTOR ( 'NONE', #2091, 1000.000000000000000 ) ;
#2356 = ORIENTED_EDGE ( 'NONE', *, *, #2082, .T. ) ;
#2357 = VECTOR ( 'NONE', #1518, 1000.000000000000100 ) ;
#2358 = AXIS2_PLACEMENT_3D ( 'NONE', #873, #2869, #1541 ) ;
#2359 = CARTESIAN_POINT ( 'NONE',  ( -0.5000000000000000000, 5.347871253749470800, -33.30492625585083000 ) ) ;
#2360 = DIRECTION ( 'NONE',  ( -1.000000000000000000, -0.0000000000000000000, -0.0000000000000000000 ) ) ;
#2361 = EDGE_CURVE ( 'NONE', #3625, #909, #3370, .T. ) ;
#2362 = CARTESIAN_POINT ( 'NONE',  ( -0.4999999999999998900, 6.040983005625052200, -31.61999999999999400 ) ) ;
#2363 = ORIENTED_EDGE ( 'NONE', *, *, #3763, .F. ) ;
#2364 = DIRECTION ( 'NONE',  ( 0.0000000000000000000, 0.0000000000000000000, -1.000000000000000000 ) ) ;
#2365 = DIRECTION ( 'NONE',  ( -1.000000000000000000, -0.0000000000000000000, 0.0000000000000000000 ) ) ;
#2366 = DIRECTION ( 'NONE',  ( 0.0000000000000000000, 0.0000000000000000000, -1.000000000000000000 ) ) ;
#2367 = PLANE ( 'NONE',  #3067 ) ;
#2368 = AXIS2_PLACEMENT_3D ( 'NONE', #2000, #3298, #2705 ) ;
#2369 = CARTESIAN_POINT ( 'NONE',  ( 7.684673645897958300, 11.95545359045973100, -25.00000000000000000 ) ) ;
#2370 = DIRECTION ( 'NONE',  ( 1.000000000000000000, 0.0000000000000000000, 0.0000000000000000000 ) ) ;
#2371 = ORIENTED_EDGE ( 'NONE', *, *, #1355, .F. ) ;
#2372 = CARTESIAN_POINT ( 'NONE',  ( 0.0000000000000000000, 6.599999999999999600, 24.69999999999999900 ) ) ;
#2373 = ADVANCED_FACE ( 'NONE', ( #473 ), #3166, .F. ) ;
#2374 = CARTESIAN_POINT ( 'NONE',  ( -6.000000000000001800, 15.49000000000000000, 25.00000000000000000 ) ) ;
#2375 = ORIENTED_EDGE ( 'NONE', *, *, #3118, .F. ) ;
#2376 = LOCAL_TIME ( 9, 54, 53.00000000000000000, #2218 ) ;
#2377 = ORIENTED_EDGE ( 'NONE', *, *, #1416, .T. ) ;
#2378 = EDGE_CURVE ( 'NONE', #4085, #3181, #865, .T. ) ;
#2379 = PLANE ( 'NONE',  #4034 ) ;
#2380 = CARTESIAN_POINT ( 'NONE',  ( -0.5000000000000000000, 5.880381099911422100, -31.82000000000000000 ) ) ;
#2381 = LINE ( 'NONE', #3318, #3649 ) ;
#2382 = EDGE_CURVE ( 'NONE', #2334, #1131, #36, .T. ) ;
#2383 = CARTESIAN_POINT ( 'NONE',  ( -0.5000000000000000000, 5.115190549955709500, -35.32000000000000700 ) ) ;
#2384 = CARTESIAN_POINT ( 'NONE',  ( 0.5000000000000000000, 5.983717533015084000, -32.02000000000000300 ) ) ;
#2385 = CARTESIAN_POINT ( 'NONE',  ( 0.3799029234540221600, 7.412302065558554500, -31.90791125051582700 ) ) ;
#2386 = CYLINDRICAL_SURFACE ( 'NONE', #3492, 1.590000000000001200 ) ;
#2387 = ORIENTED_EDGE ( 'NONE', *, *, #824, .T. ) ;
#2388 = DIRECTION ( 'NONE',  ( 0.0000000000000000000, 0.0000000000000000000, -1.000000000000000000 ) ) ;
#2389 = FACE_OUTER_BOUND ( 'NONE', #3805, .T. ) ;
#2390 = ORIENTED_EDGE ( 'NONE', *, *, #3987, .T. ) ;
#2391 = EDGE_CURVE ( 'NONE', #1163, #1023, #913, .T. ) ;
#2392 = ORIENTED_EDGE ( 'NONE', *, *, #3032, .F. ) ;
#2393 = FACE_OUTER_BOUND ( 'NONE', #1693, .T. ) ;
#2394 = LINE ( 'NONE', #3968, #3355 ) ;
#2395 = CARTESIAN_POINT ( 'NONE',  ( 0.0000000000000000000, 6.599999999999999600, -24.80000000000000400 ) ) ;
#2396 = ORIENTED_EDGE ( 'NONE', *, *, #4058, .F. ) ;
#2397 = EDGE_LOOP ( 'NONE', ( #490, #3711, #3250, #169, #146, #855, #120, #1556, #3072, #204, #4091, #3877, #3796, #791 ) ) ;
#2398 = FACE_OUTER_BOUND ( 'NONE', #572, .T. ) ;
#2399 = CARTESIAN_POINT ( 'NONE',  ( -6.588275186769091200, 9.825573679019864700, -25.00000000000000000 ) ) ;
#2400 = ORIENTED_EDGE ( 'NONE', *, *, #831, .T. ) ;
#2401 = DIRECTION ( 'NONE',  ( 0.0000000000000000000, 0.0000000000000000000, 1.000000000000000000 ) ) ;
#2402 = ORIENTED_EDGE ( 'NONE', *, *, #1963, .T. ) ;
#2403 = VECTOR ( 'NONE', #4084, 1000.000000000000000 ) ;
#2404 = CIRCLE ( 'NONE', #2882, 0.6000000000000033100 ) ;
#2405 = ORIENTED_EDGE ( 'NONE', *, *, #3141, .T. ) ;
#2406 = CARTESIAN_POINT ( 'NONE',  ( -0.5000000000000000000, 6.829128784747791900, 31.82000000000000000 ) ) ;
#2407 = EDGE_CURVE ( 'NONE', #1862, #3207, #260, .T. ) ;
#2408 = CARTESIAN_POINT ( 'NONE',  ( -0.4999999999999998900, 7.159016994374948000, 31.62000000000000100 ) ) ;
#2409 = LINE ( 'NONE', #3765, #4183 ) ;
#2410 = CC_DESIGN_APPROVAL ( #225, ( #2182 ) ) ;
#2411 = DIRECTION ( 'NONE',  ( 0.0000000000000000000, 0.0000000000000000000, -1.000000000000000000 ) ) ;
#2412 = CARTESIAN_POINT ( 'NONE',  ( 0.5000000000000000000, 6.615190549955709500, 34.02000000000000300 ) ) ;
#2413 = VERTEX_POINT ( 'NONE', #771 ) ;
#2414 = ORIENTED_EDGE ( 'NONE', *, *, #3057, .F. ) ;
#2415 = DIRECTION ( 'NONE',  ( 1.000000000000000000, 0.0000000000000000000, 0.0000000000000000000 ) ) ;
#2416 = DIRECTION ( 'NONE',  ( 0.0000000000000000000, 0.0000000000000000000, 1.000000000000000000 ) ) ;
#2417 = AXIS2_PLACEMENT_3D ( 'NONE', #2231, #288, #47 ) ;
#2418 = DIRECTION ( 'NONE',  ( 1.000000000000000000, 0.0000000000000000000, 0.0000000000000000000 ) ) ;
#2419 = CARTESIAN_POINT ( 'NONE',  ( 8.530284146270673800, 3.231394751068567700, 25.00000000000000000 ) ) ;
#2420 = EDGE_LOOP ( 'NONE', ( #2827, #2092, #3183, #3891 ) ) ;
#2421 = DIRECTION ( 'NONE',  ( -1.000000000000000000, -0.0000000000000000000, -0.0000000000000000000 ) ) ;
#2422 = VERTEX_POINT ( 'NONE', #3980 ) ;
#2423 = ORIENTED_EDGE ( 'NONE', *, *, #923, .T. ) ;
#2424 = CARTESIAN_POINT ( 'NONE',  ( 0.0000000000000000000, 6.599999999999999600, -24.80000000000000400 ) ) ;
#2425 = CARTESIAN_POINT ( 'NONE',  ( -0.4274294338098229000, 5.983717533015084000, -31.82000000000000000 ) ) ;
#2426 = EDGE_CURVE ( 'NONE', #2321, #770, #713, .T. ) ;
#2427 = LOCAL_TIME ( 9, 54, 53.00000000000000000, #1284 ) ;
#2428 = VERTEX_POINT ( 'NONE', #3650 ) ;
#2429 = LINE ( 'NONE', #1653, #2271 ) ;
#2430 = CARTESIAN_POINT ( 'NONE',  ( -0.5000000000000000000, 6.829128784747791900, -31.82000000000000000 ) ) ;
#2431 = AXIS2_PLACEMENT_3D ( 'NONE', #737, #451, #469 ) ;
#2432 = DIRECTION ( 'NONE',  ( -0.9265705155271530800, -0.3761210971957645900, 0.0000000000000000000 ) ) ;
#2433 = FACE_BOUND ( 'NONE', #2130, .T. ) ;
#2434 = ORIENTED_EDGE ( 'NONE', *, *, #626, .F. ) ;
#2435 = PLANE ( 'NONE',  #3840 ) ;
#2436 = AXIS2_PLACEMENT_3D ( 'NONE', #1717, #3993, #1037 ) ;
#2437 = EDGE_CURVE ( 'NONE', #2536, #2041, #1549, .T. ) ;
#2438 = VECTOR ( 'NONE', #602, 1000.000000000000000 ) ;
#2439 = VERTEX_POINT ( 'NONE', #2362 ) ;
#2440 = DIRECTION ( 'NONE',  ( 0.0000000000000000000, 0.0000000000000000000, 1.000000000000000000 ) ) ;
#2441 = VECTOR ( 'NONE', #2401, 1000.000000000000000 ) ;
#2442 = CIRCLE ( 'NONE', #1306, 0.1999999999999987900 ) ;
#2443 = CARTESIAN_POINT ( 'NONE',  ( -6.911958682988797300, 2.389310821482963000, 25.00000000000000000 ) ) ;
#2444 = ORIENTED_EDGE ( 'NONE', *, *, #1383, .T. ) ;
#2445 = DIRECTION ( 'NONE',  ( 0.0000000000000000000, 0.0000000000000000000, -1.000000000000000000 ) ) ;
#2446 = ORIENTED_EDGE ( 'NONE', *, *, #3025, .F. ) ;
#2447 = CIRCLE ( 'NONE', #883, 0.7500000000000000000 ) ;
#2448 = AXIS2_PLACEMENT_3D ( 'NONE', #2039, #3943, #1372 ) ;
#2449 = EDGE_LOOP ( 'NONE', ( #2981, #1684, #1509, #938 ) ) ;
#2450 = VERTEX_POINT ( 'NONE', #96 ) ;
#2451 = CARTESIAN_POINT ( 'NONE',  ( 0.5000000000000000000, 5.880381099911422100, 31.82000000000000000 ) ) ;
#2452 = VERTEX_POINT ( 'NONE', #2406 ) ;
#2453 = CARTESIAN_POINT ( 'NONE',  ( -7.464158558306550600, 12.76225316980100100, -25.00000000000000000 ) ) ;
#2454 = VECTOR ( 'NONE', #1026, 1000.000000000000000 ) ;
#2455 = PLANE ( 'NONE',  #1394 ) ;
#2456 = ORIENTED_EDGE ( 'NONE', *, *, #1235, .F. ) ;
#2457 = CIRCLE ( 'NONE', #1709, 0.1999999999999987900 ) ;
#2458 = CYLINDRICAL_SURFACE ( 'NONE', #3226, 0.7500000000000000000 ) ;
#2459 = CARTESIAN_POINT ( 'NONE',  ( -6.280036924807803600, 14.81737857374301200, -25.00000000000000000 ) ) ;
#2460 = VERTEX_POINT ( 'NONE', #742 ) ;
#2461 = ORIENTED_EDGE ( 'NONE', *, *, #3651, .T. ) ;
#2462 = CARTESIAN_POINT ( 'NONE',  ( 0.5000000000000000000, 7.159016994374948000, 31.82000000000000000 ) ) ;
#2463 = EDGE_CURVE ( 'NONE', #2554, #2927, #1472, .T. ) ;
#2464 = CARTESIAN_POINT ( 'NONE',  ( 0.0000000000000000000, 6.599999999999999600, -24.69999999999999900 ) ) ;
#2465 = EDGE_CURVE ( 'NONE', #2865, #313, #3418, .T. ) ;
#2466 = DIRECTION ( 'NONE',  ( 0.0000000000000000000, 0.0000000000000000000, 1.000000000000000000 ) ) ;
#2467 = AXIS2_PLACEMENT_3D ( 'NONE', #4018, #1296, #351 ) ;
#2468 = DIRECTION ( 'NONE',  ( -0.9973766537247332800, -0.07238653607442120700, -0.0000000000000000000 ) ) ;
#2469 = DIRECTION ( 'NONE',  ( -0.9973766537247332800, -0.07238653607442120700, -0.0000000000000000000 ) ) ;
#2470 = CARTESIAN_POINT ( 'NONE',  ( 0.0000000000000000000, 6.599999999999999600, 31.62000000000000100 ) ) ;
#2471 = CARTESIAN_POINT ( 'NONE',  ( -0.5000000000000000000, 5.983717533015084000, -32.02000000000000300 ) ) ;
#2472 = EDGE_CURVE ( 'NONE', #4124, #861, #2098, .T. ) ;
#2473 = ORIENTED_EDGE ( 'NONE', *, *, #508, .T. ) ;
#2474 = AXIS2_PLACEMENT_3D ( 'NONE', #3288, #1329, #3364 ) ;
#2475 = DIRECTION ( 'NONE',  ( -0.3843557409341167300, -0.9231850650931189300, 0.0000000000000000000 ) ) ;
#2476 = EDGE_LOOP ( 'NONE', ( #3111, #654, #2396, #2461 ) ) ;
#2477 = PERSON_AND_ORGANIZATION ( #3502, #1711 ) ;
#2478 = EDGE_LOOP ( 'NONE', ( #2645, #3699, #3436, #150 ) ) ;
#2479 = DIRECTION ( 'NONE',  ( 0.0000000000000000000, 0.0000000000000000000, 1.000000000000000000 ) ) ;
#2480 = CARTESIAN_POINT ( 'NONE',  ( 0.4999999999999998900, 7.159016994374948000, 31.62000000000000100 ) ) ;
#2481 = PLANE ( 'NONE',  #1615 ) ;
#2482 = APPLICATION_CONTEXT ( 'configuration controlled 3d designs of mechanical parts and assemblies' ) ;
#2483 = CARTESIAN_POINT ( 'NONE',  ( 8.841416062994845500, 7.931731481647181800, -25.00000000000000000 ) ) ;
#2484 = CARTESIAN_POINT ( 'NONE',  ( 0.5000000000000000000, 6.615190549955709500, 34.62000000000000500 ) ) ;
#2485 = LINE ( 'NONE', #3695, #3397 ) ;
#2486 = EDGE_CURVE ( 'NONE', #1760, #3096, #2509, .T. ) ;
#2487 = DIRECTION ( 'NONE',  ( -0.1956416779894807900, 0.9806754477570346400, 0.0000000000000000000 ) ) ;
#2488 = VECTOR ( 'NONE', #977, 1000.000000000000000 ) ;
#2489 = ORIENTED_EDGE ( 'NONE', *, *, #3910, .T. ) ;
#2490 = TOROIDAL_SURFACE ( 'NONE', #3660, 4.050000000000000700, 0.2000000000000000100 ) ;
#2491 = EDGE_LOOP ( 'NONE', ( #778, #3508, #1101, #4149 ) ) ;
#2492 = DIRECTION ( 'NONE',  ( 1.000000000000000000, 0.0000000000000000000, 0.0000000000000000000 ) ) ;
#2493 = CARTESIAN_POINT ( 'NONE',  ( 0.5000000000000000000, 5.347871253749470800, 33.30492625585083000 ) ) ;
#2494 = DIRECTION ( 'NONE',  ( 0.0000000000000000000, -1.000000000000000000, 0.0000000000000000000 ) ) ;
#2495 = EDGE_CURVE ( 'NONE', #3824, #3494, #2613, .T. ) ;
#2496 = ORIENTED_EDGE ( 'NONE', *, *, #979, .F. ) ;
#2497 = FACE_BOUND ( 'NONE', #2625, .T. ) ;
#2498 = DIRECTION ( 'NONE',  ( 0.0000000000000000000, 0.0000000000000000000, 1.000000000000000000 ) ) ;
#2499 = DIRECTION ( 'NONE',  ( 1.000000000000000000, -1.999774835751563700E-011, -2.955155651100881200E-011 ) ) ;
#2500 = AXIS2_PLACEMENT_3D ( 'NONE', #2023, #706, #3739 ) ;
#2501 = ORIENTED_EDGE ( 'NONE', *, *, #3884, .F. ) ;
#2502 = ORIENTED_EDGE ( 'NONE', *, *, #931, .F. ) ;
#2503 = CIRCLE ( 'NONE', #1480, 0.1999999999999996500 ) ;
#2504 = ORIENTED_EDGE ( 'NONE', *, *, #2993, .T. ) ;
#2505 = DIRECTION ( 'NONE',  ( 0.0000000000000000000, 0.0000000000000000000, 1.000000000000000000 ) ) ;
#2506 = B_SPLINE_CURVE_WITH_KNOTS ( 'NONE', 3,
 ( #1241, #3231, #2710, #2728, #3697, #1424, #2738, #3915 ),
 .UNSPECIFIED., .F., .F.,
 ( 4, 2, 2, 4 ),
 ( 0.0000000000000000000, 0.0001070249730565041200, 0.0002140499461130082300, 0.0004280998922260251900 ),
 .UNSPECIFIED. ) ;
#2507 = VECTOR ( 'NONE', #1782, 1000.000000000000000 ) ;
#2508 = AXIS2_PLACEMENT_3D ( 'NONE', #1801, #2804, #4073 ) ;
#2509 = LINE ( 'NONE', #198, #4077 ) ;
#2510 = ORIENTED_EDGE ( 'NONE', *, *, #2234, .F. ) ;
#2511 = CARTESIAN_POINT ( 'NONE',  ( -5.200000000000001100, 6.599999999999999600, 25.00000000000000000 ) ) ;
#2512 = DIRECTION ( 'NONE',  ( 1.000000000000000000, -0.0000000000000000000, -0.0000000000000000000 ) ) ;
#2513 = VECTOR ( 'NONE', #2955, 1000.000000000000000 ) ;
#2514 = CARTESIAN_POINT ( 'NONE',  ( 0.5500000000000000400, 6.599999999999999600, 31.82000000000000000 ) ) ;
#2515 = DIRECTION ( 'NONE',  ( 0.0000000000000000000, 0.0000000000000000000, -1.000000000000000000 ) ) ;
#2516 = CARTESIAN_POINT ( 'NONE',  ( 0.4999999999999998900, 6.040983005625053100, 31.65625967817742400 ) ) ;
#2517 = ORIENTED_EDGE ( 'NONE', *, *, #4121, .T. ) ;
#2518 = DIRECTION ( 'NONE',  ( 0.0000000000000000000, 1.000000000000000000, 0.0000000000000000000 ) ) ;
#2519 = DIRECTION ( 'NONE',  ( 0.9231850650931184800, 0.3843557409341177800, 0.0000000000000000000 ) ) ;
#2520 = AXIS2_PLACEMENT_3D ( 'NONE', #2824, #2543, #2487 ) ;
#2521 = EDGE_CURVE ( 'NONE', #1651, #2528, #2404, .T. ) ;
#2522 = DIRECTION ( 'NONE',  ( 0.0000000000000000000, 0.0000000000000000000, 1.000000000000000000 ) ) ;
#2523 = ORIENTED_EDGE ( 'NONE', *, *, #1805, .F. ) ;
#2524 = CARTESIAN_POINT ( 'NONE',  ( -14.48000000000000000, 2.240000000000000200, 25.00000000000000000 ) ) ;
#2525 = CARTESIAN_POINT ( 'NONE',  ( 0.3799029234525340100, 7.352811897418614100, -31.82000000000041200 ) ) ;
#2526 = CARTESIAN_POINT ( 'NONE',  ( 0.4999999999999998900, 6.040983005625052200, 31.62000000000000100 ) ) ;
#2527 = ORIENTED_EDGE ( 'NONE', *, *, #3510, .F. ) ;
#2528 = VERTEX_POINT ( 'NONE', #2104 ) ;
#2529 = CARTESIAN_POINT ( 'NONE',  ( 8.530284146270673800, 3.844972318509915200, 25.00000000000000000 ) ) ;
#2530 = EDGE_CURVE ( 'NONE', #2078, #663, #3208, .T. ) ;
#2531 = ORIENTED_EDGE ( 'NONE', *, *, #3032, .T. ) ;
#2532 = CIRCLE ( 'NONE', #1293, 2.492694426093549500 ) ;
#2533 = PLANE ( 'NONE',  #3487 ) ;
#2534 = CARTESIAN_POINT ( 'NONE',  ( -5.000000000000000900, 6.599999999999998800, -24.69999999999999900 ) ) ;
#2535 = FACE_OUTER_BOUND ( 'NONE', #1253, .T. ) ;
#2536 = VERTEX_POINT ( 'NONE', #2430 ) ;
#2537 = PLANE ( 'NONE',  #4079 ) ;
#2538 = CARTESIAN_POINT ( 'NONE',  ( 0.3799029234526977700, 7.246663566897110400, -31.82000000000000000 ) ) ;
#2539 = DIRECTION ( 'NONE',  ( 0.8870923131613893700, -0.4615920579147516600, 0.0000000000000000000 ) ) ;
#2540 = EDGE_CURVE ( 'NONE', #2439, #1228, #1218, .T. ) ;
#2541 = VECTOR ( 'NONE', #3149, 1000.000000000000000 ) ;
#2542 = ORIENTED_EDGE ( 'NONE', *, *, #3621, .F. ) ;
#2543 = DIRECTION ( 'NONE',  ( 0.9806754477570346400, 0.1956416779894807900, -0.0000000000000000000 ) ) ;
#2544 = VECTOR ( 'NONE', #2963, 1000.000000000000100 ) ;
#2545 = LINE ( 'NONE', #1975, #798 ) ;
#2546 = EDGE_LOOP ( 'NONE', ( #1629, #2165, #1460 ) ) ;
#2547 = CARTESIAN_POINT ( 'NONE',  ( 5.000000000000000900, 6.599999999999999600, -24.50000000000000000 ) ) ;
#2548 = VERTEX_POINT ( 'NONE', #2462 ) ;
#2549 = CARTESIAN_POINT ( 'NONE',  ( 0.0000000000000000000, 6.599999999999999600, -24.50000000000000000 ) ) ;
#2550 = FACE_OUTER_BOUND ( 'NONE', #2262, .T. ) ;
#2551 = PLANE ( 'NONE',  #2885 ) ;
#2552 = AXIS2_PLACEMENT_3D ( 'NONE', #3897, #323, #1276 ) ;
#2553 = VERTEX_POINT ( 'NONE', #792 ) ;
#2554 = VERTEX_POINT ( 'NONE', #1791 ) ;
#2555 = DIRECTION ( 'NONE',  ( 1.000000000000000000, -1.999884888849119700E-011, 2.955318281426730800E-011 ) ) ;
#2557 = DIRECTION ( 'NONE',  ( 0.0000000000000000000, 0.1254381138893790600, -0.9921014462159981600 ) ) ;
#2556 = LINE ( 'NONE', #524, #667 ) ;
#2558 = CARTESIAN_POINT ( 'NONE',  ( -0.5000000000000000000, 6.129403322803918600, 31.76877031889995700 ) ) ;
#2559 = ORIENTED_EDGE ( 'NONE', *, *, #10, .F. ) ;
#2560 = EDGE_CURVE ( 'NONE', #3056, #2020, #2556, .T. ) ;
#2561 = AXIS2_PLACEMENT_3D ( 'NONE', #1477, #3771, #1825 ) ;
#2562 = LINE ( 'NONE', #2419, #176 ) ;
#2563 = DIRECTION ( 'NONE',  ( -1.000000000000000000, -0.0000000000000000000, -0.0000000000000000000 ) ) ;
#2564 = CIRCLE ( 'NONE', #3827, 0.7500000000000000000 ) ;
#2565 = CARTESIAN_POINT ( 'NONE',  ( 0.0000000000000000000, 6.599999999999999600, 25.00000000000000000 ) ) ;
#2566 = EDGE_LOOP ( 'NONE', ( #158, #1234, #3688, #2115 ) ) ;
#2567 = ORIENTED_EDGE ( 'NONE', *, *, #487, .F. ) ;
#2568 = VECTOR ( 'NONE', #3216, 1000.000000000000100 ) ;
#2569 = CARTESIAN_POINT ( 'NONE',  ( -3.073679416606025000E-046, 7.349999999999998800, -31.82000000000000000 ) ) ;
#2570 = CARTESIAN_POINT ( 'NONE',  ( 8.530284146270673800, 3.844972318509915200, -25.00000000000000000 ) ) ;
#2571 = DIRECTION ( 'NONE',  ( -0.1956416779894807900, -0.9806754477570346400, 0.0000000000000000000 ) ) ;
#2572 = ADVANCED_FACE ( 'NONE', ( #811 ), #1447, .F. ) ;
#2573 = EDGE_CURVE ( 'NONE', #1526, #3608, #2198, .T. ) ;
#2574 = CARTESIAN_POINT ( 'NONE',  ( 0.0000000000000000000, 6.599999999999999600, 31.82000000000000000 ) ) ;
#2575 = APPROVAL_ROLE ( '' ) ;
#2576 = CARTESIAN_POINT ( 'NONE',  ( 0.2450224385920682100, 7.412301996524614200, -31.90791114850132700 ) ) ;
#2577 = PRODUCT_DEFINITION ( 'UNKNOWN', '', #2182, #435 ) ;
#2578 = DIRECTION ( 'NONE',  ( -0.0000000000000000000, -0.0000000000000000000, 1.000000000000000000 ) ) ;
#2579 = CARTESIAN_POINT ( 'NONE',  ( -0.5000000000000000000, 5.347871253749470800, 33.30492625585083000 ) ) ;
#2580 = AXIS2_PLACEMENT_3D ( 'NONE', #3074, #2118, #183 ) ;
#2581 = ORIENTED_EDGE ( 'NONE', *, *, #925, .F. ) ;
#2582 = EDGE_CURVE ( 'NONE', #4177, #782, #1893, .T. ) ;
#2583 = DIRECTION ( 'NONE',  ( -1.000000000000000000, 0.0000000000000000000, 0.0000000000000000000 ) ) ;
#2584 = EDGE_LOOP ( 'NONE', ( #3809, #1220, #362, #989 ) ) ;
#2585 = AXIS2_PLACEMENT_3D ( 'NONE', #3101, #2772, #4080 ) ;
#2586 = DATE_AND_TIME ( #3235, #2427 ) ;
#2587 = ORIENTED_EDGE ( 'NONE', *, *, #2621, .F. ) ;
#2588 = CARTESIAN_POINT ( 'NONE',  ( 8.691243068228063300, 5.644551875750796200, -25.00000000000000000 ) ) ;
#2589 = DIRECTION ( 'NONE',  ( -0.2636502354449246600, -0.9646183459533805800, 0.0000000000000000000 ) ) ;
#2590 = AXIS2_PLACEMENT_3D ( 'NONE', #2988, #1057, #3954 ) ;
#2591 = CARTESIAN_POINT ( 'NONE',  ( 6.588275186769087600, 9.825573679019864700, -25.00000000000000000 ) ) ;
#2592 = LINE ( 'NONE', #3931, #4054 ) ;
#2593 = ADVANCED_FACE ( 'NONE', ( #4035 ), #1063, .T. ) ;
#2594 = DIRECTION ( 'NONE',  ( 0.0000000000000000000, 0.0000000000000000000, 1.000000000000000000 ) ) ;
#2595 = FACE_OUTER_BOUND ( 'NONE', #1214, .T. ) ;
#2596 = VERTEX_POINT ( 'NONE', #2770 ) ;
#2597 = FACE_OUTER_BOUND ( 'NONE', #3236, .T. ) ;
#2598 = CARTESIAN_POINT ( 'NONE',  ( -14.48000000000000000, 2.240000000000000200, -25.00000000000000000 ) ) ;
#2599 = CARTESIAN_POINT ( 'NONE',  ( -8.691243068228066800, 5.644551875750796200, 25.00000000000000000 ) ) ;
#2600 = EDGE_CURVE ( 'NONE', #308, #538, #2723, .T. ) ;
#2601 = ORIENTED_EDGE ( 'NONE', *, *, #1116, .F. ) ;
#2602 = LINE ( 'NONE', #3077, #555 ) ;
#2603 = ORIENTED_EDGE ( 'NONE', *, *, #401, .T. ) ;
#2604 = CARTESIAN_POINT ( 'NONE',  ( 8.841416062994845500, 7.931731481647181800, 25.00000000000000000 ) ) ;
#2605 = EDGE_CURVE ( 'NONE', #2616, #2691, #3406, .T. ) ;
#2606 = ORIENTED_EDGE ( 'NONE', *, *, #3248, .F. ) ;
#2607 = VERTEX_POINT ( 'NONE', #3448 ) ;
#2608 = LINE ( 'NONE', #2938, #2042 ) ;
#2609 = VERTEX_POINT ( 'NONE', #3080 ) ;
#2610 = ORIENTED_EDGE ( 'NONE', *, *, #2268, .F. ) ;
#2611 = CARTESIAN_POINT ( 'NONE',  ( -0.1518316247558413300, 7.349999926518176400, -31.81999990092432300 ) ) ;
#2612 = VECTOR ( 'NONE', #3558, 1000.000000000000000 ) ;
#2613 = CIRCLE ( 'NONE', #1328, 4.800000000000001600 ) ;
#2614 = ORIENTED_EDGE ( 'NONE', *, *, #2331, .F. ) ;
#2615 = ADVANCED_FACE ( 'NONE', ( #4064 ), #1128, .T. ) ;
#2616 = VERTEX_POINT ( 'NONE', #1859 ) ;
#2617 = DIRECTION ( 'NONE',  ( -1.224646799147353200E-016, -1.000000000000000000, 0.0000000000000000000 ) ) ;
#2618 = CIRCLE ( 'NONE', #326, 4.800000000000001600 ) ;
#2619 = DIRECTION ( 'NONE',  ( -0.2636502354449251100, 0.9646183459533803600, -0.0000000000000000000 ) ) ;
#2620 = DIRECTION ( 'NONE',  ( 0.0000000000000000000, 0.0000000000000000000, 1.000000000000000000 ) ) ;
#2621 = EDGE_CURVE ( 'NONE', #3297, #514, #1021, .T. ) ;
#2622 = AXIS2_PLACEMENT_3D ( 'NONE', #2692, #107, #3015 ) ;
#2623 = CARTESIAN_POINT ( 'NONE',  ( 0.0000000000000000000, 7.349999999999999600, 31.82000000000000000 ) ) ;
#2624 = CARTESIAN_POINT ( 'NONE',  ( 0.5000000000000000000, 5.818079034352868100, -31.90791125051582000 ) ) ;
#2625 = EDGE_LOOP ( 'NONE', ( #2235, #1129 ) ) ;
#2626 = DIRECTION ( 'NONE',  ( -1.000000000000000000, 0.0000000000000000000, 0.0000000000000000000 ) ) ;
#2627 = EDGE_CURVE ( 'NONE', #303, #3703, #3975, .T. ) ;
#2628 = ORIENTED_EDGE ( 'NONE', *, *, #1205, .T. ) ;
#2629 = AXIS2_PLACEMENT_3D ( 'NONE', #3346, #776, #3069 ) ;
#2630 = ADVANCED_FACE ( 'NONE', ( #3568 ), #2823, .T. ) ;
#2631 = CARTESIAN_POINT ( 'NONE',  ( -0.4999999999999998900, 6.040983005625052200, -31.61999999999999400 ) ) ;
#2632 = ORIENTED_EDGE ( 'NONE', *, *, #3961, .F. ) ;
#2633 = ORIENTED_EDGE ( 'NONE', *, *, #347, .F. ) ;
#2634 = AXIS2_PLACEMENT_3D ( 'NONE', #2786, #1169, #206 ) ;
#2635 = ADVANCED_BREP_SHAPE_REPRESENTATION ( 'RH0501R650FC02 RESISTOR', ( #2947, #2656 ), #1463 ) ;
#2636 = CARTESIAN_POINT ( 'NONE',  ( 5.999999999999998200, 15.49000000000000000, 25.00000000000000000 ) ) ;
#2637 = ORIENTED_EDGE ( 'NONE', *, *, #3777, .F. ) ;
#2638 = DIRECTION ( 'NONE',  ( -1.000000000000000000, 0.0000000000000000000, -0.0000000000000000000 ) ) ;
#2639 = FACE_OUTER_BOUND ( 'NONE', #1258, .T. ) ;
#2640 = AXIS2_PLACEMENT_3D ( 'NONE', #3479, #4095, #877 ) ;
#2641 = CARTESIAN_POINT ( 'NONE',  ( 5.000000000000000900, 6.599999999999998800, -24.80000000000000400 ) ) ;
#2642 = CARTESIAN_POINT ( 'NONE',  ( 0.0000000000000000000, 6.599999999999999600, 24.69999999999999900 ) ) ;
#2643 = CARTESIAN_POINT ( 'NONE',  ( 0.5000000000000000000, 7.246663566896333300, 32.02000000000000300 ) ) ;
#2644 = LINE ( 'NONE', #3944, #402 ) ;
#2645 = ORIENTED_EDGE ( 'NONE', *, *, #3701, .F. ) ;
#2646 = CARTESIAN_POINT ( 'NONE',  ( -6.000000000000001800, 15.49000000000000000, 25.00000000000000000 ) ) ;
#2647 = CARTESIAN_POINT ( 'NONE',  ( 0.0000000000000000000, 6.599999999999999600, 24.69999999999999900 ) ) ;
#2648 = VECTOR ( 'NONE', #35, 1000.000000000000100 ) ;
#2649 = ORIENTED_EDGE ( 'NONE', *, *, #1475, .F. ) ;
#2650 = CARTESIAN_POINT ( 'NONE',  ( -0.2450224391880343200, 7.412301996524669300, -31.90791114850140200 ) ) ;
#2651 = EDGE_CURVE ( 'NONE', #295, #3377, #3557, .T. ) ;
#2652 = LINE ( 'NONE', #1502, #1774 ) ;
#2653 = TOROIDAL_SURFACE ( 'NONE', #1976, 5.200000000000001100, 0.2000000000000000100 ) ;
#2654 = CARTESIAN_POINT ( 'NONE',  ( -6.120313219301213100, 12.66472100003637800, -25.00000000000000000 ) ) ;
#2655 = ADVANCED_FACE ( 'NONE', ( #1202 ), #2490, .T. ) ;
#2656 = AXIS2_PLACEMENT_3D ( 'NONE', #1157, #3445, #1488 ) ;
#2657 = ORIENTED_EDGE ( 'NONE', *, *, #3090, .T. ) ;
#2658 = ORIENTED_EDGE ( 'NONE', *, *, #2007, .F. ) ;
#2659 = DIRECTION ( 'NONE',  ( 0.0000000000000000000, 0.0000000000000000000, 1.000000000000000000 ) ) ;
#2660 = ADVANCED_FACE ( 'NONE', ( #1668 ), #3702, .F. ) ;
#2662 = CARTESIAN_POINT ( 'NONE',  ( 4.050000000000000700, 6.600000000000000500, 25.00000000000000000 ) ) ;
#2661 = FACE_OUTER_BOUND ( 'NONE', #2194, .T. ) ;
#2663 = EDGE_LOOP ( 'NONE', ( #3819, #806, #2744, #69 ) ) ;
#2664 = VERTEX_POINT ( 'NONE', #2881 ) ;
#2665 = ORIENTED_EDGE ( 'NONE', *, *, #2268, .T. ) ;
#2666 = FACE_OUTER_BOUND ( 'NONE', #3171, .T. ) ;
#2667 = CARTESIAN_POINT ( 'NONE',  ( 8.691243068228063300, 6.541951982200360200, 25.00000000000000000 ) ) ;
#2668 = ORIENTED_EDGE ( 'NONE', *, *, #2407, .T. ) ;
#2669 = DIRECTION ( 'NONE',  ( 0.0000000000000000000, 0.0000000000000000000, -1.000000000000000000 ) ) ;
#2670 = EDGE_CURVE ( 'NONE', #1068, #1950, #3603, .T. ) ;
#2671 = FACE_OUTER_BOUND ( 'NONE', #246, .T. ) ;
#2672 = FACE_OUTER_BOUND ( 'NONE', #1938, .T. ) ;
#2673 = AXIS2_PLACEMENT_3D ( 'NONE', #4, #3225, #3851 ) ;
#2674 = EDGE_LOOP ( 'NONE', ( #3213, #3522, #1298, #853 ) ) ;
#2675 = CARTESIAN_POINT ( 'NONE',  ( 0.1524703957304530100, 5.850150636456506300, -31.87113789945974300 ) ) ;
#2676 = FACE_OUTER_BOUND ( 'NONE', #3026, .T. ) ;
#2677 = ORIENTED_EDGE ( 'NONE', *, *, #3025, .T. ) ;
#2678 = DIRECTION ( 'NONE',  ( 0.0000000000000000000, 0.0000000000000000000, 1.000000000000000000 ) ) ;
#2679 = DIRECTION ( 'NONE',  ( 0.0000000000000000000, 0.0000000000000000000, -1.000000000000000000 ) ) ;
#2680 = EDGE_CURVE ( 'NONE', #1161, #3287, #1977, .T. ) ;
#2681 = CARTESIAN_POINT ( 'NONE',  ( 0.0000000000000000000, 6.599999999999999600, -31.61999999999999400 ) ) ;
#2682 = DIRECTION ( 'NONE',  ( 0.0000000000000000000, 0.0000000000000000000, 1.000000000000000000 ) ) ;
#2683 = ADVANCED_FACE ( 'NONE', ( #203 ), #1100, .F. ) ;
#2684 = EDGE_LOOP ( 'NONE', ( #2142, #4055, #1313, #3981 ) ) ;
#2685 = EDGE_CURVE ( 'NONE', #1092, #3724, #950, .T. ) ;
#2686 = EDGE_LOOP ( 'NONE', ( #4150, #3694 ) ) ;
#2687 = CARTESIAN_POINT ( 'NONE',  ( 4.250000000000000000, 6.599999999999999600, 24.69999999999999900 ) ) ;
#2688 = VERTEX_POINT ( 'NONE', #2529 ) ;
#2689 = EDGE_CURVE ( 'NONE', #3450, #1729, #1932, .T. ) ;
#2690 = DATE_AND_TIME ( #587, #2376 ) ;
#2691 = VERTEX_POINT ( 'NONE', #4105 ) ;
#2692 = CARTESIAN_POINT ( 'NONE',  ( 0.0000000000000000000, 6.599999999999999600, 31.62000000000000100 ) ) ;
#2693 = CARTESIAN_POINT ( 'NONE',  ( 0.4999999999999998900, 6.040983005625052200, 31.62000000000000100 ) ) ;
#2694 = AXIS2_PLACEMENT_3D ( 'NONE', #2372, #3347, #3367 ) ;
#2695 = CIRCLE ( 'NONE', #3194, 0.7500000000000000000 ) ;
#2696 = CARTESIAN_POINT ( 'NONE',  ( -0.5000000000000000000, 7.159016994374948900, -31.65630566980035000 ) ) ;
#2697 = CARTESIAN_POINT ( 'NONE',  ( 4.450000000000000200, 6.599999999999999600, -24.50000000000000000 ) ) ;
#2698 = ADVANCED_FACE ( 'NONE', ( #2597 ), #2203, .T. ) ;
#2699 = EDGE_CURVE ( 'NONE', #2548, #3837, #1616, .T. ) ;
#2700 = AXIS2_PLACEMENT_3D ( 'NONE', #1455, #3421, #492 ) ;
#2701 = LINE ( 'NONE', #3553, #1246 ) ;
#2702 = ORIENTED_EDGE ( 'NONE', *, *, #2838, .F. ) ;
#2703 = DIRECTION ( 'NONE',  ( 0.0000000000000000000, 0.0000000000000000000, 1.000000000000000000 ) ) ;
#2704 = ADVANCED_FACE ( 'NONE', ( #2083 ), #3136, .T. ) ;
#2705 = DIRECTION ( 'NONE',  ( -1.000000000000000000, 0.0000000000000000000, 0.0000000000000000000 ) ) ;
#2706 = CARTESIAN_POINT ( 'NONE',  ( -8.530284146270677300, 3.231394751068567700, -25.00000000000000000 ) ) ;
#2707 = LINE ( 'NONE', #3530, #2282 ) ;
#2708 = CARTESIAN_POINT ( 'NONE',  ( 0.0000000000000000000, 7.349999999999999600, 31.82000000000000000 ) ) ;
#2709 = DIRECTION ( 'NONE',  ( -1.000000000000000000, 0.0000000000000000000, 0.0000000000000000000 ) ) ;
#2710 = CARTESIAN_POINT ( 'NONE',  ( 0.5000000000000000000, 7.145506659314900600, -31.69095996052825700 ) ) ;
#2711 = ORIENTED_EDGE ( 'NONE', *, *, #3243, .T. ) ;
#2712 = VECTOR ( 'NONE', #2494, 1000.000000000000000 ) ;
#2713 = CARTESIAN_POINT ( 'NONE',  ( -0.4999999999999998900, 7.159016994374948000, 31.62000000000000100 ) ) ;
#2714 = EDGE_CURVE ( 'NONE', #1576, #207, #3905, .T. ) ;
#2715 = ORIENTED_EDGE ( 'NONE', *, *, #824, .F. ) ;
#2716 = ORIENTED_EDGE ( 'NONE', *, *, #626, .T. ) ;
#2717 = LINE ( 'NONE', #634, #1523 ) ;
#2718 = ORIENTED_EDGE ( 'NONE', *, *, #1600, .F. ) ;
#2719 = AXIS2_PLACEMENT_3D ( 'NONE', #2325, #2669, #694 ) ;
#2720 = LINE ( 'NONE', #1127, #3717 ) ;
#2721 = CARTESIAN_POINT ( 'NONE',  ( 0.5000000000000000000, 7.412302065558553600, -31.90791125051582700 ) ) ;
#2722 = CARTESIAN_POINT ( 'NONE',  ( -0.7500000000000000000, 6.599999999999999600, 31.62000000000000100 ) ) ;
#2723 = LINE ( 'NONE', #2443, #756 ) ;
#2724 = ORIENTED_EDGE ( 'NONE', *, *, #3602, .F. ) ;
#2725 = VECTOR ( 'NONE', #3641, 1000.000000000000000 ) ;
#2726 = AXIS2_PLACEMENT_3D ( 'NONE', #3052, #1969, #2086 ) ;
#2727 = DIRECTION ( 'NONE',  ( -0.0000000000000000000, 0.0000000000000000000, 1.000000000000000000 ) ) ;
#2728 = CARTESIAN_POINT ( 'NONE',  ( 0.4999999999999998900, 7.100607794934890500, -31.74768527678305900 ) ) ;
#2729 = EDGE_CURVE ( 'NONE', #2020, #770, #2707, .T. ) ;
#2730 = ADVANCED_FACE ( 'NONE', ( #794 ), #935, .T. ) ;
#2731 = DIRECTION ( 'NONE',  ( -0.0000000000000000000, -0.0000000000000000000, -1.000000000000000000 ) ) ;
#2732 = ORIENTED_EDGE ( 'NONE', *, *, #2605, .F. ) ;
#2733 = PLANE ( 'NONE',  #433 ) ;
#2734 = AXIS2_PLACEMENT_3D ( 'NONE', #557, #2848, #274 ) ;
#2735 = CARTESIAN_POINT ( 'NONE',  ( 7.342426627394414300, 4.327157177433245600, -25.00000000000000000 ) ) ;
#2736 = DIRECTION ( 'NONE',  ( 0.9231850650931188200, -0.3843557409341167900, 0.0000000000000000000 ) ) ;
#2737 = ORIENTED_EDGE ( 'NONE', *, *, #3580, .T. ) ;
#2738 = CARTESIAN_POINT ( 'NONE',  ( 0.5000000000000001100, 6.900647183755826800, -31.82000000000000000 ) ) ;
#2739 = DIRECTION ( 'NONE',  ( 0.0000000000000000000, 1.000000000000000000, 0.0000000000000000000 ) ) ;
#2740 = VERTEX_POINT ( 'NONE', #3246 ) ;
#2741 = ORIENTED_EDGE ( 'NONE', *, *, #426, .F. ) ;
#2742 = DIRECTION ( 'NONE',  ( 1.000000000000000000, 0.0000000000000000000, 0.0000000000000000000 ) ) ;
#2743 = ORIENTED_EDGE ( 'NONE', *, *, #773, .F. ) ;
#2744 = ORIENTED_EDGE ( 'NONE', *, *, #202, .F. ) ;
#2745 = CYLINDRICAL_SURFACE ( 'NONE', #1831, 2.492694426093553100 ) ;
#2746 = EDGE_CURVE ( 'NONE', #514, #2334, #1771, .T. ) ;
#2747 = CARTESIAN_POINT ( 'NONE',  ( -6.911958682988797300, 0.0000000000000000000, -15.00000000000000000 ) ) ;
#2748 = CARTESIAN_POINT ( 'NONE',  ( 0.5000000000000000000, 7.246663566896333300, 31.82000000000000000 ) ) ;
#2749 = CIRCLE ( 'NONE', #878, 0.1999999999999996500 ) ;
#2750 = ORIENTED_EDGE ( 'NONE', *, *, #1277, .F. ) ;
#2751 = DIRECTION ( 'NONE',  ( -1.000000000000000000, 0.0000000000000000000, 0.0000000000000000000 ) ) ;
#2752 = VECTOR ( 'NONE', #334, 1000.000000000000000 ) ;
#2753 = ORIENTED_EDGE ( 'NONE', *, *, #3368, .T. ) ;
#2754 = DIRECTION ( 'NONE',  ( 1.000000000000000000, 0.0000000000000000000, -0.0000000000000000000 ) ) ;
#2755 = EDGE_CURVE ( 'NONE', #874, #1485, #3400, .T. ) ;
#2756 = LINE ( 'NONE', #1175, #3004 ) ;
#2757 = VECTOR ( 'NONE', #2270, 1000.000000000000000 ) ;
#2758 = DIRECTION ( 'NONE',  ( 1.000000000000000000, 0.0000000000000000000, 0.0000000000000000000 ) ) ;
#2759 = ORIENTED_EDGE ( 'NONE', *, *, #110, .T. ) ;
#2760 = VERTEX_POINT ( 'NONE', #3219 ) ;
#2761 = VECTOR ( 'NONE', #3473, 1000.000000000000000 ) ;
#2762 = CARTESIAN_POINT ( 'NONE',  ( 0.0000000000000000000, 6.599999999999999600, -24.80000000000000400 ) ) ;
#2763 = ORIENTED_EDGE ( 'NONE', *, *, #3350, .F. ) ;
#2764 = DIRECTION ( 'NONE',  ( -1.000000000000000000, -0.0000000000000000000, -0.0000000000000000000 ) ) ;
#2765 = ORIENTED_EDGE ( 'NONE', *, *, #3331, .T. ) ;
#2766 = DIRECTION ( 'NONE',  ( -0.0000000000000000000, 1.000000000000000000, -0.0000000000000000000 ) ) ;
#2767 = VECTOR ( 'NONE', #1799, 1000.000000000000000 ) ;
#2768 = FACE_OUTER_BOUND ( 'NONE', #2875, .T. ) ;
#2769 = ORIENTED_EDGE ( 'NONE', *, *, #923, .F. ) ;
#2770 = CARTESIAN_POINT ( 'NONE',  ( 0.5000000000000000000, 5.409504101059961400, 32.99224736853910400 ) ) ;
#2771 = EDGE_CURVE ( 'NONE', #3587, #3056, #3147, .T. ) ;
#2772 = DIRECTION ( 'NONE',  ( -0.02934463913301625000, 0.9995693533488074800, 0.0000000000000000000 ) ) ;
#2773 = VECTOR ( 'NONE', #1031, 1000.000000000000100 ) ;
#2774 = FACE_BOUND ( 'NONE', #3866, .T. ) ;
#2775 = ORIENTED_EDGE ( 'NONE', *, *, #2621, .T. ) ;
#2776 = DIRECTION ( 'NONE',  ( -1.000000000000000000, -0.0000000000000000000, -0.0000000000000000000 ) ) ;
#2777 = VECTOR ( 'NONE', #929, 1000.000000000000000 ) ;
#2778 = DIRECTION ( 'NONE',  ( -0.0000000000000000000, -0.1254381138893790600, -0.9921014462159981600 ) ) ;
#2779 = EDGE_LOOP ( 'NONE', ( #612, #732, #1755, #2665 ) ) ;
#2780 = DIRECTION ( 'NONE',  ( -0.0000000000000000000, -1.000000000000000000, -0.0000000000000000000 ) ) ;
#2781 = CARTESIAN_POINT ( 'NONE',  ( 0.5500000000000000400, 6.599999999999999600, 31.62000000000000100 ) ) ;
#2782 = DIRECTION ( 'NONE',  ( 1.000000000000000000, 0.0000000000000000000, 0.0000000000000000000 ) ) ;
#2783 = EDGE_CURVE ( 'NONE', #663, #3972, #748, .T. ) ;
#2784 = AXIS2_PLACEMENT_3D ( 'NONE', #3184, #1925, #891 ) ;
#2785 = CARTESIAN_POINT ( 'NONE',  ( -6.120313219301213100, 12.66472100003637800, -25.00000000000000000 ) ) ;
#2786 = CARTESIAN_POINT ( 'NONE',  ( 0.5000000000000000000, 5.347871253749470800, -33.30492625585083000 ) ) ;
#2787 = PLANE ( 'NONE',  #743 ) ;
#2788 = VERTEX_POINT ( 'NONE', #277 ) ;
#2789 = ORIENTED_EDGE ( 'NONE', *, *, #2134, .F. ) ;
#2790 = DIRECTION ( 'NONE',  ( -1.000000000000000000, 0.0000000000000000000, 0.0000000000000000000 ) ) ;
#2791 =( LENGTH_UNIT ( ) NAMED_UNIT ( * ) SI_UNIT ( .MILLI., .METRE. ) );
#2792 = DIRECTION ( 'NONE',  ( -0.0000000000000000000, 1.000000000000000000, -0.0000000000000000000 ) ) ;
#2793 = ORIENTED_EDGE ( 'NONE', *, *, #3133, .T. ) ;
#2794 = EDGE_CURVE ( 'NONE', #4085, #1025, #1408, .T. ) ;
#2795 = EDGE_LOOP ( 'NONE', ( #2502, #969 ) ) ;
#2796 = DIRECTION ( 'NONE',  ( 0.0000000000000000000, 0.0000000000000000000, -1.000000000000000000 ) ) ;
#2797 = APPROVAL ( #1557, 'UNSPECIFIED' ) ;
#2798 = FACE_BOUND ( 'NONE', #1726, .T. ) ;
#2799 = CARTESIAN_POINT ( 'NONE',  ( -0.1180151413596646600, 7.388055547268499400, -31.87131036294924200 ) ) ;
#2800 = EDGE_CURVE ( 'NONE', #1068, #1758, #245, .T. ) ;
#2801 = FACE_OUTER_BOUND ( 'NONE', #802, .T. ) ;
#2802 = VERTEX_POINT ( 'NONE', #2604 ) ;
#2803 = CARTESIAN_POINT ( 'NONE',  ( -6.280036924807803600, 11.37065189891219700, -25.00000000000000000 ) ) ;
#2804 = DIRECTION ( 'NONE',  ( 1.000000000000000000, 0.0000000000000000000, -0.0000000000000000000 ) ) ;
#2805 = CARTESIAN_POINT ( 'NONE',  ( 5.999999999999998200, 15.49000000000000000, -25.00000000000000000 ) ) ;
#2806 = AXIS2_PLACEMENT_3D ( 'NONE', #1385, #444, #2364 ) ;
#2807 = TOROIDAL_SURFACE ( 'NONE', #3633, 4.450000000000000200, 0.2000000000000000100 ) ;
#2808 = DIRECTION ( 'NONE',  ( 0.0000000000000000000, -0.1254381138893856100, -0.9921014462159973800 ) ) ;
#2809 = CARTESIAN_POINT ( 'NONE',  ( 0.0000000000000000000, 6.599999999999999600, -31.82000000000000000 ) ) ;
#2810 = VERTEX_POINT ( 'NONE', #2942 ) ;
#2811 = CIRCLE ( 'NONE', #2640, 0.1999999999999987900 ) ;
#2812 = VERTEX_POINT ( 'NONE', #965 ) ;
#2813 = AXIS2_PLACEMENT_3D ( 'NONE', #3986, #2366, #2054 ) ;
#2814 = ORIENTED_EDGE ( 'NONE', *, *, #1124, .F. ) ;
#2815 = ORIENTED_EDGE ( 'NONE', *, *, #3531, .F. ) ;
#2816 = CARTESIAN_POINT ( 'NONE',  ( 0.0000000000000000000, 6.599999999999999600, 24.69999999999999900 ) ) ;
#2817 = VECTOR ( 'NONE', #1199, 1000.000000000000000 ) ;
#2818 = CARTESIAN_POINT ( 'NONE',  ( 8.530284146270673800, 3.231394751068567700, -25.00000000000000000 ) ) ;
#2819 = LINE ( 'NONE', #2929, #257 ) ;
#2820 = CARTESIAN_POINT ( 'NONE',  ( -4.450000000000000200, 6.600000000000000500, 24.50000000000000000 ) ) ;
#2821 = LINE ( 'NONE', #2183, #1224 ) ;
#2822 = DIRECTION ( 'NONE',  ( 1.000000000000000000, -0.0000000000000000000, -2.292169668891143100E-016 ) ) ;
#2823 = TOROIDAL_SURFACE ( 'NONE', #4096, 4.050000000000000700, 0.2000000000000000100 ) ;
#2824 = CARTESIAN_POINT ( 'NONE',  ( 6.280036924807800100, 11.37065189891219700, -25.00000000000000000 ) ) ;
#2825 = UNCERTAINTY_MEASURE_WITH_UNIT (LENGTH_MEASURE( 1.000000000000000100E-005 ), #2791, 'distance_accuracy_value', 'NONE');
#2826 = EDGE_CURVE ( 'NONE', #3109, #1860, #1051, .T. ) ;
#2827 = ORIENTED_EDGE ( 'NONE', *, *, #3444, .T. ) ;
#2828 = EDGE_CURVE ( 'NONE', #3716, #2788, #549, .T. ) ;
#2829 = ORIENTED_EDGE ( 'NONE', *, *, #3224, .T. ) ;
#2830 = CARTESIAN_POINT ( 'NONE',  ( 10.72000000000000400, 0.0000000000000000000, 19.99999999999999600 ) ) ;
#2831 = CARTESIAN_POINT ( 'NONE',  ( 0.5000000000000000000, 5.880381099911422100, -31.82000000000000000 ) ) ;
#2832 = CARTESIAN_POINT ( 'NONE',  ( 0.5000000000000000000, 6.370871215252207300, -31.82000000000000000 ) ) ;
#2833 = DIRECTION ( 'NONE',  ( -1.000000000000000000, 0.0000000000000000000, -0.0000000000000000000 ) ) ;
#2834 = DIRECTION ( 'NONE',  ( -0.2636502354449246600, -0.9646183459533805800, 0.0000000000000000000 ) ) ;
#2835 = CARTESIAN_POINT ( 'NONE',  ( 0.0000000000000000000, 6.599999999999999600, 31.82000000000000000 ) ) ;
#2836 = CARTESIAN_POINT ( 'NONE',  ( 0.2954896834150153000, 5.906549181606370000, 31.83367517978259900 ) ) ;
#2837 = DIRECTION ( 'NONE',  ( 0.0000000000000000000, 0.0000000000000000000, 1.000000000000000000 ) ) ;
#2838 = EDGE_CURVE ( 'NONE', #1336, #1860, #68, .T. ) ;
#2839 = ORIENTED_EDGE ( 'NONE', *, *, #843, .F. ) ;
#2840 = AXIS2_PLACEMENT_3D ( 'NONE', #1400, #1097, #478 ) ;
#2841 = ORIENTED_EDGE ( 'NONE', *, *, #1840, .F. ) ;
#2842 = VERTEX_POINT ( 'NONE', #1593 ) ;
#2843 = CARTESIAN_POINT ( 'NONE',  ( 6.911958682988796500, 0.0000000000000000000, -25.00000000000000000 ) ) ;
#2844 = CARTESIAN_POINT ( 'NONE',  ( 4.050000000000000700, 6.600000000000000500, 24.80000000000000400 ) ) ;
#2845 = CARTESIAN_POINT ( 'NONE',  ( 4.250000000000000000, 6.599999999999998800, -24.80000000000000400 ) ) ;
#2846 = EDGE_LOOP ( 'NONE', ( #1735, #4139, #1406, #3266 ) ) ;
#2847 = DIRECTION ( 'NONE',  ( 0.0000000000000000000, 0.0000000000000000000, 1.000000000000000000 ) ) ;
#2848 = DIRECTION ( 'NONE',  ( 0.0000000000000000000, 0.0000000000000000000, 1.000000000000000000 ) ) ;
#2849 = CARTESIAN_POINT ( 'NONE',  ( -0.1524703957304530100, 5.850150636456506300, 31.87113789945974300 ) ) ;
#2850 = CIRCLE ( 'NONE', #1967, 1.590000000000008100 ) ;
#2851 = EDGE_CURVE ( 'NONE', #1485, #2117, #3499, .T. ) ;
#2852 = DIRECTION ( 'NONE',  ( -1.000000000000000000, -0.0000000000000000000, -0.0000000000000000000 ) ) ;
#2853 = CC_DESIGN_APPROVAL ( #392, ( #2577 ) ) ;
#2854 = LINE ( 'NONE', #1756, #600 ) ;
#2855 = ORIENTED_EDGE ( 'NONE', *, *, #3261, .T. ) ;
#2856 = VECTOR ( 'NONE', #2211, 1000.000000000000000 ) ;
#2857 = ORIENTED_EDGE ( 'NONE', *, *, #1245, .F. ) ;
#2858 = CARTESIAN_POINT ( 'NONE',  ( -14.48000000000000000, 2.240000000000000200, -25.00000000000000000 ) ) ;
#2859 = LINE ( 'NONE', #61, #1565 ) ;
#2860 = VECTOR ( 'NONE', #2852, 1000.000000000000000 ) ;
#2861 = ORIENTED_EDGE ( 'NONE', *, *, #831, .F. ) ;
#2862 = DIRECTION ( 'NONE',  ( 0.4615920579147523900, 0.8870923131613889200, -0.0000000000000000000 ) ) ;
#2863 = DIRECTION ( 'NONE',  ( -0.9995693533488074800, -0.02934463913301625000, 0.0000000000000000000 ) ) ;
#2864 = EDGE_LOOP ( 'NONE', ( #3655, #1866, #2775, #2867 ) ) ;
#2865 = VERTEX_POINT ( 'NONE', #3848 ) ;
#2866 = CIRCLE ( 'NONE', #3555, 0.6000000000000033100 ) ;
#2867 = ORIENTED_EDGE ( 'NONE', *, *, #2746, .T. ) ;
#2868 = EDGE_LOOP ( 'NONE', ( #2750, #2312, #393, #1887 ) ) ;
#2869 = DIRECTION ( 'NONE',  ( 0.0000000000000000000, 0.0000000000000000000, 1.000000000000000000 ) ) ;
#2870 = VECTOR ( 'NONE', #2123, 1000.000000000000000 ) ;
#2871 = VECTOR ( 'NONE', #189, 1000.000000000000000 ) ;
#2872 = LINE ( 'NONE', #2322, #2725 ) ;
#2873 = FACE_OUTER_BOUND ( 'NONE', #2420, .T. ) ;
#2874 = EDGE_CURVE ( 'NONE', #510, #2452, #3550, .T. ) ;
#2875 = EDGE_LOOP ( 'NONE', ( #963, #1738, #2119, #3561 ) ) ;
#2876 = DIRECTION ( 'NONE',  ( 1.000000000000000000, 0.0000000000000000000, 0.0000000000000000000 ) ) ;
#2877 = LINE ( 'NONE', #881, #1798 ) ;
#2878 = CARTESIAN_POINT ( 'NONE',  ( 0.5000000000000000000, 6.299352816244175200, 31.81999999999999300 ) ) ;
#2879 = CC_DESIGN_DATE_AND_TIME_ASSIGNMENT ( #733, #1217, ( #2577 ) ) ;
#2880 = VERTEX_POINT ( 'NONE', #2891 ) ;
#2881 = CARTESIAN_POINT ( 'NONE',  ( 0.4274294338098229000, 5.983717533015084000, 31.82000000000000000 ) ) ;
#2882 = AXIS2_PLACEMENT_3D ( 'NONE', #1757, #813, #182 ) ;
#2883 = EDGE_CURVE ( 'NONE', #711, #2329, #2506, .T. ) ;
#2884 = DIRECTION ( 'NONE',  ( 1.000000000000000000, 0.0000000000000000000, 0.0000000000000000000 ) ) ;
#2885 = AXIS2_PLACEMENT_3D ( 'NONE', #2654, #2971, #1335 ) ;
#2886 = CARTESIAN_POINT ( 'NONE',  ( -0.5000000000000000000, 8.115190549955711300, -35.32000000000000700 ) ) ;
#2887 = CARTESIAN_POINT ( 'NONE',  ( -6.588275186769091200, 9.825573679019864700, -25.00000000000000000 ) ) ;
#2888 = CARTESIAN_POINT ( 'NONE',  ( -0.5000000000000000000, 6.054802132510562100, 31.69145087553213000 ) ) ;
#2889 = ORIENTED_EDGE ( 'NONE', *, *, #1270, .T. ) ;
#2890 = EDGE_LOOP ( 'NONE', ( #721, #3389 ) ) ;
#2891 = CARTESIAN_POINT ( 'NONE',  ( 0.5000000000000000000, 6.829128784747791900, 31.82000000000000000 ) ) ;
#2892 = EDGE_CURVE ( 'NONE', #623, #2044, #1725, .T. ) ;
#2893 = ADVANCED_FACE ( 'NONE', ( #1875 ), #1560, .F. ) ;
#2894 = DIRECTION ( 'NONE',  ( 1.000000000000000000, 0.0000000000000000000, -0.0000000000000000000 ) ) ;
#2895 = ORIENTED_EDGE ( 'NONE', *, *, #4078, .T. ) ;
#2896 = CARTESIAN_POINT ( 'NONE',  ( -2.296212748401288700E-017, 7.349999999999998800, -31.82000000000000000 ) ) ;
#2897 = VECTOR ( 'NONE', #4050, 1000.000000000000100 ) ;
#2898 = DIRECTION ( 'NONE',  ( -0.0000000000000000000, -0.0000000000000000000, -1.000000000000000000 ) ) ;
#2899 = APPROVAL_ROLE ( '' ) ;
#2900 = CARTESIAN_POINT ( 'NONE',  ( 3.153862357908790900E-046, 7.349999999999998800, 31.82000000000000000 ) ) ;
#2901 = EDGE_CURVE ( 'NONE', #4124, #1526, #3296, .T. ) ;
#2902 = CYLINDRICAL_SURFACE ( 'NONE', #2931, 2.492694426093553100 ) ;
#2903 = ORIENTED_EDGE ( 'NONE', *, *, #2771, .F. ) ;
#2904 = EDGE_CURVE ( 'NONE', #1780, #658, #157, .T. ) ;
#2905 = LINE ( 'NONE', #136, #4063 ) ;
#2906 = ORIENTED_EDGE ( 'NONE', *, *, #500, .T. ) ;
#2907 = ORIENTED_EDGE ( 'NONE', *, *, #2034, .F. ) ;
#2908 = VECTOR ( 'NONE', #3455, 1000.000000000000000 ) ;
#2909 = DIRECTION ( 'NONE',  ( 0.0000000000000000000, 0.0000000000000000000, 1.000000000000000000 ) ) ;
#2910 = AXIS2_PLACEMENT_3D ( 'NONE', #3375, #1440, #1401 ) ;
#2911 = ADVANCED_FACE ( 'NONE', ( #3453 ), #4115, .T. ) ;
#2912 = ORIENTED_EDGE ( 'NONE', *, *, #1591, .T. ) ;
#2913 = ORIENTED_EDGE ( 'NONE', *, *, #3115, .F. ) ;
#2914 = DIRECTION ( 'NONE',  ( 0.0000000000000000000, 0.0000000000000000000, 1.000000000000000000 ) ) ;
#2916 = CARTESIAN_POINT ( 'NONE',  ( 8.841416062994845500, 7.931731481647181800, -25.00000000000000000 ) ) ;
#2915 = CIRCLE ( 'NONE', #668, 4.050000000000000700 ) ;
#2917 = ORIENTED_EDGE ( 'NONE', *, *, #1941, .T. ) ;
#2918 = EDGE_CURVE ( 'NONE', #535, #1109, #3564, .T. ) ;
#2919 = EDGE_LOOP ( 'NONE', ( #1551, #268, #1612, #2889, #911, #3565, #3398, #1536, #1655, #2501, #1676, #171, #975, #75 ) ) ;
#2920 = FACE_BOUND ( 'NONE', #2686, .T. ) ;
#2921 = FACE_OUTER_BOUND ( 'NONE', #3835, .T. ) ;
#2922 = DIRECTION ( 'NONE',  ( 0.0000000000000000000, 0.0000000000000000000, 1.000000000000000000 ) ) ;
#2923 = DIRECTION ( 'NONE',  ( 0.0000000000000000000, 0.0000000000000000000, 1.000000000000000000 ) ) ;
#2924 = CIRCLE ( 'NONE', #564, 0.1999999999999987900 ) ;
#2925 = CARTESIAN_POINT ( 'NONE',  ( 0.0000000000000000000, 6.599999999999999600, -31.61999999999999400 ) ) ;
#2926 = EDGE_CURVE ( 'NONE', #3947, #2607, #3249, .T. ) ;
#2927 = VERTEX_POINT ( 'NONE', #3663 ) ;
#2928 = DIRECTION ( 'NONE',  ( 1.000000000000000000, 0.0000000000000000000, -0.0000000000000000000 ) ) ;
#2929 = CARTESIAN_POINT ( 'NONE',  ( 8.530284146270673800, 3.844972318509915200, 25.00000000000000000 ) ) ;
#2930 = ADVANCED_FACE ( 'NONE', ( #2389 ), #1745, .T. ) ;
#2931 = AXIS2_PLACEMENT_3D ( 'NONE', #3040, #3071, #452 ) ;
#2932 = ORIENTED_EDGE ( 'NONE', *, *, #1332, .T. ) ;
#2933 = EDGE_CURVE ( 'NONE', #3560, #2609, #646, .T. ) ;
#2934 = CARTESIAN_POINT ( 'NONE',  ( 6.982355285352881000, 6.592120282318093800, -25.00000000000000000 ) ) ;
#2935 = ORIENTED_EDGE ( 'NONE', *, *, #1034, .F. ) ;
#2936 = AXIS2_PLACEMENT_3D ( 'NONE', #3129, #220, #540 ) ;
#2937 = ORIENTED_EDGE ( 'NONE', *, *, #3179, .F. ) ;
#2938 = CARTESIAN_POINT ( 'NONE',  ( -7.684673645897961900, 11.95545359045973100, 25.00000000000000000 ) ) ;
#2939 = CARTESIAN_POINT ( 'NONE',  ( -6.911958682988797300, 2.240000000000000200, -25.00000000000000000 ) ) ;
#2940 = DIRECTION ( 'NONE',  ( -0.0000000000000000000, -0.0000000000000000000, 1.000000000000000000 ) ) ;
#2941 = ORIENTED_EDGE ( 'NONE', *, *, #2486, .T. ) ;
#2942 = CARTESIAN_POINT ( 'NONE',  ( 6.280036924807800100, 11.37065189891219700, -25.00000000000000000 ) ) ;
#2943 = AXIS2_PLACEMENT_3D ( 'NONE', #13, #1291, #986 ) ;
#2944 = DIRECTION ( 'NONE',  ( 0.9231850650931188200, -0.3843557409341166200, 0.0000000000000000000 ) ) ;
#2945 = VECTOR ( 'NONE', #2512, 1000.000000000000000 ) ;
#2946 = CARTESIAN_POINT ( 'NONE',  ( 6.280036924807800100, 14.81737857374301400, -25.00000000000000000 ) ) ;
#2947 = MANIFOLD_SOLID_BREP ( 'Mirror1', #2139 ) ;
#2948 = TOROIDAL_SURFACE ( 'NONE', #2694, 4.800000000000001600, 0.2000000000000000100 ) ;
#2949 = CARTESIAN_POINT ( 'NONE',  ( 6.982355285352881000, 5.644551875750796200, -25.00000000000000000 ) ) ;
#2950 = ORIENTED_EDGE ( 'NONE', *, *, #2105, .T. ) ;
#2951 = ADVANCED_FACE ( 'NONE', ( #19 ), #2807, .F. ) ;
#2952 = LINE ( 'NONE', #439, #1405 ) ;
#2953 = ORIENTED_EDGE ( 'NONE', *, *, #773, .T. ) ;
#2954 = CARTESIAN_POINT ( 'NONE',  ( -0.5000000000000000000, 6.040983005625052200, -31.82000000000000000 ) ) ;
#2955 = DIRECTION ( 'NONE',  ( 0.0000000000000000000, 0.0000000000000000000, 1.000000000000000000 ) ) ;
#2956 = CARTESIAN_POINT ( 'NONE',  ( 0.0000000000000000000, 6.599999999999999600, 24.50000000000000000 ) ) ;
#2957 = ORIENTED_EDGE ( 'NONE', *, *, #1803, .F. ) ;
#2958 = VERTEX_POINT ( 'NONE', #2045 ) ;
#2959 = FACE_OUTER_BOUND ( 'NONE', #95, .T. ) ;
#2960 = VECTOR ( 'NONE', #2571, 1000.000000000000100 ) ;
#2961 = ORIENTED_EDGE ( 'NONE', *, *, #3444, .F. ) ;
#2962 = CARTESIAN_POINT ( 'NONE',  ( -0.2455572815887702400, 7.412302065558555400, 31.90791125051582700 ) ) ;
#2963 = DIRECTION ( 'NONE',  ( -0.9995693533488074800, 0.02934463913301628100, -0.0000000000000000000 ) ) ;
#2964 = EDGE_CURVE ( 'NONE', #3837, #3659, #456, .T. ) ;
#2965 = VERTEX_POINT ( 'NONE', #109 ) ;
#2966 = ORIENTED_EDGE ( 'NONE', *, *, #1144, .F. ) ;
#2967 = FACE_OUTER_BOUND ( 'NONE', #256, .T. ) ;
#2968 = VERTEX_POINT ( 'NONE', #2072 ) ;
#2969 = CARTESIAN_POINT ( 'NONE',  ( 5.200000000000001100, 6.600000000000000500, 24.80000000000000400 ) ) ;
#2970 = LINE ( 'NONE', #2369, #1892 ) ;
#2971 = DIRECTION ( 'NONE',  ( 0.07238653607442120700, 0.9973766537247332800, -0.0000000000000000000 ) ) ;
#2972 = CIRCLE ( 'NONE', #679, 0.7500000000000000000 ) ;
#2973 = ORIENTED_EDGE ( 'NONE', *, *, #3795, .T. ) ;
#2974 = DIRECTION ( 'NONE',  ( -0.0000000000000000000, -0.0000000000000000000, -1.000000000000000000 ) ) ;
#2975 = LINE ( 'NONE', #2939, #2513 ) ;
#2976 = DIRECTION ( 'NONE',  ( 1.000000000000000000, 0.0000000000000000000, 0.0000000000000000000 ) ) ;
#2977 = CARTESIAN_POINT ( 'NONE',  ( 6.280036924807800100, 14.81737857374301400, 25.00000000000000000 ) ) ;
#2978 = EDGE_CURVE ( 'NONE', #2319, #1068, #2952, .T. ) ;
#2979 = VECTOR ( 'NONE', #3427, 1000.000000000000000 ) ;
#2980 = EDGE_LOOP ( 'NONE', ( #3988, #2179, #2143 ) ) ;
#2981 = ORIENTED_EDGE ( 'NONE', *, *, #508, .F. ) ;
#2982 = DIRECTION ( 'NONE',  ( 1.000000000000000000, 0.0000000000000000000, 0.0000000000000000000 ) ) ;
#2983 = ADVANCED_FACE ( 'NONE', ( #3047 ), #2948, .F. ) ;
#2984 = ORIENTED_EDGE ( 'NONE', *, *, #2049, .T. ) ;
#2985 = ADVANCED_FACE ( 'NONE', ( #3597 ), #2902, .T. ) ;
#2986 = EDGE_CURVE ( 'NONE', #3608, #1576, #1973, .T. ) ;
#2987 = CARTESIAN_POINT ( 'NONE',  ( 4.050000000000000700, 6.599999999999998800, -24.80000000000000400 ) ) ;
#2988 = CARTESIAN_POINT ( 'NONE',  ( -0.5000000000000000000, 7.882509846161931400, -33.30492625585084500 ) ) ;
#2989 = VERTEX_POINT ( 'NONE', #3689 ) ;
#2990 = ORIENTED_EDGE ( 'NONE', *, *, #15, .T. ) ;
#2991 = AXIS2_PLACEMENT_3D ( 'NONE', #2412, #447, #463 ) ;
#2992 = VERTEX_POINT ( 'NONE', #4101 ) ;
#2993 = EDGE_CURVE ( 'NONE', #3151, #3618, #2854, .T. ) ;
#2994 = AXIS2_PLACEMENT_3D ( 'NONE', #1900, #928, #2876 ) ;
#2995 = DIRECTION ( 'NONE',  ( 0.9231850650931184800, 0.3843557409341177800, -0.0000000000000000000 ) ) ;
#2996 = ADVANCED_FACE ( 'NONE', ( #2077 ), #3547, .F. ) ;
#2997 = CARTESIAN_POINT ( 'NONE',  ( -0.5000000000000000000, 5.115190549955709500, 35.32000000000000700 ) ) ;
#2998 = CIRCLE ( 'NONE', #661, 0.7500000000000000000 ) ;
#2999 = CARTESIAN_POINT ( 'NONE',  ( -0.5000000000000000000, 6.226288891515975100, -31.81358215872773300 ) ) ;
#3000 = LINE ( 'NONE', #1802, #1095 ) ;
#3001 = ORIENTED_EDGE ( 'NONE', *, *, #4146, .T. ) ;
#3002 = DIRECTION ( 'NONE',  ( -1.000000000000000000, -0.0000000000000000000, -0.0000000000000000000 ) ) ;
#3003 = EDGE_CURVE ( 'NONE', #1131, #3571, #1927, .T. ) ;
#3004 = VECTOR ( 'NONE', #1141, 1000.000000000000100 ) ;
#3005 = ORIENTED_EDGE ( 'NONE', *, *, #4062, .T. ) ;
#3006 = ORIENTED_EDGE ( 'NONE', *, *, #134, .T. ) ;
#3008 = CARTESIAN_POINT ( 'NONE',  ( -6.911958682988797300, 2.389310821482963000, 25.00000000000000000 ) ) ;
#3007 = VECTOR ( 'NONE', #3928, 1000.000000000000000 ) ;
#3009 = DIRECTION ( 'NONE',  ( -0.9231850650931188200, 0.3843557409341169500, 0.0000000000000000000 ) ) ;
#3010 = ORIENTED_EDGE ( 'NONE', *, *, #453, .F. ) ;
#3011 = EDGE_LOOP ( 'NONE', ( #651, #391, #3262, #2950 ) ) ;
#3012 = ORIENTED_EDGE ( 'NONE', *, *, #765, .F. ) ;
#3013 = LINE ( 'NONE', #3854, #2144 ) ;
#3014 = AXIS2_PLACEMENT_3D ( 'NONE', #3964, #2739, #3335 ) ;
#3015 = DIRECTION ( 'NONE',  ( 1.000000000000000000, 0.0000000000000000000, 0.0000000000000000000 ) ) ;
#3016 = ORIENTED_EDGE ( 'NONE', *, *, #1840, .T. ) ;
#3017 = ADVANCED_FACE ( 'NONE', ( #200 ), #4110, .F. ) ;
#3018 = EDGE_CURVE ( 'NONE', #3297, #1365, #3859, .T. ) ;
#3019 = CIRCLE ( 'NONE', #1905, 0.6000000000000033100 ) ;
#3020 = ADVANCED_FACE ( 'NONE', ( #2801 ), #3775, .T. ) ;
#3021 = FACE_OUTER_BOUND ( 'NONE', #2919, .T. ) ;
#3022 = AXIS2_PLACEMENT_3D ( 'NONE', #3239, #3885, #3549 ) ;
#3023 = DIRECTION ( 'NONE',  ( 1.000000000000000000, 0.0000000000000000000, -0.0000000000000000000 ) ) ;
#3024 = FACE_OUTER_BOUND ( 'NONE', #2277, .T. ) ;
#3025 = EDGE_CURVE ( 'NONE', #3538, #1862, #1197, .T. ) ;
#3026 = EDGE_LOOP ( 'NONE', ( #4025, #561, #2895, #1312 ) ) ;
#3027 = DIRECTION ( 'NONE',  ( 0.0000000000000000000, 0.0000000000000000000, 1.000000000000000000 ) ) ;
#3028 = CARTESIAN_POINT ( 'NONE',  ( 0.0000000000000000000, 7.349999999999999600, -31.82000000000000000 ) ) ;
#3029 = CARTESIAN_POINT ( 'NONE',  ( -8.219152229546505600, 9.426348619902889000, -25.00000000000000000 ) ) ;
#3030 = ADVANCED_FACE ( 'NONE', ( #1294 ), #1457, .T. ) ;
#3031 = ORIENTED_EDGE ( 'NONE', *, *, #360, .T. ) ;
#3032 = EDGE_CURVE ( 'NONE', #2460, #4151, #2129, .T. ) ;
#3033 = ADVANCED_FACE ( 'NONE', ( #3962 ), #2226, .T. ) ;
#3034 = CARTESIAN_POINT ( 'NONE',  ( 0.5000000000000000000, 7.412302065558552800, 31.90791125051582700 ) ) ;
#3035 = CARTESIAN_POINT ( 'NONE',  ( -4.450000000000000200, 6.599999999999998800, -24.69999999999999900 ) ) ;
#3036 = EDGE_LOOP ( 'NONE', ( #3489, #3204, #1075, #3637, #97, #1417, #2166, #2912, #2765, #4023 ) ) ;
#3037 = EDGE_CURVE ( 'NONE', #3946, #1651, #111, .T. ) ;
#3038 = ORIENTED_EDGE ( 'NONE', *, *, #2627, .T. ) ;
#3039 = CARTESIAN_POINT ( 'NONE',  ( 0.5000000000000000000, 7.246663566896333300, -31.82000000000000000 ) ) ;
#3040 = CARTESIAN_POINT ( 'NONE',  ( 0.5000000000000000000, 5.347871253749470800, -33.30492625585083000 ) ) ;
#3041 = FACE_OUTER_BOUND ( 'NONE', #79, .T. ) ;
#3042 = EDGE_CURVE ( 'NONE', #874, #1575, #642, .T. ) ;
#3043 = VECTOR ( 'NONE', #346, 1000.000000000000000 ) ;
#3044 = EDGE_LOOP ( 'NONE', ( #2743, #3609, #3255, #2632 ) ) ;
#3045 = PLANE ( 'NONE',  #2840 ) ;
#3046 = CARTESIAN_POINT ( 'NONE',  ( 0.0000000000000000000, 6.599999999999999600, -31.82000000000000000 ) ) ;
#3047 = FACE_OUTER_BOUND ( 'NONE', #3192, .T. ) ;
#3048 = VERTEX_POINT ( 'NONE', #2125 ) ;
#3049 = DIRECTION ( 'NONE',  ( 1.000000000000000000, 0.0000000000000000000, 0.0000000000000000000 ) ) ;
#3050 = ADVANCED_FACE ( 'NONE', ( #1611 ), #2386, .F. ) ;
#3051 = DIRECTION ( 'NONE',  ( -0.2636502354449246600, -0.9646183459533805800, 0.0000000000000000000 ) ) ;
#3052 = CARTESIAN_POINT ( 'NONE',  ( 0.0000000000000000000, 6.599999999999999600, 31.82000000000000000 ) ) ;
#3053 = ORIENTED_EDGE ( 'NONE', *, *, #3742, .T. ) ;
#3054 = CYLINDRICAL_SURFACE ( 'NONE', #1164, 0.1999999999999987900 ) ;
#3055 = LINE ( 'NONE', #3832, #1781 ) ;
#3056 = VERTEX_POINT ( 'NONE', #2805 ) ;
#3057 = EDGE_CURVE ( 'NONE', #2958, #1851, #3142, .T. ) ;
#3058 = ORIENTED_EDGE ( 'NONE', *, *, #2049, .F. ) ;
#3059 = ORIENTED_EDGE ( 'NONE', *, *, #1124, .T. ) ;
#3060 = FACE_OUTER_BOUND ( 'NONE', #3401, .T. ) ;
#3061 = ORIENTED_EDGE ( 'NONE', *, *, #2783, .F. ) ;
#3062 = AXIS2_PLACEMENT_3D ( 'NONE', #916, #3, #1531 ) ;
#3063 = TOROIDAL_SURFACE ( 'NONE', #382, 4.050000000000000700, 0.2000000000000000100 ) ;
#3064 = CARTESIAN_POINT ( 'NONE',  ( 0.5000000000000000000, 7.159016994374948000, -31.82000000000000000 ) ) ;
#3065 = VECTOR ( 'NONE', #1850, 1000.000000000000100 ) ;
#3066 = VECTOR ( 'NONE', #2619, 1000.000000000000100 ) ;
#3067 = AXIS2_PLACEMENT_3D ( 'NONE', #2001, #2354, #424 ) ;
#3068 = CARTESIAN_POINT ( 'NONE',  ( 0.0000000000000000000, 6.599999999999999600, -24.69999999999999900 ) ) ;
#3069 = DIRECTION ( 'NONE',  ( 1.000000000000000000, 0.0000000000000000000, 0.0000000000000000000 ) ) ;
#3070 = LINE ( 'NONE', #1818, #2355 ) ;
#3071 = DIRECTION ( 'NONE',  ( -1.000000000000000000, -0.0000000000000000000, -0.0000000000000000000 ) ) ;
#3072 = ORIENTED_EDGE ( 'NONE', *, *, #1081, .F. ) ;
#3073 = ORIENTED_EDGE ( 'NONE', *, *, #2530, .F. ) ;
#3074 = CARTESIAN_POINT ( 'NONE',  ( 0.5000000000000000000, 5.347871253749470800, 33.30492625585083000 ) ) ;
#3075 = DIRECTION ( 'NONE',  ( 0.0000000000000000000, -0.0000000000000000000, -1.000000000000000000 ) ) ;
#3076 = CARTESIAN_POINT ( 'NONE',  ( 8.530284146270673800, 3.844972318509915200, -25.00000000000000000 ) ) ;
#3077 = CARTESIAN_POINT ( 'NONE',  ( -5.789573317131259800, 13.87480062250881300, -25.00000000000000000 ) ) ;
#3078 = DIRECTION ( 'NONE',  ( -0.0000000000000000000, -0.0000000000000000000, -1.000000000000000000 ) ) ;
#3079 = EDGE_CURVE ( 'NONE', #2200, #3625, #3000, .T. ) ;
#3080 = CARTESIAN_POINT ( 'NONE',  ( -7.684673645897961900, 11.95545359045973100, -25.00000000000000000 ) ) ;
#3081 = ORIENTED_EDGE ( 'NONE', *, *, #222, .F. ) ;
#3082 = CC_DESIGN_PERSON_AND_ORGANIZATION_ASSIGNMENT ( #3746, #3528, ( #2182 ) ) ;
#3083 = ORIENTED_EDGE ( 'NONE', *, *, #2252, .F. ) ;
#3084 = DATE_AND_TIME ( #1497, #1656 ) ;
#3085 = EDGE_LOOP ( 'NONE', ( #6, #3387, #3161, #1733 ) ) ;
#3086 = DIRECTION ( 'NONE',  ( 0.0000000000000000000, 0.0000000000000000000, 1.000000000000000000 ) ) ;
#3087 = PLANE ( 'NONE',  #581 ) ;
#3088 = CARTESIAN_POINT ( 'NONE',  ( 0.0000000000000000000, 6.599999999999999600, 24.69999999999999900 ) ) ;
#3089 = AXIS2_PLACEMENT_3D ( 'NONE', #3394, #3700, #1770 ) ;
#3090 = EDGE_CURVE ( 'NONE', #112, #3181, #3190, .T. ) ;
#3091 = CARTESIAN_POINT ( 'NONE',  ( 0.0000000000000000000, 6.599999999999999600, -31.82000000000000000 ) ) ;
#3092 = DIRECTION ( 'NONE',  ( 0.0000000000000000000, 0.0000000000000000000, 1.000000000000000000 ) ) ;
#3093 = DIRECTION ( 'NONE',  ( -0.2636502354449251100, 0.9646183459533804700, 0.0000000000000000000 ) ) ;
#3094 = DIRECTION ( 'NONE',  ( 0.0000000000000000000, 0.0000000000000000000, -1.000000000000000000 ) ) ;
#3095 = CYLINDRICAL_SURFACE ( 'NONE', #1230, 5.000000000000000900 ) ;
#3096 = VERTEX_POINT ( 'NONE', #827 ) ;
#3097 = AXIS2_PLACEMENT_3D ( 'NONE', #2598, #1290, #1678 ) ;
#3098 = CARTESIAN_POINT ( 'NONE',  ( -6.280036924807803600, 14.81737857374301200, -25.00000000000000000 ) ) ;
#3099 = VECTOR ( 'NONE', #2539, 1000.000000000000100 ) ;
#3100 = EDGE_LOOP ( 'NONE', ( #2841, #2267, #2160, #3820 ) ) ;
#3101 = CARTESIAN_POINT ( 'NONE',  ( -6.982355285352882700, 6.592120282318093800, -25.00000000000000000 ) ) ;
#3102 = VECTOR ( 'NONE', #2682, 1000.000000000000000 ) ;
#3103 = DIRECTION ( 'NONE',  ( 0.0000000000000000000, 0.0000000000000000000, 1.000000000000000000 ) ) ;
#3104 = DIRECTION ( 'NONE',  ( -0.0000000000000000000, -1.000000000000000000, -0.0000000000000000000 ) ) ;
#3105 = DIRECTION ( 'NONE',  ( 1.000000000000000000, 0.0000000000000000000, 0.0000000000000000000 ) ) ;
#3106 = ORIENTED_EDGE ( 'NONE', *, *, #1803, .T. ) ;
#3107 = LINE ( 'NONE', #580, #1465 ) ;
#3108 =( NAMED_UNIT ( * ) PLANE_ANGLE_UNIT ( ) SI_UNIT ( $, .RADIAN. ) );
#3109 = VERTEX_POINT ( 'NONE', #1219 ) ;
#3110 = CARTESIAN_POINT ( 'NONE',  ( 10.72000000000000400, 2.240000000000000200, 19.99999999999999600 ) ) ;
#3111 = ORIENTED_EDGE ( 'NONE', *, *, #265, .T. ) ;
#3112 = EDGE_LOOP ( 'NONE', ( #1573, #3920, #1054 ) ) ;
#3113 = VECTOR ( 'NONE', #3349, 1000.000000000000000 ) ;
#3114 = ORIENTED_EDGE ( 'NONE', *, *, #1692, .F. ) ;
#3115 = EDGE_CURVE ( 'NONE', #254, #308, #3753, .T. ) ;
#3116 = LINE ( 'NONE', #1530, #2403 ) ;
#3117 = LINE ( 'NONE', #796, #378 ) ;
#3118 = EDGE_CURVE ( 'NONE', #1265, #3272, #1349, .T. ) ;
#3119 = ORIENTED_EDGE ( 'NONE', *, *, #98, .T. ) ;
#3120 = CARTESIAN_POINT ( 'NONE',  ( -0.3799029234539799700, 7.412302065558554500, -31.90791125051582700 ) ) ;
#3121 = CARTESIAN_POINT ( 'NONE',  ( 7.684673645897958300, 11.95545359045973100, -25.00000000000000000 ) ) ;
#3122 = ORIENTED_EDGE ( 'NONE', *, *, #2904, .F. ) ;
#3123 = CARTESIAN_POINT ( 'NONE',  ( 6.982355285352881000, 6.592120282318093800, -25.00000000000000000 ) ) ;
#3124 = VERTEX_POINT ( 'NONE', #1503 ) ;
#3125 = EDGE_CURVE ( 'NONE', #1061, #755, #1146, .T. ) ;
#3126 = AXIS2_PLACEMENT_3D ( 'NONE', #148, #3402, #3049 ) ;
#3127 = DIRECTION ( 'NONE',  ( 0.0000000000000000000, 0.0000000000000000000, 1.000000000000000000 ) ) ;
#3128 = DIRECTION ( 'NONE',  ( 0.0000000000000000000, 0.0000000000000000000, 1.000000000000000000 ) ) ;
#3129 = CARTESIAN_POINT ( 'NONE',  ( 0.5000000000000000000, 7.246663566896333300, -32.02000000000000300 ) ) ;
#3130 = VERTEX_POINT ( 'NONE', #1884 ) ;
#3131 = DIRECTION ( 'NONE',  ( 1.000000000000000000, 0.0000000000000000000, -0.0000000000000000000 ) ) ;
#3132 = EDGE_LOOP ( 'NONE', ( #3511, #499, #3683, #223 ) ) ;
#3133 = EDGE_CURVE ( 'NONE', #2664, #3556, #3178, .T. ) ;
#3134 = COORDINATED_UNIVERSAL_TIME_OFFSET ( 5, 30, .AHEAD. ) ;
#3135 = ORIENTED_EDGE ( 'NONE', *, *, #4121, .F. ) ;
#3136 = PLANE ( 'NONE',  #823 ) ;
#3137 = AXIS2_PLACEMENT_3D ( 'NONE', #543, #2499, #3784 ) ;
#3138 = LINE ( 'NONE', #2977, #842 ) ;
#3139 = DIRECTION ( 'NONE',  ( -1.000000000000000000, -0.0000000000000000000, -0.0000000000000000000 ) ) ;
#3140 = CARTESIAN_POINT ( 'NONE',  ( 0.0000000000000000000, 6.599999999999999600, 24.50000000000000000 ) ) ;
#3141 = EDGE_CURVE ( 'NONE', #2117, #1485, #1453, .T. ) ;
#3142 = CIRCLE ( 'NONE', #4069, 4.250000000000000000 ) ;
#3143 = EDGE_LOOP ( 'NONE', ( #1748, #4029, #405, #610 ) ) ;
#3144 = CARTESIAN_POINT ( 'NONE',  ( 8.530284146270673800, 3.231394751068567700, -25.00000000000000000 ) ) ;
#3145 = DIRECTION ( 'NONE',  ( 1.000000000000000000, 0.0000000000000000000, 0.0000000000000000000 ) ) ;
#3146 = AXIS2_PLACEMENT_3D ( 'NONE', #2133, #1370, #4051 ) ;
#3147 = LINE ( 'NONE', #3861, #2178 ) ;
#3148 = ORIENTED_EDGE ( 'NONE', *, *, #2156, .F. ) ;
#3149 = DIRECTION ( 'NONE',  ( -0.0000000000000000000, 1.000000000000000000, -0.0000000000000000000 ) ) ;
#3150 = CARTESIAN_POINT ( 'NONE',  ( 0.4999999999999998900, 6.040983005625052200, 31.62000000000000100 ) ) ;
#3151 = VERTEX_POINT ( 'NONE', #1519 ) ;
#3152 = VECTOR ( 'NONE', #3687, 1000.000000000000000 ) ;
#3153 = FACE_OUTER_BOUND ( 'NONE', #3282, .T. ) ;
#3154 = VERTEX_POINT ( 'NONE', #1538 ) ;
#3155 = EDGE_CURVE ( 'NONE', #2788, #254, #349, .T. ) ;
#3156 = ORIENTED_EDGE ( 'NONE', *, *, #1348, .T. ) ;
#3157 = CARTESIAN_POINT ( 'NONE',  ( -0.3799029234540217100, 7.246663566896333300, 32.02000000000000300 ) ) ;
#3158 = ORIENTED_EDGE ( 'NONE', *, *, #10, .T. ) ;
#3159 = DIRECTION ( 'NONE',  ( 0.9231850650931188200, 0.3843557409341166200, -0.0000000000000000000 ) ) ;
#3160 = LINE ( 'NONE', #258, #2293 ) ;
#3161 = ORIENTED_EDGE ( 'NONE', *, *, #2771, .T. ) ;
#3162 = ORIENTED_EDGE ( 'NONE', *, *, #2986, .F. ) ;
#3163 = FACE_OUTER_BOUND ( 'NONE', #2397, .T. ) ;
#3164 = CARTESIAN_POINT ( 'NONE',  ( -14.48000000000000000, 0.0000000000000000000, -25.00000000000000000 ) ) ;
#3165 = APPROVAL_ROLE ( '' ) ;
#3166 = CYLINDRICAL_SURFACE ( 'NONE', #58, 0.6000000000000033100 ) ;
#3167 = CARTESIAN_POINT ( 'NONE',  ( -0.4274294338098229000, 5.983717533015084000, 31.82000000000000000 ) ) ;
#3168 = ORIENTED_EDGE ( 'NONE', *, *, #3414, .T. ) ;
#3169 = FACE_OUTER_BOUND ( 'NONE', #890, .T. ) ;
#3170 = VERTEX_POINT ( 'NONE', #4145 ) ;
#3171 = EDGE_LOOP ( 'NONE', ( #2155, #3847, #3206 ) ) ;
#3172 = AXIS2_PLACEMENT_3D ( 'NONE', #2212, #1510, #2157 ) ;
#3173 = EDGE_CURVE ( 'NONE', #3048, #1208, #3804, .T. ) ;
#3174 = EDGE_LOOP ( 'NONE', ( #4039, #4140, #457, #1366 ) ) ;
#3175 = DIRECTION ( 'NONE',  ( -0.8870923131613889200, -0.4615920579147524400, 0.0000000000000000000 ) ) ;
#3176 = CARTESIAN_POINT ( 'NONE',  ( 0.3799029234522414100, 7.412302065558554500, -31.90791125051582700 ) ) ;
#3177 = DIRECTION ( 'NONE',  ( 1.000000000000000000, 0.0000000000000000000, 0.0000000000000000000 ) ) ;
#3178 = B_SPLINE_CURVE_WITH_KNOTS ( 'NONE', 3,
 ( #1559, #3476, #2836, #544, #2164, #2849, #867, #3167 ),
 .UNSPECIFIED., .F., .F.,
 ( 4, 2, 2, 4 ),
 ( 0.0000000000000000000, 0.0002287243196606264500, 0.0004574486393212528900, 0.0009148972786425057900 ),
 .UNSPECIFIED. ) ;
#3179 = EDGE_CURVE ( 'NONE', #2064, #3260, #1423, .T. ) ;
#3180 = ORIENTED_EDGE ( 'NONE', *, *, #3636, .F. ) ;
#3181 = VERTEX_POINT ( 'NONE', #922 ) ;
#3182 = DIRECTION ( 'NONE',  ( -0.9713211673318444800, 0.2377712974543041700, -0.0000000000000000000 ) ) ;
#3183 = ORIENTED_EDGE ( 'NONE', *, *, #2521, .F. ) ;
#3184 = CARTESIAN_POINT ( 'NONE',  ( 4.450000000000000200, 6.599999999999999600, -24.69999999999999900 ) ) ;
#3185 = CARTESIAN_POINT ( 'NONE',  ( 8.841416062994845500, 7.931731481647181800, 25.00000000000000000 ) ) ;
#3186 = EDGE_CURVE ( 'NONE', #510, #491, #4057, .T. ) ;
#3187 = VECTOR ( 'NONE', #3708, 1000.000000000000000 ) ;
#3188 = ORIENTED_EDGE ( 'NONE', *, *, #1692, .T. ) ;
#3189 = EDGE_CURVE ( 'NONE', #3287, #2802, #1823, .T. ) ;
#3190 = CIRCLE ( 'NONE', #716, 4.250000000000000000 ) ;
#3191 = CARTESIAN_POINT ( 'NONE',  ( 0.0000000000000000000, 6.599999999999999600, -24.80000000000000400 ) ) ;
#3192 = EDGE_LOOP ( 'NONE', ( #2581, #1022, #3392, #367 ) ) ;
#3193 = CARTESIAN_POINT ( 'NONE',  ( 0.0000000000000000000, 6.599999999999999600, 31.62000000000000100 ) ) ;
#3194 = AXIS2_PLACEMENT_3D ( 'NONE', #3046, #1414, #1387 ) ;
#3195 = ADVANCED_FACE ( 'NONE', ( #3654 ), #4011, .T. ) ;
#3196 = FACE_OUTER_BOUND ( 'NONE', #3812, .T. ) ;
#3197 = LINE ( 'NONE', #2318, #3503 ) ;
#3198 = PLANE ( 'NONE',  #1930 ) ;
#3199 = DIRECTION ( 'NONE',  ( 0.0000000000000000000, 0.0000000000000000000, 1.000000000000000000 ) ) ;
#3200 = EDGE_CURVE ( 'NONE', #3307, #3154, #1048, .T. ) ;
#3201 = ORIENTED_EDGE ( 'NONE', *, *, #3248, .T. ) ;
#3202 = FACE_OUTER_BOUND ( 'NONE', #3143, .T. ) ;
#3203 = DIRECTION ( 'NONE',  ( -0.0000000000000000000, -0.0000000000000000000, -1.000000000000000000 ) ) ;
#3204 = ORIENTED_EDGE ( 'NONE', *, *, #1863, .F. ) ;
#3205 = CARTESIAN_POINT ( 'NONE',  ( 0.5000000000000000000, 5.115190549955709500, 35.32000000000000700 ) ) ;
#3206 = ORIENTED_EDGE ( 'NONE', *, *, #3849, .F. ) ;
#3207 = VERTEX_POINT ( 'NONE', #1292 ) ;
#3208 = CIRCLE ( 'NONE', #1552, 0.1999999999999987900 ) ;
#3209 = CIRCLE ( 'NONE', #1145, 0.1999999999999987900 ) ;
#3210 = DIRECTION ( 'NONE',  ( 0.0000000000000000000, 0.0000000000000000000, 1.000000000000000000 ) ) ;
#3211 = VECTOR ( 'NONE', #949, 1000.000000000000100 ) ;
#3212 = EDGE_CURVE ( 'NONE', #4074, #801, #2701, .T. ) ;
#3213 = ORIENTED_EDGE ( 'NONE', *, *, #3630, .T. ) ;
#3214 = CARTESIAN_POINT ( 'NONE',  ( 0.3799029234540221600, 7.412302065558554500, -31.90791125051582700 ) ) ;
#3215 = LINE ( 'NONE', #3844, #2357 ) ;
#3216 = DIRECTION ( 'NONE',  ( -0.9265705155271527500, 0.3761210971957650300, -0.0000000000000000000 ) ) ;
#3217 = CARTESIAN_POINT ( 'NONE',  ( 0.4637147169049114500, 5.983717533015084000, 31.82000000000000000 ) ) ;
#3218 = CC_DESIGN_APPROVAL ( #2797, ( #1696 ) ) ;
#3219 = CARTESIAN_POINT ( 'NONE',  ( -5.000000000000000900, 6.599999999999999600, -24.80000000000000400 ) ) ;
#3220 = CARTESIAN_POINT ( 'NONE',  ( -4.050000000000000700, 6.599999999999999600, -24.80000000000000400 ) ) ;
#3221 = ADVANCED_FACE ( 'NONE', ( #3449, #2595 ), #48, .T. ) ;
#3222 = CARTESIAN_POINT ( 'NONE',  ( 10.72000000000000400, 2.240000000000000200, 19.99999999999999600 ) ) ;
#3223 = ORIENTED_EDGE ( 'NONE', *, *, #2007, .T. ) ;
#3224 = EDGE_CURVE ( 'NONE', #2319, #3460, #945, .T. ) ;
#3225 = DIRECTION ( 'NONE',  ( 2.292169668891143100E-016, 0.0000000000000000000, 1.000000000000000000 ) ) ;
#3226 = AXIS2_PLACEMENT_3D ( 'NONE', #2050, #129, #114 ) ;
#3227 = CARTESIAN_POINT ( 'NONE',  ( 0.0000000000000000000, 6.599999999999999600, 24.69999999999999900 ) ) ;
#3228 = DIRECTION ( 'NONE',  ( 0.0000000000000000000, 0.0000000000000000000, 1.000000000000000000 ) ) ;
#3229 = CARTESIAN_POINT ( 'NONE',  ( -5.200000000000001100, 6.599999999999999600, 24.80000000000000400 ) ) ;
#3230 = ORIENTED_EDGE ( 'NONE', *, *, #3901, .T. ) ;
#3231 = CARTESIAN_POINT ( 'NONE',  ( 0.4999999999999998900, 7.159016994374949800, -31.65625967817741000 ) ) ;
#3232 = DIRECTION ( 'NONE',  ( 1.000000000000000000, 0.0000000000000000000, 0.0000000000000000000 ) ) ;
#3233 = ORIENTED_EDGE ( 'NONE', *, *, #3570, .T. ) ;
#3234 = DIRECTION ( 'NONE',  ( 0.0000000000000000000, 0.0000000000000000000, 1.000000000000000000 ) ) ;
#3235 = CALENDAR_DATE ( 2018, 16, 6 ) ;
#3236 = EDGE_LOOP ( 'NONE', ( #2724, #4045, #1168, #593 ) ) ;
#3237 = PRODUCT ( 'RH0501R650FC02 RESISTOR', 'RH0501R650FC02 RESISTOR', '', ( #1826 ) ) ;
#3238 = DIRECTION ( 'NONE',  ( -1.000000000000000000, -0.0000000000000000000, -0.0000000000000000000 ) ) ;
#3239 = CARTESIAN_POINT ( 'NONE',  ( -10.72000000000000200, 0.0000000000000000000, -19.67000000000000200 ) ) ;
#3240 = FACE_OUTER_BOUND ( 'NONE', #3269, .T. ) ;
#3241 = ADVANCED_FACE ( 'NONE', ( #2174 ), #1605, .T. ) ;
#3242 = PLANE ( 'NONE',  #45 ) ;
#3243 = EDGE_CURVE ( 'NONE', #658, #696, #241, .T. ) ;
#3244 = VECTOR ( 'NONE', #4089, 1000.000000000000100 ) ;
#3245 = ORIENTED_EDGE ( 'NONE', *, *, #496, .T. ) ;
#3246 = CARTESIAN_POINT ( 'NONE',  ( 0.5000000000000000000, 6.040983005625052200, 31.82000000000000000 ) ) ;
#3247 = DIRECTION ( 'NONE',  ( 1.000000000000000000, 0.0000000000000000000, -0.0000000000000000000 ) ) ;
#3248 = EDGE_CURVE ( 'NONE', #1997, #3703, #1720, .T. ) ;
#3249 = LINE ( 'NONE', #2299, #3351 ) ;
#3250 = ORIENTED_EDGE ( 'NONE', *, *, #3524, .F. ) ;
#3251 = ORIENTED_EDGE ( 'NONE', *, *, #85, .F. ) ;
#3252 = CIRCLE ( 'NONE', #650, 0.1999999999999987900 ) ;
#3253 = FACE_OUTER_BOUND ( 'NONE', #810, .T. ) ;
#3254 = CARTESIAN_POINT ( 'NONE',  ( -0.3639449280984387600, 5.939687160928288600, -31.82000000000000000 ) ) ;
#3255 = ORIENTED_EDGE ( 'NONE', *, *, #1205, .F. ) ;
#3256 = ORIENTED_EDGE ( 'NONE', *, *, #2127, .F. ) ;
#3257 = PLANE ( 'NONE',  #3097 ) ;
#3258 = FACE_BOUND ( 'NONE', #3761, .T. ) ;
#3259 = CARTESIAN_POINT ( 'NONE',  ( 6.982355285352881000, 5.644551875750796200, -25.00000000000000000 ) ) ;
#3260 = VERTEX_POINT ( 'NONE', #944 ) ;
#3261 = EDGE_CURVE ( 'NONE', #3292, #2664, #2276, .T. ) ;
#3262 = ORIENTED_EDGE ( 'NONE', *, *, #3829, .T. ) ;
#3263 = CIRCLE ( 'NONE', #142, 5.000000000000000900 ) ;
#3264 = VECTOR ( 'NONE', #1731, 1000.000000000000000 ) ;
#3265 = DIRECTION ( 'NONE',  ( 0.0000000000000000000, 0.0000000000000000000, -1.000000000000000000 ) ) ;
#3266 = ORIENTED_EDGE ( 'NONE', *, *, #3305, .T. ) ;
#3267 = ADVANCED_FACE ( 'NONE', ( #845 ), #3542, .F. ) ;
#3268 = VECTOR ( 'NONE', #2776, 1000.000000000000000 ) ;
#3269 = EDGE_LOOP ( 'NONE', ( #644, #3967, #4046, #3766 ) ) ;
#3270 = CARTESIAN_POINT ( 'NONE',  ( 6.911958682988795600, 0.0000000000000000000, 15.00000000000000000 ) ) ;
#3271 = EDGE_CURVE ( 'NONE', #3703, #505, #1345, .T. ) ;
#3272 = VERTEX_POINT ( 'NONE', #1590 ) ;
#3273 = CARTESIAN_POINT ( 'NONE',  ( -0.3799029234526975500, 7.246663566897110400, 31.82000000000000000 ) ) ;
#3274 = DIRECTION ( 'NONE',  ( 0.8870923131613893700, -0.4615920579147516600, 0.0000000000000000000 ) ) ;
#3275 = CC_DESIGN_PERSON_AND_ORGANIZATION_ASSIGNMENT ( #1550, #4144, ( #2182 ) ) ;
#3276 = ORIENTED_EDGE ( 'NONE', *, *, #3580, .F. ) ;
#3277 = DIRECTION ( 'NONE',  ( 0.0000000000000000000, 0.0000000000000000000, -1.000000000000000000 ) ) ;
#3278 = CARTESIAN_POINT ( 'NONE',  ( 8.530284146270673800, 3.231394751068567700, 25.00000000000000000 ) ) ;
#3279 = ADVANCED_FACE ( 'NONE', ( #1450 ), #1926, .T. ) ;
#3280 = ORIENTED_EDGE ( 'NONE', *, *, #2426, .T. ) ;
#3281 = AXIS2_PLACEMENT_3D ( 'NONE', #3088, #1473, #3105 ) ;
#3282 = EDGE_LOOP ( 'NONE', ( #333, #2769, #359, #181 ) ) ;
#3283 = ADVANCED_FACE ( 'NONE', ( #3240 ), #1708, .T. ) ;
#3284 = PLANE ( 'NONE',  #3807 ) ;
#3285 = DIRECTION ( 'NONE',  ( 1.000000000000000000, 0.0000000000000000000, -0.0000000000000000000 ) ) ;
#3286 = LOCAL_TIME ( 9, 54, 53.00000000000000000, #3894 ) ;
#3287 = VERTEX_POINT ( 'NONE', #2013 ) ;
#3288 = CARTESIAN_POINT ( 'NONE',  ( -7.342426627394416100, 4.327157177433245600, -25.00000000000000000 ) ) ;
#3289 = CIRCLE ( 'NONE', #102, 4.800000000000001600 ) ;
#3290 = CARTESIAN_POINT ( 'NONE',  ( -0.4999999999999998900, 6.099392205065106200, -31.74768527678305900 ) ) ;
#3291 = FACE_OUTER_BOUND ( 'NONE', #1441, .T. ) ;
#3292 = VERTEX_POINT ( 'NONE', #731 ) ;
#3293 = EDGE_CURVE ( 'NONE', #1834, #9, #498, .T. ) ;
#3294 = CARTESIAN_POINT ( 'NONE',  ( -0.07512101612482233200, 5.849925233505638600, -31.87134055428475700 ) ) ;
#3295 = CC_DESIGN_PERSON_AND_ORGANIZATION_ASSIGNMENT ( #4000, #273, ( #1696 ) ) ;
#3296 = LINE ( 'NONE', #738, #695 ) ;
#3297 = VERTEX_POINT ( 'NONE', #1664 ) ;
#3298 = DIRECTION ( 'NONE',  ( -0.0000000000000000000, -0.0000000000000000000, -1.000000000000000000 ) ) ;
#3299 = CARTESIAN_POINT ( 'NONE',  ( -6.982355285352882700, 5.644551875750796200, -25.00000000000000000 ) ) ;
#3300 = FACE_OUTER_BOUND ( 'NONE', #22, .T. ) ;
#3301 = VERTEX_POINT ( 'NONE', #1373 ) ;
#3302 = FACE_OUTER_BOUND ( 'NONE', #875, .T. ) ;
#3303 = DIRECTION ( 'NONE',  ( 0.0000000000000000000, -0.0000000000000000000, 1.000000000000000000 ) ) ;
#3304 = B_SPLINE_CURVE_WITH_KNOTS ( 'NONE', 3,
 ( #4013, #4065, #1452, #1125, #1796, #2065, #3707, #156 ),
 .UNSPECIFIED., .F., .F.,
 ( 4, 2, 2, 4 ),
 ( 0.0000000000000000000, 0.0002126887981858453700, 0.0003190331972787724000, 0.0004253775963716994200 ),
 .UNSPECIFIED. ) ;
#3305 = EDGE_CURVE ( 'NONE', #414, #4083, #691, .T. ) ;
#3306 = ORIENTED_EDGE ( 'NONE', *, *, #442, .F. ) ;
#3307 = VERTEX_POINT ( 'NONE', #1980 ) ;
#3308 = ADVANCED_FACE ( 'NONE', ( #3291, #2798 ), #2367, .T. ) ;
#3309 = LINE ( 'NONE', #1487, #2712 ) ;
#3310 = EDGE_LOOP ( 'NONE', ( #430, #3333, #3119, #4012, #1602, #1894, #2106, #780, #1391, #574, #3983 ) ) ;
#3311 = AXIS2_PLACEMENT_3D ( 'NONE', #394, #1030, #1139 ) ;
#3312 = ORIENTED_EDGE ( 'NONE', *, *, #1828, .F. ) ;
#3313 = CARTESIAN_POINT ( 'NONE',  ( 14.48000000000000600, 0.0000000000000000000, 14.99999999999999800 ) ) ;
#3314 = ORIENTED_EDGE ( 'NONE', *, *, #3602, .T. ) ;
#3315 = VECTOR ( 'NONE', #1260, 1000.000000000000000 ) ;
#3316 = CIRCLE ( 'NONE', #1507, 0.5500000000000000400 ) ;
#3317 = CARTESIAN_POINT ( 'NONE',  ( 0.5000000000000000000, 5.115190549955709500, 35.32000000000000700 ) ) ;
#3318 = CARTESIAN_POINT ( 'NONE',  ( 0.5000000000000000000, 7.246663566896333300, 31.82000000000000000 ) ) ;
#3319 = EDGE_CURVE ( 'NONE', #2554, #696, #2644, .T. ) ;
#3320 = CIRCLE ( 'NONE', #311, 4.250000000000000000 ) ;
#3321 = TOROIDAL_SURFACE ( 'NONE', #118, 4.800000000000001600, 0.2000000000000000100 ) ;
#3322 = DIRECTION ( 'NONE',  ( 0.0000000000000000000, 0.0000000000000000000, 1.000000000000000000 ) ) ;
#3323 = DIRECTION ( 'NONE',  ( -0.0000000000000000000, 1.000000000000000000, -0.0000000000000000000 ) ) ;
#3324 = DIRECTION ( 'NONE',  ( -1.000000000000000000, 0.0000000000000000000, -0.0000000000000000000 ) ) ;
#3325 = CARTESIAN_POINT ( 'NONE',  ( 0.0000000000000000000, 6.599999999999999600, 31.82000000000000000 ) ) ;
#3326 = EDGE_CURVE ( 'NONE', #2812, #1868, #1922, .T. ) ;
#3327 = PLANE ( 'NONE',  #828 ) ;
#3328 = ADVANCED_FACE ( 'NONE', ( #2535 ), #2314, .T. ) ;
#3329 = DIRECTION ( 'NONE',  ( -1.000000000000000000, 0.0000000000000000000, 0.0000000000000000000 ) ) ;
#3330 = CARTESIAN_POINT ( 'NONE',  ( -6.000000000000001800, 15.49000000000000000, -25.00000000000000000 ) ) ;
#3331 = EDGE_CURVE ( 'NONE', #3170, #4116, #2223, .T. ) ;
#3332 = DIRECTION ( 'NONE',  ( -1.000000000000000000, 0.0000000000000000000, -0.0000000000000000000 ) ) ;
#3333 = ORIENTED_EDGE ( 'NONE', *, *, #2345, .T. ) ;
#3334 = DIRECTION ( 'NONE',  ( 0.0000000000000000000, 0.0000000000000000000, -1.000000000000000000 ) ) ;
#3335 = DIRECTION ( 'NONE',  ( 0.0000000000000000000, 0.0000000000000000000, 1.000000000000000000 ) ) ;
#3336 = EDGE_LOOP ( 'NONE', ( #1203, #2473, #2402, #4122 ) ) ;
#3337 = LOCAL_TIME ( 9, 54, 53.00000000000000000, #1445 ) ;
#3338 = EDGE_LOOP ( 'NONE', ( #3912, #1809, #1307, #2789 ) ) ;
#3339 = CARTESIAN_POINT ( 'NONE',  ( -0.5000000000000000000, 7.159016994374948000, -31.82000000000000000 ) ) ;
#3340 = EDGE_CURVE ( 'NONE', #3659, #1190, #3344, .T. ) ;
#3341 = AXIS2_PLACEMENT_3D ( 'NONE', #3815, #1811, #4088 ) ;
#3342 = CARTESIAN_POINT ( 'NONE',  ( 0.0000000000000000000, 6.599999999999999600, -24.50000000000000000 ) ) ;
#3343 = DIRECTION ( 'NONE',  ( -0.0000000000000000000, 1.000000000000000000, -0.0000000000000000000 ) ) ;
#3344 = CIRCLE ( 'NONE', #788, 0.1999999999999987900 ) ;
#3345 = DIRECTION ( 'NONE',  ( -0.0000000000000000000, 1.000000000000000000, 0.0000000000000000000 ) ) ;
#3346 = CARTESIAN_POINT ( 'NONE',  ( 0.0000000000000000000, 6.599999999999999600, -24.50000000000000000 ) ) ;
#3347 = DIRECTION ( 'NONE',  ( 0.0000000000000000000, 0.0000000000000000000, 1.000000000000000000 ) ) ;
#3348 = EDGE_LOOP ( 'NONE', ( #3180, #1150, #340, #2250 ) ) ;
#3349 = DIRECTION ( 'NONE',  ( -0.0000000000000000000, -0.0000000000000000000, 1.000000000000000000 ) ) ;
#3350 = EDGE_CURVE ( 'NONE', #1336, #295, #2592, .T. ) ;
#3351 = VECTOR ( 'NONE', #4003, 1000.000000000000000 ) ;
#3352 = ORIENTED_EDGE ( 'NONE', *, *, #1506, .F. ) ;
#3353 = AXIS2_PLACEMENT_3D ( 'NONE', #2124, #187, #805 ) ;
#3354 = EDGE_LOOP ( 'NONE', ( #897, #4174, #886, #2018 ) ) ;
#3356 = PLANE ( 'NONE',  #1279 ) ;
#3355 = VECTOR ( 'NONE', #3752, 1000.000000000000000 ) ;
#3357 = DIRECTION ( 'NONE',  ( -0.0000000000000000000, -1.000000000000000000, -0.0000000000000000000 ) ) ;
#3358 = ORIENTED_EDGE ( 'NONE', *, *, #2874, .T. ) ;
#3359 = ORIENTED_EDGE ( 'NONE', *, *, #298, .F. ) ;
#3360 = EDGE_LOOP ( 'NONE', ( #685, #2289, #2340, #3690 ) ) ;
#3361 = LINE ( 'NONE', #3843, #168 ) ;
#3362 = PRODUCT_DEFINITION_SHAPE ( 'NONE', 'NONE',  #2577 ) ;
#3363 = AXIS2_PLACEMENT_3D ( 'NONE', #1043, #726, #678 ) ;
#3364 = DIRECTION ( 'NONE',  ( -0.9265705155271530800, -0.3761210971957645900, 0.0000000000000000000 ) ) ;
#3365 = DIRECTION ( 'NONE',  ( -1.000000000000000000, 0.0000000000000000000, 0.0000000000000000000 ) ) ;
#3366 = ORIENTED_EDGE ( 'NONE', *, *, #3543, .F. ) ;
#3367 = DIRECTION ( 'NONE',  ( 1.000000000000000000, 0.0000000000000000000, 0.0000000000000000000 ) ) ;
#3368 = EDGE_CURVE ( 'NONE', #3124, #3769, #1242, .T. ) ;
#3369 = FACE_OUTER_BOUND ( 'NONE', #3682, .T. ) ;
#3370 = CIRCLE ( 'NONE', #3014, 1.590000000000008100 ) ;
#3371 = VECTOR ( 'NONE', #3086, 1000.000000000000000 ) ;
#3372 = ADVANCED_FACE ( 'NONE', ( #896 ), #3095, .F. ) ;
#3373 = ORIENTED_EDGE ( 'NONE', *, *, #3293, .F. ) ;
#3374 = CARTESIAN_POINT ( 'NONE',  ( 0.5000000000000000000, 5.880381099911422100, -31.82000000000000000 ) ) ;
#3375 = CARTESIAN_POINT ( 'NONE',  ( 0.0000000000000000000, 6.599999999999999600, -31.61999999999999400 ) ) ;
#3376 = EDGE_CURVE ( 'NONE', #2216, #1210, #3138, .T. ) ;
#3377 = VERTEX_POINT ( 'NONE', #2997 ) ;
#3378 = CARTESIAN_POINT ( 'NONE',  ( -10.72000000000000200, 2.240000000000000200, -18.07999999999999500 ) ) ;
#3379 = CARTESIAN_POINT ( 'NONE',  ( -6.911958682988797300, 2.389310821482963000, -25.00000000000000000 ) ) ;
#3380 = CARTESIAN_POINT ( 'NONE',  ( 0.1175323581485602800, 7.387899867423040100, -31.87110045953311400 ) ) ;
#3381 = CARTESIAN_POINT ( 'NONE',  ( -0.4999999999999998900, 7.100511946954448200, -31.74770466653853500 ) ) ;
#3382 = CARTESIAN_POINT ( 'NONE',  ( 6.982355285352881000, 7.157736418631229100, 25.00000000000000000 ) ) ;
#3383 = ORIENTED_EDGE ( 'NONE', *, *, #3173, .T. ) ;
#3384 = B_SPLINE_CURVE_WITH_KNOTS ( 'NONE', 3,
 ( #3669, #720, #166, #153, #1132, #497, #1165, #2107 ),
 .UNSPECIFIED., .F., .F.,
 ( 4, 2, 2, 4 ),
 ( 0.0000000000000000000, 0.0001070249730565082600, 0.0002140499461130165300, 0.0004280998922260243300 ),
 .UNSPECIFIED. ) ;
#3385 = DIRECTION ( 'NONE',  ( -0.0000000000000000000, -0.0000000000000000000, -1.000000000000000000 ) ) ;
#3386 = AXIS2_PLACEMENT_3D ( 'NONE', #267, #3806, #2519 ) ;
#3387 = ORIENTED_EDGE ( 'NONE', *, *, #140, .F. ) ;
#3388 = EDGE_CURVE ( 'NONE', #2958, #9, #2749, .T. ) ;
#3389 = ORIENTED_EDGE ( 'NONE', *, *, #3546, .T. ) ;
#3390 = CARTESIAN_POINT ( 'NONE',  ( 0.5000000000000000000, 7.882509846161931400, -33.30492625585084500 ) ) ;
#3391 = CARTESIAN_POINT ( 'NONE',  ( 10.72000000000000400, 0.0000000000000000000, 19.99999999999999600 ) ) ;
#3392 = ORIENTED_EDGE ( 'NONE', *, *, #2391, .T. ) ;
#3393 = LINE ( 'NONE', #1797, #448 ) ;
#3394 = CARTESIAN_POINT ( 'NONE',  ( 0.5000000000000000000, 7.882509846161931400, 33.30492625585084500 ) ) ;
#3395 = CARTESIAN_POINT ( 'NONE',  ( -5.000000000000000900, 6.600000000000000500, 24.69999999999999900 ) ) ;
#3396 = AXIS2_PLACEMENT_3D ( 'NONE', #2835, #866, #3145 ) ;
#3397 = VECTOR ( 'NONE', #145, 1000.000000000000000 ) ;
#3398 = ORIENTED_EDGE ( 'NONE', *, *, #3677, .T. ) ;
#3399 = DIRECTION ( 'NONE',  ( -0.0000000000000000000, 1.000000000000000000, -0.0000000000000000000 ) ) ;
#3400 = LINE ( 'NONE', #655, #1829 ) ;
#3401 = EDGE_LOOP ( 'NONE', ( #2973, #3709, #2628, #2347 ) ) ;
#3402 = DIRECTION ( 'NONE',  ( 0.0000000000000000000, 0.0000000000000000000, 1.000000000000000000 ) ) ;
#3403 = CARTESIAN_POINT ( 'NONE',  ( -8.530284146270677300, 3.231394751068567700, -25.00000000000000000 ) ) ;
#3404 = CARTESIAN_POINT ( 'NONE',  ( 0.0000000000000000000, 6.599999999999999600, 31.82000000000000000 ) ) ;
#3405 = LINE ( 'NONE', #108, #2544 ) ;
#3406 = CIRCLE ( 'NONE', #1861, 1.590000000000001200 ) ;
#3407 = EDGE_CURVE ( 'NONE', #3434, #491, #1608, .T. ) ;
#3408 = ORIENTED_EDGE ( 'NONE', *, *, #2215, .T. ) ;
#3409 = DIRECTION ( 'NONE',  ( 0.0000000000000000000, -0.0000000000000000000, 1.000000000000000000 ) ) ;
#3410 = ORIENTED_EDGE ( 'NONE', *, *, #931, .T. ) ;
#3411 = FACE_OUTER_BOUND ( 'NONE', #1011, .T. ) ;
#3412 = ORIENTED_EDGE ( 'NONE', *, *, #1700, .F. ) ;
#3413 = ORIENTED_EDGE ( 'NONE', *, *, #1159, .F. ) ;
#3414 = EDGE_CURVE ( 'NONE', #3560, #3571, #4106, .T. ) ;
#3415 = ORIENTED_EDGE ( 'NONE', *, *, #1392, .F. ) ;
#3416 = CARTESIAN_POINT ( 'NONE',  ( 0.5000000000000000000, 6.054802132510560300, -31.69145087553212300 ) ) ;
#3417 = DIRECTION ( 'NONE',  ( -0.1956416779894807900, 0.9806754477570346400, -0.0000000000000000000 ) ) ;
#3418 = CIRCLE ( 'NONE', #1172, 4.050000000000000700 ) ;
#3419 = LINE ( 'NONE', #3541, #1999 ) ;
#3420 = AXIS2_PLACEMENT_3D ( 'NONE', #3681, #149, #2416 ) ;
#3421 = DIRECTION ( 'NONE',  ( -0.0000000000000000000, -0.0000000000000000000, 1.000000000000000000 ) ) ;
#3422 = CARTESIAN_POINT ( 'NONE',  ( -4.250000000000000000, 6.600000000000000500, 24.69999999999999900 ) ) ;
#3423 = CIRCLE ( 'NONE', #251, 4.450000000000000200 ) ;
#3424 = DIRECTION ( 'NONE',  ( 0.0000000000000000000, 0.0000000000000000000, 1.000000000000000000 ) ) ;
#3425 = ORIENTED_EDGE ( 'NONE', *, *, #3485, .T. ) ;
#3426 = EDGE_CURVE ( 'NONE', #1788, #1418, #2381, .T. ) ;
#3427 = DIRECTION ( 'NONE',  ( 0.0000000000000000000, 0.0000000000000000000, 1.000000000000000000 ) ) ;
#3428 = CARTESIAN_POINT ( 'NONE',  ( -0.4999999999999998900, 6.040983005625052200, 31.62000000000000100 ) ) ;
#3429 = DIRECTION ( 'NONE',  ( -1.000000000000000000, 0.0000000000000000000, 0.0000000000000000000 ) ) ;
#3430 = PLANE ( 'NONE',  #2561 ) ;
#3431 =( NAMED_UNIT ( * ) SI_UNIT ( $, .STERADIAN. ) SOLID_ANGLE_UNIT ( ) );
#3432 = EDGE_CURVE ( 'NONE', #1657, #2760, #2485, .T. ) ;
#3433 = DIRECTION ( 'NONE',  ( -0.0000000000000000000, -0.0000000000000000000, 1.000000000000000000 ) ) ;
#3434 = VERTEX_POINT ( 'NONE', #2055 ) ;
#3435 = CC_DESIGN_SECURITY_CLASSIFICATION ( #1696, ( #2182 ) ) ;
#3436 = ORIENTED_EDGE ( 'NONE', *, *, #3961, .T. ) ;
#3437 = CARTESIAN_POINT ( 'NONE',  ( 0.5000000000000000000, 6.615190549955709500, 34.02000000000000300 ) ) ;
#3438 = ORIENTED_EDGE ( 'NONE', *, *, #192, .F. ) ;
#3439 = ORIENTED_EDGE ( 'NONE', *, *, #481, .F. ) ;
#3440 = DIRECTION ( 'NONE',  ( 0.0000000000000000000, 0.0000000000000000000, 1.000000000000000000 ) ) ;
#3441 = DIRECTION ( 'NONE',  ( 0.0000000000000000000, 0.0000000000000000000, -1.000000000000000000 ) ) ;
#3442 = DIRECTION ( 'NONE',  ( -0.0000000000000000000, -0.0000000000000000000, -1.000000000000000000 ) ) ;
#3443 = AXIS2_PLACEMENT_3D ( 'NONE', #1948, #21, #1286 ) ;
#3444 = EDGE_CURVE ( 'NONE', #3946, #2553, #1716, .T. ) ;
#3445 = DIRECTION ( 'NONE',  ( 0.0000000000000000000, 0.0000000000000000000, 1.000000000000000000 ) ) ;
#3446 = CARTESIAN_POINT ( 'NONE',  ( 8.691243068228063300, 6.541951982200360200, -25.00000000000000000 ) ) ;
#3447 = VECTOR ( 'NONE', #3417, 1000.000000000000100 ) ;
#3448 = CARTESIAN_POINT ( 'NONE',  ( -6.911958682988797300, 2.240000000000000200, -15.00000000000000000 ) ) ;
#3449 = FACE_BOUND ( 'NONE', #662, .T. ) ;
#3450 = VERTEX_POINT ( 'NONE', #3076 ) ;
#3451 = DIRECTION ( 'NONE',  ( 0.0000000000000000000, 1.000000000000000000, 0.0000000000000000000 ) ) ;
#3452 = EDGE_CURVE ( 'NONE', #1758, #730, #105, .T. ) ;
#3453 = FACE_OUTER_BOUND ( 'NONE', #3036, .T. ) ;
#3454 = DIRECTION ( 'NONE',  ( -0.0000000000000000000, -0.0000000000000000000, -1.000000000000000000 ) ) ;
#3455 = DIRECTION ( 'NONE',  ( -0.0000000000000000000, 1.000000000000000000, -0.0000000000000000000 ) ) ;
#3456 = ORIENTED_EDGE ( 'NONE', *, *, #401, .F. ) ;
#3457 = CIRCLE ( 'NONE', #3281, 5.000000000000000900 ) ;
#3458 = CARTESIAN_POINT ( 'NONE',  ( 6.120313219301209500, 12.66472100003637800, -25.00000000000000000 ) ) ;
#3459 = ORIENTED_EDGE ( 'NONE', *, *, #1885, .T. ) ;
#3460 = VERTEX_POINT ( 'NONE', #1085 ) ;
#3461 = FACE_OUTER_BOUND ( 'NONE', #745, .T. ) ;
#3462 = CARTESIAN_POINT ( 'NONE',  ( -6.982355285352882700, 5.644551875750796200, -25.00000000000000000 ) ) ;
#3463 = EDGE_CURVE ( 'NONE', #4116, #3769, #3852, .T. ) ;
#3464 = VECTOR ( 'NONE', #3027, 1000.000000000000000 ) ;
#3465 = VECTOR ( 'NONE', #2328, 1000.000000000000000 ) ;
#3466 = EDGE_CURVE ( 'NONE', #1877, #4048, #591, .T. ) ;
#3467 = CARTESIAN_POINT ( 'NONE',  ( 8.219152229546502000, 9.426348619902890700, 25.00000000000000000 ) ) ;
#3468 = ORIENTED_EDGE ( 'NONE', *, *, #1994, .T. ) ;
#3469 = CARTESIAN_POINT ( 'NONE',  ( 0.4274294338098229000, 5.983717533015084000, -31.82000000000000000 ) ) ;
#3470 = LINE ( 'NONE', #3997, #2773 ) ;
#3471 = CARTESIAN_POINT ( 'NONE',  ( -8.691243068228066800, 6.541951982200360200, -25.00000000000000000 ) ) ;
#3472 = ORIENTED_EDGE ( 'NONE', *, *, #3186, .F. ) ;
#3473 = DIRECTION ( 'NONE',  ( 0.0000000000000000000, 0.0000000000000000000, 1.000000000000000000 ) ) ;
#3474 = DIRECTION ( 'NONE',  ( 0.0000000000000000000, 0.0000000000000000000, 1.000000000000000000 ) ) ;
#3475 = DIRECTION ( 'NONE',  ( 0.02934463913301627700, 0.9995693533488074800, -0.0000000000000000000 ) ) ;
#3476 = CARTESIAN_POINT ( 'NONE',  ( 0.3639449280984387600, 5.939687160928288600, 31.82000000000000000 ) ) ;
#3477 = ORIENTED_EDGE ( 'NONE', *, *, #1134, .F. ) ;
#3478 = EDGE_CURVE ( 'NONE', #2219, #2044, #741, .T. ) ;
#3479 = CARTESIAN_POINT ( 'NONE',  ( 0.5000000000000000000, 5.983717533015084000, -32.02000000000000300 ) ) ;
#3480 = EDGE_LOOP ( 'NONE', ( #1350, #1040, #3001, #1548 ) ) ;
#3481 = DIRECTION ( 'NONE',  ( 0.0000000000000000000, 0.0000000000000000000, -1.000000000000000000 ) ) ;
#3482 = CARTESIAN_POINT ( 'NONE',  ( 0.2804976856092910000, 7.305062431056284400, -31.82000000000000000 ) ) ;
#3483 = DIRECTION ( 'NONE',  ( -0.0000000000000000000, -0.0000000000000000000, 1.000000000000000000 ) ) ;
#3484 = ORIENTED_EDGE ( 'NONE', *, *, #4165, .T. ) ;
#3485 = EDGE_CURVE ( 'NONE', #4148, #861, #1504, .T. ) ;
#3486 = EDGE_LOOP ( 'NONE', ( #856, #3645, #2175, #2205 ) ) ;
#3487 = AXIS2_PLACEMENT_3D ( 'NONE', #2570, #283, #239 ) ;
#3488 = DIRECTION ( 'NONE',  ( 0.0000000000000000000, -0.0000000000000000000, -1.000000000000000000 ) ) ;
#3489 = ORIENTED_EDGE ( 'NONE', *, *, #2345, .F. ) ;
#3490 = LINE ( 'NONE', #589, #237 ) ;
#3491 = DIRECTION ( 'NONE',  ( -1.000000000000000000, -0.0000000000000000000, -0.0000000000000000000 ) ) ;
#3492 = AXIS2_PLACEMENT_3D ( 'NONE', #3391, #1787, #1142 ) ;
#3493 = VECTOR ( 'NONE', #2466, 1000.000000000000000 ) ;
#3494 = VERTEX_POINT ( 'NONE', #4041 ) ;
#3495 = CARTESIAN_POINT ( 'NONE',  ( 0.5000000000000000000, 5.347871253749470800, -33.30492625585083000 ) ) ;
#3496 = CARTESIAN_POINT ( 'NONE',  ( 7.464158558306547100, 12.76225316980100100, 25.00000000000000000 ) ) ;
#3497 = DIRECTION ( 'NONE',  ( -1.000000000000000000, 0.0000000000000000000, 0.0000000000000000000 ) ) ;
#3498 = AXIS2_PLACEMENT_3D ( 'NONE', #3140, #1533, #240 ) ;
#3499 = CIRCLE ( 'NONE', #1897, 0.7500000000000000000 ) ;
#3500 = ORIENTED_EDGE ( 'NONE', *, *, #2560, .T. ) ;
#3501 = LINE ( 'NONE', #1517, #1249 ) ;
#3503 = VECTOR ( 'NONE', #1960, 1000.000000000000100 ) ;
#3502 = PERSON ( 'UNSPECIFIED', 'UNSPECIFIED', 'UNSPECIFIED', ('UNSPECIFIED'), ('UNSPECIFIED'), ('UNSPECIFIED') ) ;
#3504 = ORIENTED_EDGE ( 'NONE', *, *, #3133, .F. ) ;
#3505 = EDGE_LOOP ( 'NONE', ( #2187, #2610, #1174, #4060 ) ) ;
#3506 = FACE_BOUND ( 'NONE', #588, .T. ) ;
#3507 = CARTESIAN_POINT ( 'NONE',  ( 0.5000000000000000000, 5.983717533015084000, 32.02000000000000300 ) ) ;
#3508 = ORIENTED_EDGE ( 'NONE', *, *, #3630, .F. ) ;
#3509 = ORIENTED_EDGE ( 'NONE', *, *, #3376, .T. ) ;
#3510 = EDGE_CURVE ( 'NONE', #782, #535, #2695, .T. ) ;
#3511 = ORIENTED_EDGE ( 'NONE', *, *, #3388, .F. ) ;
#3512 = DIRECTION ( 'NONE',  ( 0.0000000000000000000, 0.0000000000000000000, -1.000000000000000000 ) ) ;
#3514 = CARTESIAN_POINT ( 'NONE',  ( 0.0000000000000000000, 6.599999999999999600, 31.82000000000000000 ) ) ;
#3513 = TOROIDAL_SURFACE ( 'NONE', #898, 5.200000000000001100, 0.2000000000000000100 ) ;
#3515 = EDGE_LOOP ( 'NONE', ( #2036, #4111, #3906, #4188, #2861, #1495, #1984, #2737, #1874, #1964, #1396, #17, #4133, #2227 ) ) ;
#3516 = AXIS2_PLACEMENT_3D ( 'NONE', #2112, #750, #2709 ) ;
#3517 = CIRCLE ( 'NONE', #2368, 5.200000000000001100 ) ;
#3518 = CIRCLE ( 'NONE', #951, 0.5500000000000000400 ) ;
#3519 = ADVANCED_FACE ( 'NONE', ( #641 ), #1873, .T. ) ;
#3520 = CARTESIAN_POINT ( 'NONE',  ( -0.5000000000000000000, 5.818079034352868100, 31.90791125051582000 ) ) ;
#3521 = ORIENTED_EDGE ( 'NONE', *, *, #690, .F. ) ;
#3522 = ORIENTED_EDGE ( 'NONE', *, *, #3388, .T. ) ;
#3523 = AXIS2_PLACEMENT_3D ( 'NONE', #337, #2256, #1915 ) ;
#3524 = EDGE_CURVE ( 'NONE', #1228, #663, #994, .T. ) ;
#3525 = DIRECTION ( 'NONE',  ( -1.000000000000000000, 0.0000000000000000000, 0.0000000000000000000 ) ) ;
#3526 = DIRECTION ( 'NONE',  ( 1.000000000000000000, 0.0000000000000000000, 0.0000000000000000000 ) ) ;
#3527 = DIRECTION ( 'NONE',  ( 0.4615920579147521100, -0.8870923131613892600, 0.0000000000000000000 ) ) ;
#3528 = PERSON_AND_ORGANIZATION_ROLE ( 'design_supplier' ) ;
#3529 = DIRECTION ( 'NONE',  ( -1.000000000000000000, 0.0000000000000000000, -0.0000000000000000000 ) ) ;
#3530 = CARTESIAN_POINT ( 'NONE',  ( -6.000000000000001800, 15.49000000000000000, -25.00000000000000000 ) ) ;
#3531 = EDGE_CURVE ( 'NONE', #2760, #1198, #2025, .T. ) ;
#3532 = VERTEX_POINT ( 'NONE', #1723 ) ;
#3533 = EDGE_LOOP ( 'NONE', ( #3058, #1539, #2517, #754 ) ) ;
#3534 = CARTESIAN_POINT ( 'NONE',  ( 0.5000000000000000000, 7.246663566896333300, 31.82000000000000000 ) ) ;
#3535 = ADVANCED_FACE ( 'NONE', ( #3749 ), #3087, .F. ) ;
#3536 = VERTEX_POINT ( 'NONE', #3469 ) ;
#3537 = PERSON_AND_ORGANIZATION ( #3502, #1711 ) ;
#3538 = VERTEX_POINT ( 'NONE', #2722 ) ;
#3539 = CARTESIAN_POINT ( 'NONE',  ( 0.0000000000000000000, 6.599999999999999600, 31.62000000000000100 ) ) ;
#3540 = APPLICATION_PROTOCOL_DEFINITION ( 'international standard', 'config_control_design', 1994, #2482 ) ;
#3541 = CARTESIAN_POINT ( 'NONE',  ( 6.280036924807800100, 14.81737857374301400, -25.00000000000000000 ) ) ;
#3542 = PLANE ( 'NONE',  #2552 ) ;
#3543 = EDGE_CURVE ( 'NONE', #3598, #1451, #1819, .T. ) ;
#3544 = CARTESIAN_POINT ( 'NONE',  ( 0.5000000000000000000, 5.409504101059961400, -32.99224736853910400 ) ) ;
#3545 = LINE ( 'NONE', #2831, #3696 ) ;
#3546 = EDGE_CURVE ( 'NONE', #1631, #213, #2998, .T. ) ;
#3547 = TOROIDAL_SURFACE ( 'NONE', #228, 4.450000000000000200, 0.2000000000000000100 ) ;
#3548 = ORIENTED_EDGE ( 'NONE', *, *, #3042, .T. ) ;
#3549 = DIRECTION ( 'NONE',  ( 0.0000000000000000000, 0.0000000000000000000, 1.000000000000000000 ) ) ;
#3550 = LINE ( 'NONE', #2254, #2438 ) ;
#3551 = DIRECTION ( 'NONE',  ( -2.955318281761006100E-011, -7.806255641895678600E-014, 1.000000000000000000 ) ) ;
#3552 = DIRECTION ( 'NONE',  ( 0.0000000000000000000, 0.0000000000000000000, 1.000000000000000000 ) ) ;
#3553 = CARTESIAN_POINT ( 'NONE',  ( -6.280036924807803600, 11.37065189891219700, -25.00000000000000000 ) ) ;
#3554 = EDGE_CURVE ( 'NONE', #538, #3947, #4004, .T. ) ;
#3555 = AXIS2_PLACEMENT_3D ( 'NONE', #2196, #4130, #2515 ) ;
#3556 = VERTEX_POINT ( 'NONE', #2159 ) ;
#3557 = LINE ( 'NONE', #4135, #2860 ) ;
#3558 = DIRECTION ( 'NONE',  ( -0.0000000000000000000, 1.000000000000000000, -0.0000000000000000000 ) ) ;
#3559 = ADVANCED_FACE ( 'NONE', ( #154 ), #63, .F. ) ;
#3560 = VERTEX_POINT ( 'NONE', #2453 ) ;
#3561 = ORIENTED_EDGE ( 'NONE', *, *, #4006, .T. ) ;
#3562 = CIRCLE ( 'NONE', #933, 0.7500000000000000000 ) ;
#3563 = ORIENTED_EDGE ( 'NONE', *, *, #2883, .T. ) ;
#3564 = B_SPLINE_CURVE_WITH_KNOTS ( 'NONE', 3,
 ( #3028, #3380, #137, #2385 ),
 .UNSPECIFIED., .F., .F.,
 ( 4, 4 ),
 ( -5.417627594130798400E-006, 0.0003955232650515271700 ),
 .UNSPECIFIED. ) ;
#3565 = ORIENTED_EDGE ( 'NONE', *, *, #2114, .T. ) ;
#3566 = FACE_OUTER_BOUND ( 'NONE', #1133, .T. ) ;
#3567 = CARTESIAN_POINT ( 'NONE',  ( -7.684673645897961900, 11.95545359045973100, -25.00000000000000000 ) ) ;
#3568 = FACE_OUTER_BOUND ( 'NONE', #2478, .T. ) ;
#3569 = EDGE_LOOP ( 'NONE', ( #2400, #1987, #2763, #914 ) ) ;
#3570 = EDGE_CURVE ( 'NONE', #207, #464, #197, .T. ) ;
#3571 = VERTEX_POINT ( 'NONE', #820 ) ;
#3572 = DIRECTION ( 'NONE',  ( -0.2636502354449246600, 0.9646183459533805800, -0.0000000000000000000 ) ) ;
#3573 = TOROIDAL_SURFACE ( 'NONE', #2813, 5.200000000000001100, 0.2000000000000000100 ) ;
#3574 = CARTESIAN_POINT ( 'NONE',  ( 0.0000000000000000000, 6.599999999999999600, 24.80000000000000400 ) ) ;
#3575 = CC_DESIGN_PERSON_AND_ORGANIZATION_ASSIGNMENT ( #1916, #210, ( #3237 ) ) ;
#3576 = CARTESIAN_POINT ( 'NONE',  ( -0.5000000000000000000, 8.115190549955711300, 35.32000000000000700 ) ) ;
#3577 = DIRECTION ( 'NONE',  ( 0.0000000000000000000, 0.0000000000000000000, 1.000000000000000000 ) ) ;
#3578 = ORIENTED_EDGE ( 'NONE', *, *, #4078, .F. ) ;
#3579 = AXIS2_PLACEMENT_3D ( 'NONE', #1186, #1201, #3497 ) ;
#3580 = EDGE_CURVE ( 'NONE', #369, #1788, #1143, .T. ) ;
#3581 = CARTESIAN_POINT ( 'NONE',  ( -0.3799029234521991700, 7.412302065558554500, -31.90791125051582700 ) ) ;
#3582 = DIRECTION ( 'NONE',  ( -0.0000000000000000000, -0.0000000000000000000, 1.000000000000000000 ) ) ;
#3583 = ADVANCED_FACE ( 'NONE', ( #940, #2433 ), #3738, .T. ) ;
#3584 = AXIS2_PLACEMENT_3D ( 'NONE', #609, #1613, #1274 ) ;
#3585 = DIRECTION ( 'NONE',  ( -0.0000000000000000000, -0.0000000000000000000, 1.000000000000000000 ) ) ;
#3586 = CARTESIAN_POINT ( 'NONE',  ( -0.4999999999999998900, 6.040983005625052200, 31.62000000000000100 ) ) ;
#3587 = VERTEX_POINT ( 'NONE', #2151 ) ;
#3588 = DIRECTION ( 'NONE',  ( -0.2636502354449251100, -0.9646183459533803600, 0.0000000000000000000 ) ) ;
#3589 = VERTEX_POINT ( 'NONE', #2480 ) ;
#3590 = CARTESIAN_POINT ( 'NONE',  ( 0.0000000000000000000, 6.599999999999999600, -31.82000000000000000 ) ) ;
#3591 = ORIENTED_EDGE ( 'NONE', *, *, #1134, .T. ) ;
#3592 = ORIENTED_EDGE ( 'NONE', *, *, #3407, .T. ) ;
#3593 = CARTESIAN_POINT ( 'NONE',  ( 0.3008877923094665000, 5.895953195917390300, -31.82000000000000000 ) ) ;
#3594 = VECTOR ( 'NONE', #2217, 1000.000000000000000 ) ;
#3595 = CARTESIAN_POINT ( 'NONE',  ( 0.5000000000000000000, 7.412302065558553600, 31.90791125051582700 ) ) ;
#3596 = DIRECTION ( 'NONE',  ( 1.000000000000000000, 0.0000000000000000000, 0.0000000000000000000 ) ) ;
#3597 = FACE_OUTER_BOUND ( 'NONE', #868, .T. ) ;
#3598 = VERTEX_POINT ( 'NONE', #515 ) ;
#3599 = AXIS2_PLACEMENT_3D ( 'NONE', #1107, #4038, #2808 ) ;
#3600 = ADVANCED_FACE ( 'NONE', ( #293 ), #4094, .T. ) ;
#3601 = DIRECTION ( 'NONE',  ( -0.0000000000000000000, -0.0000000000000000000, 1.000000000000000000 ) ) ;
#3602 = EDGE_CURVE ( 'NONE', #959, #381, #1555, .T. ) ;
#3603 = LINE ( 'NONE', #3803, #2541 ) ;
#3604 = ORIENTED_EDGE ( 'NONE', *, *, #3949, .F. ) ;
#3605 = VECTOR ( 'NONE', #1812, 1000.000000000000100 ) ;
#3606 = LINE ( 'NONE', #341, #74 ) ;
#3607 = DIRECTION ( 'NONE',  ( 1.000000000000000000, 0.0000000000000000000, 0.0000000000000000000 ) ) ;
#3608 = VERTEX_POINT ( 'NONE', #1854 ) ;
#3609 = ORIENTED_EDGE ( 'NONE', *, *, #3701, .T. ) ;
#3610 = PLANE ( 'NONE',  #533 ) ;
#3612 = DIRECTION ( 'NONE',  ( 0.8870923131613891500, 0.4615920579147520500, -0.0000000000000000000 ) ) ;
#3611 = LINE ( 'NONE', #1238, #121 ) ;
#3613 = CARTESIAN_POINT ( 'NONE',  ( 0.5000000000000000000, 6.040983005625052200, -31.82000000000000000 ) ) ;
#3614 = ORIENTED_EDGE ( 'NONE', *, *, #997, .F. ) ;
#3615 = AXIS2_PLACEMENT_3D ( 'NONE', #2464, #2445, #2418 ) ;
#3616 = LINE ( 'NONE', #2735, #34 ) ;
#3617 = VECTOR ( 'NONE', #3238, 1000.000000000000000 ) ;
#3618 = VERTEX_POINT ( 'NONE', #4125 ) ;
#3619 = PLANE ( 'NONE',  #872 ) ;
#3620 = VECTOR ( 'NONE', #708, 1000.000000000000000 ) ;
#3621 = EDGE_CURVE ( 'NONE', #2329, #1512, #3545, .T. ) ;
#3622 = FACE_OUTER_BOUND ( 'NONE', #1009, .T. ) ;
#3623 = CARTESIAN_POINT ( 'NONE',  ( -4.592425496802577300E-017, 7.349999999999999600, -31.82000000000000000 ) ) ;
#3624 = DIRECTION ( 'NONE',  ( -1.000000000000000000, 0.0000000000000000000, 0.0000000000000000000 ) ) ;
#3625 = VERTEX_POINT ( 'NONE', #1138 ) ;
#3626 = EDGE_CURVE ( 'NONE', #1365, #2334, #3393, .T. ) ;
#3627 = CARTESIAN_POINT ( 'NONE',  ( -0.7500000000000000000, 6.599999999999999600, 31.82000000000000000 ) ) ;
#3628 = ADVANCED_FACE ( 'NONE', ( #3041 ), #2745, .T. ) ;
#3629 = CARTESIAN_POINT ( 'NONE',  ( 0.5500000000000000400, 6.599999999999999600, -31.61999999999999400 ) ) ;
#3630 = EDGE_CURVE ( 'NONE', #1851, #2958, #991, .T. ) ;
#3631 = DIRECTION ( 'NONE',  ( -0.0000000000000000000, 1.000000000000000000, -0.0000000000000000000 ) ) ;
#3632 = CARTESIAN_POINT ( 'NONE',  ( -0.5000000000000000000, 6.129400267272926000, -31.76874606693645800 ) ) ;
#3633 = AXIS2_PLACEMENT_3D ( 'NONE', #471, #3334, #124 ) ;
#3634 = PLANE ( 'NONE',  #4179 ) ;
#3635 = CARTESIAN_POINT ( 'NONE',  ( -0.5000000000000000000, 7.246663566896333300, 31.82000000000000000 ) ) ;
#3636 = EDGE_CURVE ( 'NONE', #3460, #1758, #1870, .T. ) ;
#3637 = ORIENTED_EDGE ( 'NONE', *, *, #62, .T. ) ;
#3638 = AXIS2_PLACEMENT_3D ( 'NONE', #2574, #2898, #4152 ) ;
#3639 = ORIENTED_EDGE ( 'NONE', *, *, #1369, .F. ) ;
#3640 = CARTESIAN_POINT ( 'NONE',  ( -0.5000000000000000000, 5.347871253749470800, 33.30492625585083000 ) ) ;
#3641 = DIRECTION ( 'NONE',  ( -0.0000000000000000000, 1.000000000000000000, -0.0000000000000000000 ) ) ;
#3642 = DIRECTION ( 'NONE',  ( 0.0000000000000000000, -0.0000000000000000000, -1.000000000000000000 ) ) ;
#3643 = ORIENTED_EDGE ( 'NONE', *, *, #2034, .T. ) ;
#3644 = PERSON_AND_ORGANIZATION ( #3502, #1711 ) ;
#3645 = ORIENTED_EDGE ( 'NONE', *, *, #2964, .F. ) ;
#3646 = CARTESIAN_POINT ( 'NONE',  ( -5.200000000000001100, 6.599999999999999600, -25.00000000000000000 ) ) ;
#3647 = CARTESIAN_POINT ( 'NONE',  ( -7.684673645897961900, 11.95545359045973100, -25.00000000000000000 ) ) ;
#3648 = ADVANCED_FACE ( 'NONE', ( #151 ), #3801, .T. ) ;
#3649 = VECTOR ( 'NONE', #786, 1000.000000000000000 ) ;
#3650 = CARTESIAN_POINT ( 'NONE',  ( -0.3799029234540217100, 7.412302065558552800, 31.90791125051582700 ) ) ;
#3651 = EDGE_CURVE ( 'NONE', #2927, #1108, #3490, .T. ) ;
#3652 = CARTESIAN_POINT ( 'NONE',  ( -14.48000000000000000, 0.0000000000000000000, -15.00000000000000000 ) ) ;
#3653 = PRODUCT_RELATED_PRODUCT_CATEGORY ( 'detail', '', ( #3237 ) ) ;
#3654 = FACE_OUTER_BOUND ( 'NONE', #4180, .T. ) ;
#3655 = ORIENTED_EDGE ( 'NONE', *, *, #3626, .F. ) ;
#3656 = CARTESIAN_POINT ( 'NONE',  ( 0.5000000000000000000, 8.115190549955711300, 35.32000000000000700 ) ) ;
#3657 = DIRECTION ( 'NONE',  ( -0.3843557409341169000, -0.9231850650931187100, 0.0000000000000000000 ) ) ;
#3658 = VECTOR ( 'NONE', #3588, 1000.000000000000100 ) ;
#3659 = VERTEX_POINT ( 'NONE', #3534 ) ;
#3660 = AXIS2_PLACEMENT_3D ( 'NONE', #3839, #264, #895 ) ;
#3661 = DIRECTION ( 'NONE',  ( 0.0000000000000000000, 0.0000000000000000000, 1.000000000000000000 ) ) ;
#3662 = CARTESIAN_POINT ( 'NONE',  ( -0.5000000000000000000, 6.054493340685099600, -31.69095996052825700 ) ) ;
#3663 = CARTESIAN_POINT ( 'NONE',  ( 0.5000000000000000000, 8.115190549955711300, -35.32000000000000700 ) ) ;
#3664 = EDGE_CURVE ( 'NONE', #381, #1451, #2171, .T. ) ;
#3665 = ORIENTED_EDGE ( 'NONE', *, *, #2918, .F. ) ;
#3666 = LINE ( 'NONE', #3567, #208 ) ;
#3667 = AXIS2_PLACEMENT_3D ( 'NONE', #474, #3451, #3409 ) ;
#3668 = EDGE_LOOP ( 'NONE', ( #3012, #4162, #1628, #1917 ) ) ;
#3669 = CARTESIAN_POINT ( 'NONE',  ( -0.4999999999999998900, 7.159016994374948000, 31.62000000000000100 ) ) ;
#3670 = EDGE_LOOP ( 'NONE', ( #1285, #1836, #1991, #1035 ) ) ;
#3671 = CIRCLE ( 'NONE', #2417, 1.590000000000008100 ) ;
#3672 = ORIENTED_EDGE ( 'NONE', *, *, #1778, .F. ) ;
#3673 = ORIENTED_EDGE ( 'NONE', *, *, #3463, .F. ) ;
#3674 = VECTOR ( 'NONE', #2522, 1000.000000000000000 ) ;
#3675 = ADVANCED_FACE ( 'NONE', ( #2639 ), #2533, .T. ) ;
#3676 = CARTESIAN_POINT ( 'NONE',  ( 5.000000000000000900, 6.599999999999999600, 24.80000000000000400 ) ) ;
#3677 = EDGE_CURVE ( 'NONE', #2596, #937, #2532, .T. ) ;
#3678 = FACE_BOUND ( 'NONE', #1617, .T. ) ;
#3679 = VECTOR ( 'NONE', #2976, 1000.000000000000000 ) ;
#3680 = DIRECTION ( 'NONE',  ( 0.0000000000000000000, 0.0000000000000000000, -1.000000000000000000 ) ) ;
#3681 = CARTESIAN_POINT ( 'NONE',  ( -0.5000000000000000000, 5.983717533015084000, 32.02000000000000300 ) ) ;
#3682 = EDGE_LOOP ( 'NONE', ( #4075, #315, #361, #2069 ) ) ;
#3683 = ORIENTED_EDGE ( 'NONE', *, *, #1071, .T. ) ;
#3684 = CARTESIAN_POINT ( 'NONE',  ( -8.691243068228066800, 5.644551875750796200, -25.00000000000000000 ) ) ;
#3685 = CARTESIAN_POINT ( 'NONE',  ( 0.5000000000000000000, 6.615190549955709500, -34.62000000000000500 ) ) ;
#3686 = EDGE_CURVE ( 'NONE', #1851, #1442, #2074, .T. ) ;
#3687 = DIRECTION ( 'NONE',  ( -1.000000000000000000, -0.0000000000000000000, -0.0000000000000000000 ) ) ;
#3688 = ORIENTED_EDGE ( 'NONE', *, *, #852, .F. ) ;
#3689 = CARTESIAN_POINT ( 'NONE',  ( 0.5000000000000000000, 5.818079034352868100, -31.90791125051582000 ) ) ;
#3690 = ORIENTED_EDGE ( 'NONE', *, *, #3200, .T. ) ;
#3691 = VERTEX_POINT ( 'NONE', #607 ) ;
#3692 = EDGE_CURVE ( 'NONE', #2329, #3124, #894, .T. ) ;
#3693 = AXIS2_PLACEMENT_3D ( 'NONE', #863, #3783, #834 ) ;
#3694 = ORIENTED_EDGE ( 'NONE', *, *, #2134, .T. ) ;
#3695 = CARTESIAN_POINT ( 'NONE',  ( -5.000000000000000900, 6.599999999999998800, -24.50000000000000000 ) ) ;
#3696 = VECTOR ( 'NONE', #3104, 1000.000000000000000 ) ;
#3697 = CARTESIAN_POINT ( 'NONE',  ( 0.5000000000000000000, 7.070599732727076000, -31.76874606693645800 ) ) ;
#3698 = VECTOR ( 'NONE', #244, 1000.000000000000000 ) ;
#3699 = ORIENTED_EDGE ( 'NONE', *, *, #2465, .F. ) ;
#3700 = DIRECTION ( 'NONE',  ( -1.000000000000000000, -0.0000000000000000000, -0.0000000000000000000 ) ) ;
#3701 = EDGE_CURVE ( 'NONE', #313, #112, #342, .T. ) ;
#3702 = CYLINDRICAL_SURFACE ( 'NONE', #1191, 1.590000000000001200 ) ;
#3703 = VERTEX_POINT ( 'NONE', #888 ) ;
#3704 = ORIENTED_EDGE ( 'NONE', *, *, #2148, .T. ) ;
#3705 = FACE_OUTER_BOUND ( 'NONE', #3354, .T. ) ;
#3707 = CARTESIAN_POINT ( 'NONE',  ( 0.5000000000000000000, 7.159016994374948900, 31.65630566980035700 ) ) ;
#3706 = FACE_OUTER_BOUND ( 'NONE', #2663, .T. ) ;
#3708 = DIRECTION ( 'NONE',  ( 0.0000000000000000000, 0.0000000000000000000, 1.000000000000000000 ) ) ;
#3709 = ORIENTED_EDGE ( 'NONE', *, *, #2378, .T. ) ;
#3710 = ORIENTED_EDGE ( 'NONE', *, *, #747, .T. ) ;
#3711 = ORIENTED_EDGE ( 'NONE', *, *, #2530, .T. ) ;
#3712 = VECTOR ( 'NONE', #320, 1000.000000000000000 ) ;
#3713 = AXIS2_PLACEMENT_3D ( 'NONE', #1764, #2421, #173 ) ;
#3714 = CARTESIAN_POINT ( 'NONE',  ( 0.5000000000000000000, 7.412302065558552800, -31.90791125051582700 ) ) ;
#3715 = ORIENTED_EDGE ( 'NONE', *, *, #1994, .F. ) ;
#3716 = VERTEX_POINT ( 'NONE', #568 ) ;
#3717 = VECTOR ( 'NONE', #467, 1000.000000000000100 ) ;
#3718 = FACE_OUTER_BOUND ( 'NONE', #2795, .T. ) ;
#3719 = CARTESIAN_POINT ( 'NONE',  ( 0.5000000000000000000, 8.115190549955711300, -35.32000000000000700 ) ) ;
#3720 = AXIS2_PLACEMENT_3D ( 'NONE', #3495, #3836, #3512 ) ;
#3721 = DIRECTION ( 'NONE',  ( -0.0000000000000000000, -0.0000000000000000000, 1.000000000000000000 ) ) ;
#3722 = VECTOR ( 'NONE', #844, 1000.000000000000000 ) ;
#3723 = VECTOR ( 'NONE', #4007, 1000.000000000000000 ) ;
#3724 = VERTEX_POINT ( 'NONE', #3830 ) ;
#3725 = DIRECTION ( 'NONE',  ( 1.224646799147353200E-016, -1.000000000000000000, 0.0000000000000000000 ) ) ;
#3726 = ORIENTED_EDGE ( 'NONE', *, *, #3554, .F. ) ;
#3727 = CARTESIAN_POINT ( 'NONE',  ( 0.5000000000000000000, 5.115190549955709500, -35.32000000000000700 ) ) ;
#3728 = VERTEX_POINT ( 'NONE', #4163 ) ;
#3729 = CARTESIAN_POINT ( 'NONE',  ( -5.200000000000001100, 6.599999999999999600, -24.80000000000000400 ) ) ;
#3730 = CARTESIAN_POINT ( 'NONE',  ( 0.5000000000000000000, 6.615190549955709500, 34.62000000000000500 ) ) ;
#3731 = PLANE ( 'NONE',  #2279 ) ;
#3732 = DIRECTION ( 'NONE',  ( 0.0000000000000000000, 1.000000000000000000, 0.0000000000000000000 ) ) ;
#3733 = EDGE_CURVE ( 'NONE', #1889, #4048, #60, .T. ) ;
#3734 = CARTESIAN_POINT ( 'NONE',  ( 0.5000000000000000000, 7.246663566896333300, -31.82000000000000000 ) ) ;
#3735 = CC_DESIGN_DATE_AND_TIME_ASSIGNMENT ( #2690, #2197, ( #1696 ) ) ;
#3736 = DIRECTION ( 'NONE',  ( 0.0000000000000000000, 0.0000000000000000000, 1.000000000000000000 ) ) ;
#3737 = CARTESIAN_POINT ( 'NONE',  ( 0.5000000000000000000, 6.370871215252207300, -31.82000000000000000 ) ) ;
#3738 = PLANE ( 'NONE',  #2634 ) ;
#3739 = DIRECTION ( 'NONE',  ( 0.4615920579147524400, 0.8870923131613889200, 0.0000000000000000000 ) ) ;
#3740 = AXIS2_PLACEMENT_3D ( 'NONE', #2969, #1300, #1321 ) ;
#3741 = ORIENTED_EDGE ( 'NONE', *, *, #925, .T. ) ;
#3742 = EDGE_CURVE ( 'NONE', #1337, #112, #787, .T. ) ;
#3743 = ORIENTED_EDGE ( 'NONE', *, *, #3426, .F. ) ;
#3744 = DIRECTION ( 'NONE',  ( 0.0000000000000000000, 0.0000000000000000000, 1.000000000000000000 ) ) ;
#3745 = AXIS2_PLACEMENT_3D ( 'NONE', #996, #3582, #3924 ) ;
#3746 = PERSON_AND_ORGANIZATION ( #3502, #1711 ) ;
#3747 = VERTEX_POINT ( 'NONE', #1195 ) ;
#3748 = EDGE_CURVE ( 'NONE', #3154, #959, #1403, .T. ) ;
#3749 = FACE_OUTER_BOUND ( 'NONE', #1226, .T. ) ;
#3750 = CARTESIAN_POINT ( 'NONE',  ( -6.000000000000001800, 15.49000000000000000, -25.00000000000000000 ) ) ;
#3751 = CARTESIAN_POINT ( 'NONE',  ( 8.691243068228063300, 5.644551875750796200, 25.00000000000000000 ) ) ;
#3752 = DIRECTION ( 'NONE',  ( 0.0000000000000000000, -1.000000000000000000, 0.0000000000000000000 ) ) ;
#3753 = LINE ( 'NONE', #4114, #2029 ) ;
#3754 = ORIENTED_EDGE ( 'NONE', *, *, #1430, .F. ) ;
#3755 = CARTESIAN_POINT ( 'NONE',  ( 5.000000000000000900, 6.599999999999999600, 24.69999999999999900 ) ) ;
#3756 = LINE ( 'NONE', #993, #797 ) ;
#3757 = ORIENTED_EDGE ( 'NONE', *, *, #2851, .F. ) ;
#3758 = CARTESIAN_POINT ( 'NONE',  ( -0.4999999999999998900, 6.040983005625052200, -31.61999999999999400 ) ) ;
#3759 = EDGE_CURVE ( 'NONE', #3494, #3824, #3289, .T. ) ;
#3760 = CARTESIAN_POINT ( 'NONE',  ( -6.000000000000001800, 15.49000000000000000, -25.00000000000000000 ) ) ;
#3761 = EDGE_LOOP ( 'NONE', ( #1772, #3757 ) ) ;
#3762 = LINE ( 'NONE', #227, #2908 ) ;
#3763 = EDGE_CURVE ( 'NONE', #3728, #1889, #545, .T. ) ;
#3764 = ORIENTED_EDGE ( 'NONE', *, *, #4098, .T. ) ;
#3765 = CARTESIAN_POINT ( 'NONE',  ( 0.5000000000000000000, 5.409504101059961400, 32.99224736853910400 ) ) ;
#3766 = ORIENTED_EDGE ( 'NONE', *, *, #3018, .T. ) ;
#3767 = DIRECTION ( 'NONE',  ( 0.0000000000000000000, 0.0000000000000000000, 1.000000000000000000 ) ) ;
#3768 = TOROIDAL_SURFACE ( 'NONE', #291, 4.050000000000000700, 0.2000000000000000100 ) ;
#3769 = VERTEX_POINT ( 'NONE', #1032 ) ;
#3770 = LINE ( 'NONE', #968, #2612 ) ;
#3771 = DIRECTION ( 'NONE',  ( 1.000000000000000000, 0.0000000000000000000, -0.0000000000000000000 ) ) ;
#3772 = APPLICATION_PROTOCOL_DEFINITION ( 'international standard', 'config_control_design', 1994, #835 ) ;
#3774 = CARTESIAN_POINT ( 'NONE',  ( -4.450000000000000200, 6.599999999999998800, -24.50000000000000000 ) ) ;
#3773 = LINE ( 'NONE', #2785, #2979 ) ;
#3775 = PLANE ( 'NONE',  #3794 ) ;
#3776 = FACE_OUTER_BOUND ( 'NONE', #1006, .T. ) ;
#3777 = EDGE_CURVE ( 'NONE', #329, #2200, #2850, .T. ) ;
#3778 = AXIS2_PLACEMENT_3D ( 'NONE', #409, #87, #3332 ) ;
#3779 = ORIENTED_EDGE ( 'NONE', *, *, #4146, .F. ) ;
#3780 = DIRECTION ( 'NONE',  ( 1.224646799147353200E-016, -1.000000000000000000, 0.0000000000000000000 ) ) ;
#3781 = CARTESIAN_POINT ( 'NONE',  ( -8.219152229546505600, 9.426348619902889000, -25.00000000000000000 ) ) ;
#3782 = CARTESIAN_POINT ( 'NONE',  ( -6.280036924807803600, 11.37065189891219700, 25.00000000000000000 ) ) ;
#3783 = DIRECTION ( 'NONE',  ( -0.0000000000000000000, -0.0000000000000000000, 1.000000000000000000 ) ) ;
#3784 = DIRECTION ( 'NONE',  ( 2.955155651435133300E-011, -3.903127820947839300E-014, 1.000000000000000000 ) ) ;
#3785 = EDGE_CURVE ( 'NONE', #3301, #1877, #2429, .T. ) ;
#3786 = ORIENTED_EDGE ( 'NONE', *, *, #2600, .T. ) ;
#3787 = AXIS2_PLACEMENT_3D ( 'NONE', #3781, #1471, #1126 ) ;
#3788 = ORIENTED_EDGE ( 'NONE', *, *, #2234, .T. ) ;
#3789 = CALENDAR_DATE ( 2018, 16, 6 ) ;
#3790 = VERTEX_POINT ( 'NONE', #2016 ) ;
#3791 = DIRECTION ( 'NONE',  ( -0.3843557409341166200, 0.9231850650931188200, -0.0000000000000000000 ) ) ;
#3792 = CARTESIAN_POINT ( 'NONE',  ( 6.280036924807800100, 11.37065189891219700, 25.00000000000000000 ) ) ;
#3793 = CARTESIAN_POINT ( 'NONE',  ( 7.684673645897958300, 11.95545359045973100, 25.00000000000000000 ) ) ;
#3794 = AXIS2_PLACEMENT_3D ( 'NONE', #3446, #1827, #162 ) ;
#3795 = EDGE_CURVE ( 'NONE', #1337, #4085, #1659, .T. ) ;
#3796 = ORIENTED_EDGE ( 'NONE', *, *, #703, .F. ) ;
#3797 = CARTESIAN_POINT ( 'NONE',  ( 6.120313219301209500, 12.66472100003637800, 25.00000000000000000 ) ) ;
#3798 = DIRECTION ( 'NONE',  ( 0.0000000000000000000, 0.0000000000000000000, 1.000000000000000000 ) ) ;
#3799 = DIRECTION ( 'NONE',  ( 0.0000000000000000000, 0.0000000000000000000, 1.000000000000000000 ) ) ;
#3800 = CARTESIAN_POINT ( 'NONE',  ( -8.530284146270677300, 3.844972318509915200, 25.00000000000000000 ) ) ;
#3801 = TOROIDAL_SURFACE ( 'NONE', #2349, 0.5500000000000000400, 0.2000000000000000100 ) ;
#3802 = AXIS2_PLACEMENT_3D ( 'NONE', #2246, #1262, #2638 ) ;
#3803 = CARTESIAN_POINT ( 'NONE',  ( 8.691243068228063300, 6.541951982200360200, -25.00000000000000000 ) ) ;
#3804 = LINE ( 'NONE', #3818, #3099 ) ;
#3805 = EDGE_LOOP ( 'NONE', ( #2068, #3162, #1183, #1434 ) ) ;
#3806 = DIRECTION ( 'NONE',  ( 0.3843557409341177800, -0.9231850650931184800, 0.0000000000000000000 ) ) ;
#3807 = AXIS2_PLACEMENT_3D ( 'NONE', #1000, #2294, #1648 ) ;
#3808 = VECTOR ( 'NONE', #1715, 1000.000000000000000 ) ;
#3809 = ORIENTED_EDGE ( 'NONE', *, *, #3570, .F. ) ;
#3810 = CARTESIAN_POINT ( 'NONE',  ( 4.250000000000000000, 6.599999999999999600, -24.50000000000000000 ) ) ;
#3811 = CARTESIAN_POINT ( 'NONE',  ( -0.3799029234540219300, 7.246663566896332400, 31.82000000000000000 ) ) ;
#3812 = EDGE_LOOP ( 'NONE', ( #135, #3245, #606, #54 ) ) ;
#3813 = VECTOR ( 'NONE', #2469, 1000.000000000000100 ) ;
#3814 = LINE ( 'NONE', #2258, #2960 ) ;
#3815 = CARTESIAN_POINT ( 'NONE',  ( 0.0000000000000000000, 6.599999999999999600, -25.00000000000000000 ) ) ;
#3816 = EDGE_LOOP ( 'NONE', ( #2711, #495, #3415, #2242 ) ) ;
#3817 = CARTESIAN_POINT ( 'NONE',  ( -8.691243068228066800, 6.541951982200360200, -25.00000000000000000 ) ) ;
#3818 = CARTESIAN_POINT ( 'NONE',  ( -8.530284146270677300, 3.231394751068567700, -25.00000000000000000 ) ) ;
#3819 = ORIENTED_EDGE ( 'NONE', *, *, #2627, .F. ) ;
#3820 = ORIENTED_EDGE ( 'NONE', *, *, #2680, .T. ) ;
#3821 = LINE ( 'NONE', #825, #2761 ) ;
#3822 = ORIENTED_EDGE ( 'NONE', *, *, #72, .T. ) ;
#3823 = DIRECTION ( 'NONE',  ( 0.0000000000000000000, 0.0000000000000000000, 1.000000000000000000 ) ) ;
#3824 = VERTEX_POINT ( 'NONE', #2006 ) ;
#3825 = VECTOR ( 'NONE', #3791, 1000.000000000000100 ) ;
#3826 = CYLINDRICAL_SURFACE ( 'NONE', #3443, 0.1999999999999987900 ) ;
#3827 = AXIS2_PLACEMENT_3D ( 'NONE', #39, #1379, #1972 ) ;
#3828 = ORIENTED_EDGE ( 'NONE', *, *, #563, .T. ) ;
#3829 = EDGE_CURVE ( 'NONE', #2691, #4151, #2132, .T. ) ;
#3830 = CARTESIAN_POINT ( 'NONE',  ( -0.3799029234539799700, 7.412302065558554500, -31.90791125051582700 ) ) ;
#3831 = LINE ( 'NONE', #3034, #475 ) ;
#3832 = CARTESIAN_POINT ( 'NONE',  ( 0.5000000000000000000, 5.880381099911422100, -31.82000000000000000 ) ) ;
#3833 = B_SPLINE_CURVE_WITH_KNOTS ( 'NONE', 3,
 ( #2631, #1318, #3662, #3290, #3632, #2999, #1358, #2316 ),
 .UNSPECIFIED., .F., .F.,
 ( 4, 2, 2, 4 ),
 ( 0.0000000000000000000, 0.0001070249730565041200, 0.0002140499461130082300, 0.0004280998922260251900 ),
 .UNSPECIFIED. ) ;
#3834 = VECTOR ( 'NONE', #2076, 1000.000000000000000 ) ;
#3835 = EDGE_LOOP ( 'NONE', ( #147, #1547, #2839, #1623, #2390, #1824, #170, #3484 ) ) ;
#3836 = DIRECTION ( 'NONE',  ( 1.000000000000000000, 0.0000000000000000000, 0.0000000000000000000 ) ) ;
#3837 = VERTEX_POINT ( 'NONE', #3841 ) ;
#3838 = ORIENTED_EDGE ( 'NONE', *, *, #2689, .T. ) ;
#3839 = CARTESIAN_POINT ( 'NONE',  ( 0.0000000000000000000, 6.599999999999999600, -24.80000000000000400 ) ) ;
#3840 = AXIS2_PLACEMENT_3D ( 'NONE', #1751, #501, #3075 ) ;
#3841 = CARTESIAN_POINT ( 'NONE',  ( 0.3799029234540209400, 7.246663566896333300, 31.82000000000000000 ) ) ;
#3842 = DIRECTION ( 'NONE',  ( -0.0000000000000000000, -0.0000000000000000000, 1.000000000000000000 ) ) ;
#3843 = CARTESIAN_POINT ( 'NONE',  ( 6.982355285352881000, 6.592120282318093800, -25.00000000000000000 ) ) ;
#3844 = CARTESIAN_POINT ( 'NONE',  ( 8.219152229546502000, 9.426348619902890700, -25.00000000000000000 ) ) ;
#3845 = ORIENTED_EDGE ( 'NONE', *, *, #2378, .F. ) ;
#3846 = EDGE_CURVE ( 'NONE', #2842, #3109, #3756, .T. ) ;
#3847 = ORIENTED_EDGE ( 'NONE', *, *, #2964, .T. ) ;
#3848 = CARTESIAN_POINT ( 'NONE',  ( -4.050000000000000700, 6.599999999999999600, 25.00000000000000000 ) ) ;
#3849 = EDGE_CURVE ( 'NONE', #2548, #3659, #2859, .T. ) ;
#3850 = ORIENTED_EDGE ( 'NONE', *, *, #1392, .T. ) ;
#3851 = DIRECTION ( 'NONE',  ( 1.000000000000000000, 0.0000000000000000000, -2.292169668891143100E-016 ) ) ;
#3852 = CIRCLE ( 'NONE', #2910, 0.7500000000000000000 ) ;
#3853 = ORIENTED_EDGE ( 'NONE', *, *, #530, .T. ) ;
#3854 = CARTESIAN_POINT ( 'NONE',  ( 6.911958682988795600, 2.389310821482963000, -25.00000000000000000 ) ) ;
#3855 = SECURITY_CLASSIFICATION_LEVEL ( 'unclassified' ) ;
#3856 = CARTESIAN_POINT ( 'NONE',  ( 0.1342982897433447100, 7.368976009061823300, -31.84574887032593100 ) ) ;
#3857 = DIRECTION ( 'NONE',  ( -0.0000000000000000000, -0.0000000000000000000, 1.000000000000000000 ) ) ;
#3858 = EDGE_CURVE ( 'NONE', #2439, #932, #3833, .T. ) ;
#3859 = LINE ( 'NONE', #2459, #3902 ) ;
#3860 = ORIENTED_EDGE ( 'NONE', *, *, #360, .F. ) ;
#3861 = CARTESIAN_POINT ( 'NONE',  ( 5.999999999999998200, 15.49000000000000000, -25.00000000000000000 ) ) ;
#3862 = ADVANCED_FACE ( 'NONE', ( #3300 ), #2028, .F. ) ;
#3863 = CARTESIAN_POINT ( 'NONE',  ( 6.588275186769087600, 9.825573679019864700, -25.00000000000000000 ) ) ;
#3864 = VECTOR ( 'NONE', #1784, 1000.000000000000000 ) ;
#3865 = ORIENTED_EDGE ( 'NONE', *, *, #1289, .T. ) ;
#3866 = EDGE_LOOP ( 'NONE', ( #2961, #309 ) ) ;
#3867 = DIRECTION ( 'NONE',  ( -1.224646799147353200E-016, 1.000000000000000000, 0.0000000000000000000 ) ) ;
#3868 = VECTOR ( 'NONE', #3399, 1000.000000000000000 ) ;
#3869 = PLANE ( 'NONE',  #2673 ) ;
#3870 = ORIENTED_EDGE ( 'NONE', *, *, #2901, .F. ) ;
#3871 = EDGE_CURVE ( 'NONE', #213, #617, #507, .T. ) ;
#3872 = ORIENTED_EDGE ( 'NONE', *, *, #2095, .T. ) ;
#3873 = ORIENTED_EDGE ( 'NONE', *, *, #2026, .F. ) ;
#3875 = CARTESIAN_POINT ( 'NONE',  ( -3.153862357908790900E-046, 7.349999999999998800, 31.82000000000000000 ) ) ;
#3874 = CYLINDRICAL_SURFACE ( 'NONE', #3638, 0.7500000000000000000 ) ;
#3876 = DIRECTION ( 'NONE',  ( 0.9231850650931184800, 0.3843557409341177300, -0.0000000000000000000 ) ) ;
#3877 = ORIENTED_EDGE ( 'NONE', *, *, #265, .F. ) ;
#3878 = CIRCLE ( 'NONE', #2253, 2.492694426093553100 ) ;
#3879 = CARTESIAN_POINT ( 'NONE',  ( 0.0000000000000000000, 6.599999999999999600, 25.00000000000000000 ) ) ;
#3880 = CIRCLE ( 'NONE', #1924, 0.7500000000000000000 ) ;
#3881 = PLANE ( 'NONE',  #4156 ) ;
#3882 = VECTOR ( 'NONE', #243, 1000.000000000000000 ) ;
#3883 = AXIS2_PLACEMENT_3D ( 'NONE', #1632, #78, #3892 ) ;
#3884 = EDGE_CURVE ( 'NONE', #2064, #2740, #299, .T. ) ;
#3885 = DIRECTION ( 'NONE',  ( 0.0000000000000000000, 1.000000000000000000, 0.0000000000000000000 ) ) ;
#3886 = ADVANCED_FACE ( 'NONE', ( #1515 ), #3619, .T. ) ;
#3887 = EDGE_LOOP ( 'NONE', ( #175, #379, #3500, #2190 ) ) ;
#3888 = CARTESIAN_POINT ( 'NONE',  ( 8.219152229546502000, 9.426348619902890700, -25.00000000000000000 ) ) ;
#3889 = DIRECTION ( 'NONE',  ( -0.2377712974543051100, 0.9713211673318441500, 0.0000000000000000000 ) ) ;
#3890 = DIRECTION ( 'NONE',  ( -0.2636502354449243300, 0.9646183459533805800, 0.0000000000000000000 ) ) ;
#3891 = ORIENTED_EDGE ( 'NONE', *, *, #3037, .F. ) ;
#3892 = DIRECTION ( 'NONE',  ( 1.000000000000000000, 0.0000000000000000000, -0.0000000000000000000 ) ) ;
#3893 = ORIENTED_EDGE ( 'NONE', *, *, #1027, .F. ) ;
#3894 = COORDINATED_UNIVERSAL_TIME_OFFSET ( 5, 30, .AHEAD. ) ;
#3895 = ORIENTED_EDGE ( 'NONE', *, *, #1348, .F. ) ;
#3896 = DIRECTION ( 'NONE',  ( 0.0000000000000000000, 0.0000000000000000000, -1.000000000000000000 ) ) ;
#3897 = CARTESIAN_POINT ( 'NONE',  ( 0.5000000000000000000, 8.115190549955711300, -35.32000000000000700 ) ) ;
#3898 = CARTESIAN_POINT ( 'NONE',  ( -0.5000000000000000000, 5.409504101059961400, -32.99224736853910400 ) ) ;
#3899 = VECTOR ( 'NONE', #3491, 1000.000000000000000 ) ;
#3900 = ADVANCED_FACE ( 'NONE', ( #1302 ), #554, .F. ) ;
#3901 = EDGE_CURVE ( 'NONE', #874, #2064, #4119, .T. ) ;
#3902 = VECTOR ( 'NONE', #1490, 1000.000000000000000 ) ;
#3903 = ORIENTED_EDGE ( 'NONE', *, *, #389, .T. ) ;
#3904 = DIRECTION ( 'NONE',  ( 1.000000000000000000, -0.0000000000000000000, -2.292169668891143100E-016 ) ) ;
#3905 = LINE ( 'NONE', #2264, #900 ) ;
#3906 = ORIENTED_EDGE ( 'NONE', *, *, #3478, .F. ) ;
#3907 = CARTESIAN_POINT ( 'NONE',  ( 4.800000000000001600, 6.599999999999999600, 24.50000000000000000 ) ) ;
#3908 = CARTESIAN_POINT ( 'NONE',  ( -0.2804976856105462800, 7.305062431055694600, 31.82000000000000000 ) ) ;
#3909 = CARTESIAN_POINT ( 'NONE',  ( 0.2745338921100785600, 7.372592512971485800, 31.84923074083251400 ) ) ;
#3910 = EDGE_CURVE ( 'NONE', #730, #242, #3405, .T. ) ;
#3911 = AXIS2_PLACEMENT_3D ( 'NONE', #1271, #306, #2922 ) ;
#3912 = ORIENTED_EDGE ( 'NONE', *, *, #2240, .F. ) ;
#3913 = FACE_OUTER_BOUND ( 'NONE', #1928, .T. ) ;
#3914 = CYLINDRICAL_SURFACE ( 'NONE', #233, 0.1999999999999987900 ) ;
#3915 = CARTESIAN_POINT ( 'NONE',  ( 0.5000000000000000000, 6.829128784747791900, -31.82000000000000000 ) ) ;
#3916 = DIRECTION ( 'NONE',  ( -0.9713211673318444800, 0.2377712974543041700, -0.0000000000000000000 ) ) ;
#3917 = ORIENTED_EDGE ( 'NONE', *, *, #85, .T. ) ;
#3918 = ORIENTED_EDGE ( 'NONE', *, *, #1904, .T. ) ;
#3919 = LINE ( 'NONE', #942, #3712 ) ;
#3920 = ORIENTED_EDGE ( 'NONE', *, *, #2582, .T. ) ;
#3921 = ORIENTED_EDGE ( 'NONE', *, *, #186, .T. ) ;
#3922 = PLANE ( 'NONE',  #3883 ) ;
#3923 = VECTOR ( 'NONE', #2944, 1000.000000000000100 ) ;
#3924 = DIRECTION ( 'NONE',  ( 1.000000000000000000, 0.0000000000000000000, 0.0000000000000000000 ) ) ;
#3925 = ORIENTED_EDGE ( 'NONE', *, *, #690, .T. ) ;
#3926 = ADVANCED_FACE ( 'NONE', ( #3705 ), #1743, .T. ) ;
#3927 = EDGE_CURVE ( 'NONE', #2422, #1576, #2905, .T. ) ;
#3928 = DIRECTION ( 'NONE',  ( -0.0000000000000000000, -1.000000000000000000, -0.0000000000000000000 ) ) ;
#3929 = FACE_OUTER_BOUND ( 'NONE', #3338, .T. ) ;
#3930 = DIRECTION ( 'NONE',  ( 0.0000000000000000000, 0.0000000000000000000, -1.000000000000000000 ) ) ;
#3931 = CARTESIAN_POINT ( 'NONE',  ( 0.5000000000000000000, 8.115190549955711300, 35.32000000000000700 ) ) ;
#3932 = CIRCLE ( 'NONE', #1699, 5.200000000000001100 ) ;
#3933 = ORIENTED_EDGE ( 'NONE', *, *, #1438, .F. ) ;
#3934 = ORIENTED_EDGE ( 'NONE', *, *, #290, .T. ) ;
#3935 = CARTESIAN_POINT ( 'NONE',  ( -0.5000000000000000000, 5.347871253749470800, -33.30492625585083000 ) ) ;
#3936 = DIRECTION ( 'NONE',  ( 0.0000000000000000000, 1.000000000000000000, 0.0000000000000000000 ) ) ;
#3937 =( BOUNDED_SURFACE ( )  B_SPLINE_SURFACE ( 3, 2, ( 
 ( #1231, #345, #3875 ),
 ( #31, #625, #962 ),
 ( #3908, #1965, #55 ),
 ( #3273, #365, #332 ) ),
 .UNSPECIFIED., .F., .F., .F. ) 
 B_SPLINE_SURFACE_WITH_KNOTS ( ( 4, 4 ),
 ( 3, 3 ),
 ( -5.417639640550470000E-006, 0.0003876378229406204600 ),
 ( 0.0000000000000000000, 1.000000000000000000 ),
 .UNSPECIFIED. ) 
 GEOMETRIC_REPRESENTATION_ITEM ( )  RATIONAL_B_SPLINE_SURFACE ( (
 ( 1.000000000000000000, 1.000000000000000000, 1.000000000000000000),
 ( 1.000000000000000000, 0.9997070406153050200, 1.000000000000000000),
 ( 1.000000000000000000, 0.9519577308347557700, 1.000000000000000000),
 ( 1.000000000000000000, 0.8833016889557269200, 1.000000000000000000) ) ) 
 REPRESENTATION_ITEM ( '' )  SURFACE ( )  );
#3938 = VERTEX_POINT ( 'NONE', #768 ) ;
#3939 = AXIS2_PLACEMENT_3D ( 'NONE', #2781, #848, #3094 ) ;
#3940 = CARTESIAN_POINT ( 'NONE',  ( -0.1515025447071712300, 5.861599587295106800, -31.85950358128193800 ) ) ;
#3941 = AXIS2_PLACEMENT_3D ( 'NONE', #1499, #1835, #3440 ) ;
#3942 = CARTESIAN_POINT ( 'NONE',  ( 0.0000000000000000000, 6.599999999999999600, 24.50000000000000000 ) ) ;
#3943 = DIRECTION ( 'NONE',  ( 1.000000000000000000, 0.0000000000000000000, -0.0000000000000000000 ) ) ;
#3944 = CARTESIAN_POINT ( 'NONE',  ( 0.5000000000000000000, 5.115190549955709500, -35.32000000000000700 ) ) ;
#3945 = ADVANCED_FACE ( 'NONE', ( #2033 ), #1105, .T. ) ;
#3946 = VERTEX_POINT ( 'NONE', #3730 ) ;
#3947 = VERTEX_POINT ( 'NONE', #2747 ) ;
#3948 = ADVANCED_FACE ( 'NONE', ( #3913 ), #3054, .T. ) ;
#3949 = EDGE_CURVE ( 'NONE', #1208, #3728, #699, .T. ) ;
#3950 = PERSON_AND_ORGANIZATION ( #3502, #1711 ) ;
#3951 = ORIENTED_EDGE ( 'NONE', *, *, #1816, .F. ) ;
#3952 = CARTESIAN_POINT ( 'NONE',  ( 0.4274294338098229000, 5.983717533015084000, -31.82000000000000000 ) ) ;
#3953 = DIRECTION ( 'NONE',  ( -1.000000000000000000, 0.0000000000000000000, 0.0000000000000000000 ) ) ;
#3954 = DIRECTION ( 'NONE',  ( 0.0000000000000000000, 0.0000000000000000000, 1.000000000000000000 ) ) ;
#3955 = DIRECTION ( 'NONE',  ( 0.0000000000000000000, 0.0000000000000000000, -1.000000000000000000 ) ) ;
#3956 = VECTOR ( 'NONE', #3357, 1000.000000000000000 ) ;
#3957 = ORIENTED_EDGE ( 'NONE', *, *, #2670, .F. ) ;
#3958 = AXIS2_PLACEMENT_3D ( 'NONE', #698, #1010, #1334 ) ;
#3959 = DIRECTION ( 'NONE',  ( -0.2636502354449243300, 0.9646183459533807000, -0.0000000000000000000 ) ) ;
#3960 = DIRECTION ( 'NONE',  ( -0.0000000000000000000, -0.0000000000000000000, -1.000000000000000000 ) ) ;
#3961 = EDGE_CURVE ( 'NONE', #2865, #3181, #3252, .T. ) ;
#3962 = FACE_OUTER_BOUND ( 'NONE', #1317, .T. ) ;
#3963 = EDGE_LOOP ( 'NONE', ( #193, #2715, #1122, #2829 ) ) ;
#3964 = CARTESIAN_POINT ( 'NONE',  ( -10.72000000000000200, 2.240000000000000200, -19.67000000000000200 ) ) ;
#3965 = LINE ( 'NONE', #4113, #460 ) ;
#3966 = CARTESIAN_POINT ( 'NONE',  ( 7.342426627394414300, 4.327157177433245600, 25.00000000000000000 ) ) ;
#3967 = ORIENTED_EDGE ( 'NONE', *, *, #2729, .F. ) ;
#3968 = CARTESIAN_POINT ( 'NONE',  ( -8.691243068228066800, 6.541951982200360200, 25.00000000000000000 ) ) ;
#3969 = ADVANCED_FACE ( 'NONE', ( #2393 ), #161, .T. ) ;
#3971 = CARTESIAN_POINT ( 'NONE',  ( 6.982355285352881000, 6.592120282318093800, 25.00000000000000000 ) ) ;
#3970 = VECTOR ( 'NONE', #2884, 1000.000000000000000 ) ;
#3972 = VERTEX_POINT ( 'NONE', #2425 ) ;
#3973 = ORIENTED_EDGE ( 'NONE', *, *, #997, .T. ) ;
#3974 = ORIENTED_EDGE ( 'NONE', *, *, #879, .T. ) ;
#3975 = CIRCLE ( 'NONE', #1388, 5.000000000000000900 ) ;
#3976 = DIRECTION ( 'NONE',  ( 0.0000000000000000000, 1.000000000000000000, 0.0000000000000000000 ) ) ;
#3977 = DIRECTION ( 'NONE',  ( 0.0000000000000000000, 0.0000000000000000000, 1.000000000000000000 ) ) ;
#3978 = LINE ( 'NONE', #3714, #1682 ) ;
#3979 = LINE ( 'NONE', #3684, #3723 ) ;
#3980 = CARTESIAN_POINT ( 'NONE',  ( -8.841416062994849100, 7.931731481647180000, 25.00000000000000000 ) ) ;
#3981 = ORIENTED_EDGE ( 'NONE', *, *, #1060, .F. ) ;
#3982 = DIRECTION ( 'NONE',  ( -0.0000000000000000000, -0.0000000000000000000, 1.000000000000000000 ) ) ;
#3983 = ORIENTED_EDGE ( 'NONE', *, *, #3871, .F. ) ;
#3984 = EDGE_CURVE ( 'NONE', #3056, #2321, #652, .T. ) ;
#3985 = CARTESIAN_POINT ( 'NONE',  ( 14.48000000000000600, 0.0000000000000000000, 14.99999999999999800 ) ) ;
#3986 = CARTESIAN_POINT ( 'NONE',  ( 0.0000000000000000000, 6.599999999999999600, 24.80000000000000400 ) ) ;
#3987 = EDGE_CURVE ( 'NONE', #3947, #1877, #4021, .T. ) ;
#3988 = ORIENTED_EDGE ( 'NONE', *, *, #314, .T. ) ;
#3989 = CARTESIAN_POINT ( 'NONE',  ( 4.800000000000001600, 6.599999999999999600, -24.69999999999999900 ) ) ;
#3990 = ADVANCED_FACE ( 'NONE', ( #2286 ), #1982, .T. ) ;
#3991 = DIRECTION ( 'NONE',  ( 0.9231850650931188200, -0.3843557409341166200, 0.0000000000000000000 ) ) ;
#3992 = ADVANCED_FACE ( 'NONE', ( #408 ), #4044, .F. ) ;
#3993 = DIRECTION ( 'NONE',  ( 0.0000000000000000000, -1.000000000000000000, 0.0000000000000000000 ) ) ;
#3994 = EDGE_CURVE ( 'NONE', #3130, #1442, #1411, .T. ) ;
#3995 = EDGE_LOOP ( 'NONE', ( #995, #999, #912, #1083, #190, #3726 ) ) ;
#3996 = AXIS2_PLACEMENT_3D ( 'NONE', #2524, #4143, #2833 ) ;
#3997 = CARTESIAN_POINT ( 'NONE',  ( -0.5000000000000000000, 8.115190549955711300, -35.32000000000000700 ) ) ;
#3998 = CARTESIAN_POINT ( 'NONE',  ( -0.5000000000000000000, 7.882509846161931400, 33.30492625585084500 ) ) ;
#3999 = ORIENTED_EDGE ( 'NONE', *, *, #2892, .F. ) ;
#4000 = PERSON_AND_ORGANIZATION ( #3502, #1711 ) ;
#4001 = ORIENTED_EDGE ( 'NONE', *, *, #3003, .T. ) ;
#4002 = PLANE ( 'NONE',  #2474 ) ;
#4003 = DIRECTION ( 'NONE',  ( -0.0000000000000000000, 1.000000000000000000, -0.0000000000000000000 ) ) ;
#4004 = LINE ( 'NONE', #1500, #790 ) ;
#4005 = CARTESIAN_POINT ( 'NONE',  ( 0.0000000000000000000, 6.599999999999999600, -24.50000000000000000 ) ) ;
#4006 = EDGE_CURVE ( 'NONE', #3048, #254, #163, .T. ) ;
#4007 = DIRECTION ( 'NONE',  ( 0.0000000000000000000, 0.0000000000000000000, 1.000000000000000000 ) ) ;
#4008 = ADVANCED_FACE ( 'NONE', ( #3196 ), #2338, .T. ) ;
#4009 = B_SPLINE_CURVE_WITH_KNOTS ( 'NONE', 3,
 ( #2330, #3254, #1658, #3940, #3294, #2675, #3593, #3952 ),
 .UNSPECIFIED., .F., .F.,
 ( 4, 2, 2, 4 ),
 ( 0.0000000000000000000, 0.0002287243196606264500, 0.0004574486393212528900, 0.0009148972786425057900 ),
 .UNSPECIFIED. ) ;
#4010 = AXIS2_PLACEMENT_3D ( 'NONE', #2844, #3867, #1920 ) ;
#4011 = CYLINDRICAL_SURFACE ( 'NONE', #2193, 4.250000000000000000 ) ;
#4012 = ORIENTED_EDGE ( 'NONE', *, *, #1221, .T. ) ;
#4013 = CARTESIAN_POINT ( 'NONE',  ( 0.5000000000000000000, 6.829128784747791900, 31.82000000000000000 ) ) ;
#4014 = LINE ( 'NONE', #2176, #1297 ) ;
#4015 = ORIENTED_EDGE ( 'NONE', *, *, #3733, .T. ) ;
#4016 = DIRECTION ( 'NONE',  ( 0.0000000000000000000, 0.0000000000000000000, -1.000000000000000000 ) ) ;
#4017 = DIRECTION ( 'NONE',  ( 0.0000000000000000000, 0.0000000000000000000, 1.000000000000000000 ) ) ;
#4018 = CARTESIAN_POINT ( 'NONE',  ( -6.982355285352882700, 7.157736418631229100, -25.00000000000000000 ) ) ;
#4019 = EDGE_CURVE ( 'NONE', #2812, #99, #603, .T. ) ;
#4020 = ORIENTED_EDGE ( 'NONE', *, *, #1649, .F. ) ;
#4021 = LINE ( 'NONE', #1766, #3152 ) ;
#4022 = FACE_OUTER_BOUND ( 'NONE', #3963, .T. ) ;
#4023 = ORIENTED_EDGE ( 'NONE', *, *, #3463, .T. ) ;
#4024 = AXIS2_PLACEMENT_3D ( 'NONE', #1094, #3023, #1761 ) ;
#4025 = ORIENTED_EDGE ( 'NONE', *, *, #3910, .F. ) ;
#4026 = DIRECTION ( 'NONE',  ( -1.000000000000000000, 0.0000000000000000000, 0.0000000000000000000 ) ) ;
#4027 = ORIENTED_EDGE ( 'NONE', *, *, #4098, .F. ) ;
#4028 = TOROIDAL_SURFACE ( 'NONE', #2994, 0.5500000000000000400, 0.2000000000000000100 ) ;
#4029 = ORIENTED_EDGE ( 'NONE', *, *, #1193, .F. ) ;
#4030 = ORIENTED_EDGE ( 'NONE', *, *, #186, .F. ) ;
#4031 = LINE ( 'NONE', #2646, #1066 ) ;
#4032 = CARTESIAN_POINT ( 'NONE',  ( 0.5000000000000002200, 6.129403322803918600, -31.76877031889994300 ) ) ;
#4033 = CARTESIAN_POINT ( 'NONE',  ( -14.48000000000000000, 0.0000000000000000000, -15.00000000000000000 ) ) ;
#4034 = AXIS2_PLACEMENT_3D ( 'NONE', #1680, #3103, #1432 ) ;
#4035 = FACE_OUTER_BOUND ( 'NONE', #3670, .T. ) ;
#4036 = CIRCLE ( 'NONE', #1817, 0.1999999999999996500 ) ;
#4037 = CIRCLE ( 'NONE', #2734, 0.7500000000000000000 ) ;
#4038 = DIRECTION ( 'NONE',  ( 0.0000000000000000000, -0.9921014462159973800, 0.1254381138893856100 ) ) ;
#4039 = ORIENTED_EDGE ( 'NONE', *, *, #703, .T. ) ;
#4040 = CARTESIAN_POINT ( 'NONE',  ( -14.48000000000000000, 2.240000000000000200, -25.00000000000000000 ) ) ;
#4041 = CARTESIAN_POINT ( 'NONE',  ( -4.800000000000001600, 6.599999999999998800, -24.50000000000000000 ) ) ;
#4042 = AXIS2_PLACEMENT_3D ( 'NONE', #884, #2505, #235 ) ;
#4043 = EDGE_CURVE ( 'NONE', #3837, #1065, #73, .T. ) ;
#4044 = PLANE ( 'NONE',  #814 ) ;
#4045 = ORIENTED_EDGE ( 'NONE', *, *, #2095, .F. ) ;
#4046 = ORIENTED_EDGE ( 'NONE', *, *, #453, .T. ) ;
#4047 = AXIS2_PLACEMENT_3D ( 'NONE', #3437, #2131, #1123 ) ;
#4048 = VERTEX_POINT ( 'NONE', #864 ) ;
#4049 = CARTESIAN_POINT ( 'NONE',  ( -0.5000000000000000000, 7.412302065558553600, 31.90791125051582700 ) ) ;
#4050 = DIRECTION ( 'NONE',  ( -0.9713211673318441500, -0.2377712974543051100, 0.0000000000000000000 ) ) ;
#4051 = DIRECTION ( 'NONE',  ( 0.0000000000000000000, 0.0000000000000000000, 1.000000000000000000 ) ) ;
#4052 = DIRECTION ( 'NONE',  ( 0.0000000000000000000, 0.0000000000000000000, 1.000000000000000000 ) ) ;
#4053 = DIRECTION ( 'NONE',  ( 0.0000000000000000000, 0.0000000000000000000, 1.000000000000000000 ) ) ;
#4054 = VECTOR ( 'NONE', #56, 1000.000000000000000 ) ;
#4055 = ORIENTED_EDGE ( 'NONE', *, *, #3079, .T. ) ;
#4056 = DIRECTION ( 'NONE',  ( 0.0000000000000000000, -1.000000000000000000, 0.0000000000000000000 ) ) ;
#4057 = B_SPLINE_CURVE_WITH_KNOTS ( 'NONE', 3,
 ( #1176, #2222, #275, #2558, #598, #2888, #2275, #3586 ),
 .UNSPECIFIED., .F., .F.,
 ( 4, 2, 2, 4 ),
 ( 0.0000000000000000000, 0.0002126887981858453700, 0.0003190331972787724000, 0.0004253775963716994200 ),
 .UNSPECIFIED. ) ;
#4058 = EDGE_CURVE ( 'NONE', #2927, #1468, #249, .T. ) ;
#4059 = VECTOR ( 'NONE', #2563, 1000.000000000000000 ) ;
#4060 = ORIENTED_EDGE ( 'NONE', *, *, #140, .T. ) ;
#4061 = CARTESIAN_POINT ( 'NONE',  ( -6.982355285352882700, 6.592120282318093800, -25.00000000000000000 ) ) ;
#4062 = EDGE_CURVE ( 'NONE', #2536, #932, #2230, .T. ) ;
#4063 = VECTOR ( 'NONE', #2736, 1000.000000000000200 ) ;
#4065 = CARTESIAN_POINT ( 'NONE',  ( 0.4999999999999998900, 6.900578194372986500, 31.82000000000000700 ) ) ;
#4064 = FACE_OUTER_BOUND ( 'NONE', #3100, .T. ) ;
#4066 = DIRECTION ( 'NONE',  ( 0.4615920579147523900, -0.8870923131613889200, 0.0000000000000000000 ) ) ;
#4067 = ORIENTED_EDGE ( 'NONE', *, *, #1496, .F. ) ;
#4068 = LINE ( 'NONE', #724, #3868 ) ;
#4069 = AXIS2_PLACEMENT_3D ( 'NONE', #2199, #1858, #3177 ) ;
#4070 = CARTESIAN_POINT ( 'NONE',  ( 0.3799029234540221000, 7.246663566896332400, -31.82000000000000000 ) ) ;
#4071 = VERTEX_POINT ( 'NONE', #3144 ) ;
#4072 = CARTESIAN_POINT ( 'NONE',  ( 6.911958682988795600, 0.0000000000000000000, -25.00000000000000000 ) ) ;
#4073 = DIRECTION ( 'NONE',  ( 0.0000000000000000000, 0.0000000000000000000, 1.000000000000000000 ) ) ;
#4074 = VERTEX_POINT ( 'NONE', #2803 ) ;
#4075 = ORIENTED_EDGE ( 'NONE', *, *, #1941, .F. ) ;
#4076 = ORIENTED_EDGE ( 'NONE', *, *, #1805, .T. ) ;
#4077 = VECTOR ( 'NONE', #779, 1000.000000000000000 ) ;
#4078 = EDGE_CURVE ( 'NONE', #1950, #1741, #2756, .T. ) ;
#4079 = AXIS2_PLACEMENT_3D ( 'NONE', #2220, #3175, #1216 ) ;
#4080 = DIRECTION ( 'NONE',  ( -0.9995693533488074800, -0.02934463913301625000, 0.0000000000000000000 ) ) ;
#4081 = LINE ( 'NONE', #3750, #917 ) ;
#4082 = CIRCLE ( 'NONE', #3172, 2.492694426093549500 ) ;
#4083 = VERTEX_POINT ( 'NONE', #1184 ) ;
#4084 = DIRECTION ( 'NONE',  ( 0.0000000000000000000, 0.0000000000000000000, -1.000000000000000000 ) ) ;
#4085 = VERTEX_POINT ( 'NONE', #3422 ) ;
#4086 = VECTOR ( 'NONE', #1185, 1000.000000000000000 ) ;
#4087 = DIRECTION ( 'NONE',  ( 0.9646183459533805800, 0.2636502354449246600, -0.0000000000000000000 ) ) ;
#4088 = DIRECTION ( 'NONE',  ( -1.000000000000000000, 0.0000000000000000000, 0.0000000000000000000 ) ) ;
#4089 = DIRECTION ( 'NONE',  ( -0.9973766537247332800, 0.07238653607442120700, 0.0000000000000000000 ) ) ;
#4090 = EDGE_CURVE ( 'NONE', #1451, #51, #2652, .T. ) ;
#4091 = ORIENTED_EDGE ( 'NONE', *, *, #747, .F. ) ;
#4092 = CARTESIAN_POINT ( 'NONE',  ( -8.841416062994849100, 7.931731481647180000, -25.00000000000000000 ) ) ;
#4093 = DIRECTION ( 'NONE',  ( 0.0000000000000000000, 0.0000000000000000000, 1.000000000000000000 ) ) ;
#4094 = PLANE ( 'NONE',  #3787 ) ;
#4095 = DIRECTION ( 'NONE',  ( 1.000000000000000000, 0.0000000000000000000, 0.0000000000000000000 ) ) ;
#4096 = AXIS2_PLACEMENT_3D ( 'NONE', #586, #534, #247 ) ;
#4097 = ORIENTED_EDGE ( 'NONE', *, *, #899, .F. ) ;
#4098 = EDGE_CURVE ( 'NONE', #1233, #81, #1149, .T. ) ;
#4099 = DIRECTION ( 'NONE',  ( 0.0000000000000000000, 0.0000000000000000000, 1.000000000000000000 ) ) ;
#4100 = CARTESIAN_POINT ( 'NONE',  ( 0.5000000000000000000, 8.115190549955711300, -35.32000000000000700 ) ) ;
#4101 = CARTESIAN_POINT ( 'NONE',  ( 6.911958682988795600, 2.389310821482963000, 25.00000000000000000 ) ) ;
#4102 = EDGE_LOOP ( 'NONE', ( #1096, #901, #3715, #892 ) ) ;
#4103 = APPROVAL_PERSON_ORGANIZATION ( #3537, #225, #3165 ) ;
#4104 = ORIENTED_EDGE ( 'NONE', *, *, #1221, .F. ) ;
#4105 = CARTESIAN_POINT ( 'NONE',  ( 10.72000000000000400, 0.0000000000000000000, 21.58999999999999600 ) ) ;
#4106 = LINE ( 'NONE', #2109, #3187 ) ;
#4107 = CARTESIAN_POINT ( 'NONE',  ( -0.5000000000000000000, 6.370871215252207300, 31.82000000000000000 ) ) ;
#4108 = DIRECTION ( 'NONE',  ( -1.000000000000000000, 0.0000000000000000000, 0.0000000000000000000 ) ) ;
#4109 = CARTESIAN_POINT ( 'NONE',  ( -8.841416062994849100, 7.931731481647180000, -25.00000000000000000 ) ) ;
#4110 = CYLINDRICAL_SURFACE ( 'NONE', #90, 1.590000000000008100 ) ;
#4111 = ORIENTED_EDGE ( 'NONE', *, *, #2892, .T. ) ;
#4112 = CARTESIAN_POINT ( 'NONE',  ( 0.0000000000000000000, 6.599999999999999600, 24.69999999999999900 ) ) ;
#4113 = CARTESIAN_POINT ( 'NONE',  ( -6.982355285352882700, 5.644551875750796200, -25.00000000000000000 ) ) ;
#4114 = CARTESIAN_POINT ( 'NONE',  ( -8.530284146270677300, 3.231394751068567700, 25.00000000000000000 ) ) ;
#4115 = CYLINDRICAL_SURFACE ( 'NONE', #2726, 0.7500000000000000000 ) ;
#4116 = VERTEX_POINT ( 'NONE', #1843 ) ;
#4117 = CARTESIAN_POINT ( 'NONE',  ( 0.5000000000000000000, 6.615190549955709500, 34.02000000000000300 ) ) ;
#4118 = ORIENTED_EDGE ( 'NONE', *, *, #3994, .T. ) ;
#4119 = CIRCLE ( 'NONE', #445, 0.7500000000000000000 ) ;
#4120 = FACE_OUTER_BOUND ( 'NONE', #3515, .T. ) ;
#4121 = EDGE_CURVE ( 'NONE', #414, #1913, #3965, .T. ) ;
#4122 = ORIENTED_EDGE ( 'NONE', *, *, #722, .F. ) ;
#4123 = CARTESIAN_POINT ( 'NONE',  ( -8.691243068228066800, 6.541951982200360200, 25.00000000000000000 ) ) ;
#4124 = VERTEX_POINT ( 'NONE', #2162 ) ;
#4125 = CARTESIAN_POINT ( 'NONE',  ( 14.48000000000000600, 2.240000000000000200, 14.99999999999999800 ) ) ;
#4126 = LINE ( 'NONE', #1867, #1419 ) ;
#4127 = ORIENTED_EDGE ( 'NONE', *, *, #577, .F. ) ;
#4128 = ORIENTED_EDGE ( 'NONE', *, *, #1034, .T. ) ;
#4129 = CIRCLE ( 'NONE', #3126, 0.7500000000000000000 ) ;
#4130 = DIRECTION ( 'NONE',  ( 1.000000000000000000, 0.0000000000000000000, 0.0000000000000000000 ) ) ;
#4131 = CIRCLE ( 'NONE', #398, 0.1999999999999987900 ) ;
#4132 = DIRECTION ( 'NONE',  ( -1.000000000000000000, 0.0000000000000000000, 0.0000000000000000000 ) ) ;
#4133 = ORIENTED_EDGE ( 'NONE', *, *, #3186, .T. ) ;
#4134 = LINE ( 'NONE', #1763, #3371 ) ;
#4135 = CARTESIAN_POINT ( 'NONE',  ( 0.5000000000000000000, 5.115190549955709500, 35.32000000000000700 ) ) ;
#4136 = EDGE_CURVE ( 'NONE', #4071, #1710, #3501, .T. ) ;
#4137 = AXIS2_PLACEMENT_3D ( 'NONE', #3091, #2085, #2100 ) ;
#4138 = CARTESIAN_POINT ( 'NONE',  ( -0.4999999999999998900, 7.159016994374948000, -31.61999999999999400 ) ) ;
#4139 = ORIENTED_EDGE ( 'NONE', *, *, #1910, .F. ) ;
#4140 = ORIENTED_EDGE ( 'NONE', *, *, #3651, .F. ) ;
#4141 = CARTESIAN_POINT ( 'NONE',  ( 0.0000000000000000000, 7.349999999999999600, -31.82000000000000000 ) ) ;
#4142 = DIRECTION ( 'NONE',  ( -0.0000000000000000000, -0.0000000000000000000, 1.000000000000000000 ) ) ;
#4143 = DIRECTION ( 'NONE',  ( 0.0000000000000000000, 0.0000000000000000000, -1.000000000000000000 ) ) ;
#4144 = PERSON_AND_ORGANIZATION_ROLE ( 'creator' ) ;
#4145 = CARTESIAN_POINT ( 'NONE',  ( 0.5000000000000000000, 6.040983005625052200, -31.82000000000000000 ) ) ;
#4146 = EDGE_CURVE ( 'NONE', #201, #1886, #1206, .T. ) ;
#4147 = EDGE_LOOP ( 'NONE', ( #65, #1906, #3106, #3168 ) ) ;
#4148 = VERTEX_POINT ( 'NONE', #1857 ) ;
#4149 = ORIENTED_EDGE ( 'NONE', *, *, #3994, .F. ) ;
#4150 = ORIENTED_EDGE ( 'NONE', *, *, #202, .T. ) ;
#4151 = VERTEX_POINT ( 'NONE', #1800 ) ;
#4152 = DIRECTION ( 'NONE',  ( -1.000000000000000000, 0.0000000000000000000, 0.0000000000000000000 ) ) ;
#4153 = DIRECTION ( 'NONE',  ( -0.9646183459533804700, 0.2636502354449251100, 0.0000000000000000000 ) ) ;
#4154 = DIRECTION ( 'NONE',  ( -1.000000000000000000, 0.0000000000000000000, 0.0000000000000000000 ) ) ;
#4155 = VECTOR ( 'NONE', #1542, 1000.000000000000000 ) ;
#4156 = AXIS2_PLACEMENT_3D ( 'NONE', #335, #3976, #3303 ) ;
#4157 = CARTESIAN_POINT ( 'NONE',  ( 0.5000000000000000000, 7.412302065558552800, -31.90791125051582700 ) ) ;
#4158 = VECTOR ( 'NONE', #1340, 1000.000000000000000 ) ;
#4159 = ORIENTED_EDGE ( 'NONE', *, *, #3858, .F. ) ;
#4160 = DIRECTION ( 'NONE',  ( -0.2636502354449246600, -0.9646183459533805800, 0.0000000000000000000 ) ) ;
#4161 = VECTOR ( 'NONE', #215, 1000.000000000000100 ) ;
#4162 = ORIENTED_EDGE ( 'NONE', *, *, #3414, .F. ) ;
#4163 = CARTESIAN_POINT ( 'NONE',  ( -6.911958682988797300, 2.240000000000000200, -25.00000000000000000 ) ) ;
#4164 = PLANE ( 'NONE',  #2062 ) ;
#4165 = EDGE_CURVE ( 'NONE', #468, #1814, #904, .T. ) ;
#4166 = CIRCLE ( 'NONE', #1039, 0.6000000000000033100 ) ;
#4167 = DIRECTION ( 'NONE',  ( 1.000000000000000000, 0.0000000000000000000, 0.0000000000000000000 ) ) ;
#4168 = CARTESIAN_POINT ( 'NONE',  ( -2.296212748401288700E-017, 7.349999999999998800, -31.82000000000000000 ) ) ;
#4169 = DIRECTION ( 'NONE',  ( 0.0000000000000000000, 0.0000000000000000000, -1.000000000000000000 ) ) ;
#4170 = AXIS2_PLACEMENT_3D ( 'NONE', #1728, #1103, #3051 ) ;
#4171 = EDGE_LOOP ( 'NONE', ( #353, #3828, #3754 ) ) ;
#4172 = ORIENTED_EDGE ( 'NONE', *, *, #2320, .T. ) ;
#4173 = FACE_OUTER_BOUND ( 'NONE', #3085, .T. ) ;
#4174 = ORIENTED_EDGE ( 'NONE', *, *, #2746, .F. ) ;
#4175 = CARTESIAN_POINT ( 'NONE',  ( -0.7500000000000000000, 6.599999999999999600, 25.00000000000000000 ) ) ;
#4176 = ORIENTED_EDGE ( 'NONE', *, *, #2918, .T. ) ;
#4177 = VERTEX_POINT ( 'NONE', #826 ) ;
#4178 = VECTOR ( 'NONE', #2146, 1000.000000000000200 ) ;
#4179 = AXIS2_PLACEMENT_3D ( 'NONE', #2307, #2626, #2009 ) ;
#4180 = EDGE_LOOP ( 'NONE', ( #3845, #336, #3053, #2657 ) ) ;
#4181 = EDGE_CURVE ( 'NONE', #2810, #381, #4014, .T. ) ;
#4182 = CARTESIAN_POINT ( 'NONE',  ( 0.0000000000000000000, 6.599999999999999600, -24.69999999999999900 ) ) ;
#4183 = VECTOR ( 'NONE', #1469, 1000.000000000000000 ) ;
#4184 = PLANE ( 'NONE',  #3802 ) ;
#4185 = LINE ( 'NONE', #3863, #218 ) ;
#4186 = ADVANCED_FACE ( 'NONE', ( #2959 ), #506, .T. ) ;
#4187 = AXIS2_PLACEMENT_3D ( 'NONE', #1996, #1288, #3607 ) ;
#4188 = ORIENTED_EDGE ( 'NONE', *, *, #42, .F. ) ;
#4189 = DIRECTION ( 'NONE',  ( -0.2636502354449246600, 0.9646183459533805800, -0.0000000000000000000 ) ) ;
#4190 = FACE_OUTER_BOUND ( 'NONE', #2257, .T. ) ;
#4191 = CARTESIAN_POINT ( 'NONE',  ( 0.1342982894214636600, 7.368976009361734500, 31.84574887064748700 ) ) ;
#4192 = DIRECTION ( 'NONE',  ( 0.0000000000000000000, 0.0000000000000000000, 1.000000000000000000 ) ) ;
#4193 = AXIS2_PLACEMENT_3D ( 'NONE', #1883, #597, #3529 ) ;
ENDSEC;
END-ISO-10303-21;
